order_id,member_id,game_id,quantity,unit_price,order_date,promotion_id
1,106,G0067,2,207.06,2025-02-01 09:11:00,0
2,233,G0006,1,65.4,2024-11-27 15:02:00,0
3,267,G0036,3,99.02,2024-09-26 14:37:00,0
4,292,G0023,2,52.23,2025-01-22 12:40:00,0
5,40,G0067,2,207.06,2025-01-20 12:46:00,PROMO02
6,265,G0052,2,212.87,2024-12-19 16:57:00,0
7,247,G0078,1,244.12,2025-05-28 09:29:00,PROMO04
8,85,G0030,1,212.39,2025-06-10 15:49:00,0
9,109,G0020,1,74.45,2024-06-10 10:42:00,0
10,61,G0030,2,212.39,2024-12-04 09:16:00,0
11,247,G0062,2,100.05,2024-08-03 13:50:00,0
12,211,G0003,1,150.98,2024-02-14 17:03:00,0
13,83,G0018,3,221.9,2025-06-08 15:35:00,0
14,294,G0019,1,354.11,2024-06-19 15:56:00,0
15,93,G0067,2,207.06,2024-01-20 15:39:00,PROMO03
16,44,G0028,2,74.77,2025-04-27 16:56:00,PROMO02
17,113,G0053,3,64.52,2024-05-26 13:03:00,0
18,94,G0080,3,138.35,2025-06-07 10:31:00,0
19,176,G0059,3,200.65,2024-03-11 16:46:00,0
20,198,G0017,1,148.16,2024-01-17 13:38:00,0
21,259,G0054,1,366.84,2024-04-08 13:52:00,0
22,20,G0069,3,80.63,2024-04-30 12:27:00,0
23,67,G0078,3,244.12,2024-01-02 10:40:00,PROMO04
24,268,G0054,-2,366.84,2024-02-14 17:25:00,0
25,220,G0030,2,212.39,2025-01-25 16:52:00,0
26,295,G0013,2,273.26,2024-05-17 14:07:00,0
27,120,G0011,2,104.53,2025-02-22 12:15:00,0
28,3,G0001,3,124.6,2025-06-19 16:05:00,0
29,4,G0049,3,120.16,2024-07-29 13:42:00,0
30,162,G0053,-2,64.52,2024-04-19 12:13:00,0
31,300,G0033,2,217.97,2025-03-09 13:19:00,0
32,142,G0051,1,255.86,2025-02-27 11:50:00,0
33,286,G0062,1,100.05,2025-01-14 09:21:00,0
34,248,G0033,2,217.97,2024-12-18 13:08:00,0
35,204,G0018,3,221.9,2024-05-01 16:01:00,0
36,229,G0021,1,145.46,2024-08-07 09:13:00,0
37,174,G0071,3,106.46,2024-02-23 16:54:00,0
38,3,G0012,1,305.64,2025-04-27 16:32:00,PROMO04
39,46,G0009,2,176.47,2024-08-15 11:59:00,0
40,20,G0050,2,209.49,2025-06-17 14:12:00,0
41,30,G0023,3,52.23,2025-05-21 10:21:00,0
42,104,G0067,2,207.06,2024-07-18 15:09:00,0
43,262,G0067,3,207.06,2024-08-25 15:23:00,0
44,19,G0047,1,224.62,2024-01-01 12:33:00,PROMO01
45,142,G0052,2,212.87,2025-02-08 09:48:00,0
46,103,G0067,1,207.06,2024-03-11 17:22:00,PROMO03
47,287,G0075,2,58.76,2024-12-21 13:46:00,PROMO03
48,116,G0078,1,244.12,2025-04-10 17:37:00,PROMO01
49,134,G0023,2,52.23,2025-06-02 15:17:00,0
50,38,G0065,2,277.19,2024-12-14 16:54:00,PROMO03
51,276,G0074,2,157.49,2025-03-29 15:26:00,PROMO04
52,125,G0044,2,283.11,2025-04-16 10:09:00,PROMO01
53,247,G0015,2,191.62,2024-03-10 12:57:00,0
54,113,G0030,2,212.39,2025-02-26 13:54:00,PROMO01
55,135,G0032,2,84.76,2024-04-05 13:02:00,0
56,176,G0010,3,273.15,2024-07-01 09:54:00,0
57,182,G0028,3,74.77,2024-10-02 13:56:00,0
58,98,G0064,3,85.91,2024-07-23 10:49:00,0
59,124,G0034,1,227.51,2024-08-22 15:15:00,0
60,128,G0080,2,138.35,2024-06-08 15:37:00,0
61,62,G0011,3,104.53,2025-05-19 17:32:00,0
62,278,G0006,2,65.4,2025-01-15 15:37:00,0
63,253,G0074,2,157.49,2025-05-17 12:36:00,0
64,262,G0036,2,99.02,2024-08-15 17:38:00,0
65,66,G0007,3,55.49,2025-03-09 12:30:00,0
66,277,G0005,-3,289.63,2024-12-21 11:41:00,0
67,90,G0059,1,200.65,2025-06-14 17:31:00,0
68,5,G0002,3,51.59,2024-08-03 12:00:00,0
69,52,G0042,2,256.09,2024-09-22 09:02:00,0
70,135,G0031,2,339.08,2025-04-27 13:57:00,PROMO03
71,188,G0024,2,136.07,2025-03-10 16:54:00,0
72,191,G0047,2,224.62,2024-10-13 10:35:00,0
73,293,G0017,3,148.16,2024-08-22 13:10:00,0
74,139,G0031,3,339.08,2025-03-18 10:46:00,PROMO02
75,75,G0020,2,74.45,2024-01-10 15:08:00,0
76,256,G0018,3,221.9,2025-06-13 13:22:00,0
77,162,G0063,2,121.9,2024-09-13 11:19:00,0
78,291,G0007,2,55.49,2024-04-11 11:00:00,0
79,31,G0028,2,74.77,2025-05-02 14:48:00,0
80,50,G0058,-3,231.17,2024-12-08 15:30:00,0
81,185,G0072,3,366.53,2024-09-20 17:18:00,0
82,211,G0016,2,233.36,2024-07-22 12:30:00,0
83,276,G0023,2,52.23,,0
84,262,G0063,3,121.9,2025-04-02 16:26:00,PROMO04
85,147,G0060,-3,216.3,2024-05-28 14:31:00,PROMO03
86,216,G0079,3,243.27,2025-02-18 15:20:00,0
87,37,G0011,1,104.53,2024-12-17 09:49:00,0
88,163,G0038,3,355.75,2024-09-30 11:14:00,0
89,203,G0035,2,169.53,2025-01-06 15:08:00,0
90,267,G0058,2,231.17,2024-06-20 16:31:00,0
91,12,G0017,3,148.16,2024-08-28 12:53:00,0
92,41,G0027,1,76.44,2025-02-10 16:22:00,0
93,33,G0061,3,172.06,2024-02-25 16:02:00,0
94,204,G9004,1,125.73,2024-04-16 12:58:00,0
95,80,G0011,3,104.53,2025-02-03 17:26:00,0
96,127,G0037,2,217.09,2024-05-09 11:10:00,0
97,88,G0004,1,107.07,2024-12-31 11:36:00,PROMO03
98,244,G0060,3,216.3,2024-10-05 15:19:00,0
99,70,G0070,1,49.92,2025-04-12 14:56:00,0
100,289,G0056,3,278.01,2024-11-13 10:17:00,PROMO04
101,277,G0030,1,212.39,2025-03-28 16:33:00,0
102,212,G0034,1,227.51,2024-11-06 10:32:00,0
103,938,G0018,2,221.9,2024-10-20 16:14:00,0
104,5,G0063,2,121.9,2024-11-02 09:29:00,0
105,221,G0038,3,355.75,2024-08-24 16:06:00,0
106,281,G0048,1,116.64,2025-02-25 16:38:00,PROMO04
107,203,G0032,-1,84.76,2025-02-03 16:45:00,0
108,113,G0034,1,227.51,2025-03-08 14:57:00,0
109,265,G0079,3,243.27,2024-10-05 13:19:00,0
110,273,G0035,2,169.53,2024-07-11 15:17:00,PROMO02
111,70,G0038,1,355.75,2025-04-11 11:32:00,0
112,140,G0080,2,138.35,2024-07-11 16:41:00,0
113,78,G0007,3,55.49,2024-01-23 14:59:00,0
114,53,G0037,2,217.09,2024-05-08 13:01:00,0
115,5,G0030,1,212.39,2024-06-03 13:14:00,0
116,112,G0044,2,283.11,2024-11-15 14:15:00,0
117,256,G0048,2,116.64,2024-02-02 09:15:00,0
118,75,G0008,2,134.23,2025-02-05 10:27:00,0
119,241,G0024,1,136.07,2024-09-13 11:52:00,0
120,7,G0016,3,233.36,2024-09-11 10:01:00,0
121,227,G0032,3,84.76,2024-02-04 12:48:00,0
122,49,G0067,3,207.06,2024-08-01 15:37:00,0
123,160,G0042,1,256.09,2024-02-13 14:36:00,0
124,282,G0067,1,207.06,2024-09-16 13:40:00,0
125,153,G0026,2,81.24,2024-02-23 16:06:00,PROMO02
126,58,G0031,3,339.08,2025-03-20 14:44:00,0
127,86,G0036,3,99.02,2024-05-02 09:14:00,0
128,125,G0002,1,51.59,2025-05-01 15:30:00,0
129,80,G0048,1,116.64,2024-09-11 14:40:00,0
130,47,G0080,2,138.35,2024-03-02 14:36:00,0
131,79,G0069,1,80.63,2024-05-08 14:19:00,0
132,163,G0072,3,366.53,2024-12-21 13:23:00,0
133,225,G0025,1,216.35,2025-01-21 09:28:00,0
134,69,G0033,1,217.97,2025-05-11 14:02:00,0
135,287,G0038,3,355.75,2025-05-16 16:43:00,0
136,96,G0070,2,49.92,2024-11-27 11:05:00,0
137,141,G0077,3,171.46,2024-06-13 14:27:00,0
138,80,G0058,2,231.17,2024-09-26 09:39:00,0
139,233,G0001,3,124.6,2025-06-02 12:04:00,0
140,95,G0003,3,150.98,2025-01-07 12:59:00,0
141,123,G0042,3,256.09,2024-03-05 17:22:00,0
142,276,G0050,1,209.49,,0
143,283,G0020,3,74.45,2024-10-16 11:39:00,0
144,165,G0015,1,191.62,2025-06-19 12:33:00,0
145,23,G0017,1,148.16,2024-02-02 17:38:00,0
146,249,G0025,1,216.35,2024-02-02 16:45:00,0
147,199,G0063,3,-121.9,2024-09-19 09:28:00,0
148,114,G0078,3,244.12,2024-03-13 11:49:00,0
149,107,G0063,1,121.9,2025-04-24 16:22:00,0
150,32,G0047,3,224.62,2025-03-01 09:32:00,0
151,30,G0079,2,243.27,2025-06-25 16:09:00,0
152,37,G0039,1,266.45,2024-08-09 11:37:00,PROMO01
153,52,G0030,3,212.39,2025-01-29 17:15:00,0
154,270,G0032,3,84.76,2024-07-02 11:41:00,0
155,286,G0054,3,366.84,2024-04-18 12:48:00,0
156,296,G0046,3,255.5,2025-04-14 14:51:00,0
157,219,G0014,1,297.49,2024-07-03 10:55:00,0
158,259,G0044,-3,283.11,2024-06-10 14:07:00,0
159,227,G0046,2,255.5,2024-11-28 13:08:00,0
160,212,G0056,3,278.01,2024-11-27 16:55:00,0
161,289,G0070,1,49.92,2025-01-19 17:22:00,0
162,131,G0047,2,224.62,2025-04-03 14:01:00,PROMO01
163,18,G0037,3,217.09,2024-01-17 12:17:00,0
164,155,G0001,2,124.6,2024-08-15 12:50:00,0
165,162,G0003,3,150.98,2024-10-09 12:21:00,PROMO02
166,49,G0005,2,289.63,2024-12-30 16:04:00,0
167,136,G0047,3,224.62,2024-09-12 11:43:00,0
168,154,G0012,3,305.64,2025-02-13 10:11:00,0
169,112,G0010,-3,273.15,2024-11-28 12:21:00,0
170,89,G0063,3,121.9,2024-04-07 09:00:00,0
171,946,G0005,3,289.63,2025-01-25 09:36:00,0
172,29,G0043,2,253.63,2025-03-20 09:26:00,0
173,62,G0030,3,212.39,2024-01-12 15:52:00,0
174,196,G0007,2,55.49,2025-06-20 15:20:00,0
175,277,G0073,1,179.77,2024-11-30 15:12:00,0
176,114,G0020,1,74.45,2025-02-06 13:09:00,PROMO01
177,114,G0056,2,278.01,2025-02-07 15:12:00,0
178,173,G0011,2,104.53,2024-02-20 10:27:00,0
179,135,G0011,2,104.53,2025-05-28 17:05:00,0
180,67,G0018,2,221.9,2024-07-21 13:24:00,0
181,293,G0026,3,81.24,2025-06-20 17:51:00,0
182,37,G0035,2,169.53,2024-11-27 10:46:00,0
183,295,G0012,1,305.64,2025-02-27 13:38:00,0
184,179,G0025,2,216.35,2024-12-18 15:53:00,0
185,13,G0040,1,146.36,2024-12-24 13:46:00,0
186,948,G0080,1,138.35,,0
187,120,G9018,3,81.24,2025-01-17 10:51:00,0
188,44,G0015,3,191.62,2024-02-25 12:07:00,0
189,76,G0037,1,217.09,2024-12-17 11:49:00,0
190,57,G0040,2,146.36,2025-04-27 11:17:00,0
191,108,G0069,1,80.63,2024-07-27 15:43:00,0
192,133,G0071,2,106.46,2024-05-24 14:54:00,0
193,10,G0049,3,120.16,2025-06-23 14:29:00,0
194,88,G0008,2,134.23,2024-07-24 12:05:00,0
195,139,G0007,2,55.49,2024-01-09 17:22:00,0
196,139,G0047,1,224.62,2024-01-20 09:24:00,0
197,198,G0030,2,212.39,2025-06-04 12:56:00,PROMO01
198,162,G9046,3,121.9,2025-06-28 10:56:00,0
199,102,G0065,2,277.19,2024-01-23 12:34:00,0
200,272,G0040,2,146.36,2025-05-16 17:57:00,0
201,81,G0003,2,150.98,2024-12-26 12:26:00,0
202,155,G0031,3,339.08,2024-10-09 17:24:00,0
203,132,G0050,1,209.49,2024-10-13 13:50:00,0
204,175,G0051,3,255.86,2024-05-20 15:40:00,0
205,196,G0067,3,207.06,2024-08-20 13:31:00,0
206,294,G0020,2,74.45,2024-11-15 11:27:00,PROMO03
207,230,G0070,1,49.92,2024-07-30 15:42:00,0
208,298,G0070,3,49.92,2024-07-26 17:45:00,PROMO03
209,269,G0018,2,221.9,2024-05-28 11:29:00,0
210,290,G0021,2,145.46,2024-03-10 16:01:00,0
211,61,G0024,2,136.07,2024-05-29 11:06:00,0
212,164,G0053,2,64.52,2024-11-06 15:08:00,0
213,141,G0020,1,74.45,2024-04-19 16:27:00,0
214,14,G0079,3,243.27,2024-09-30 13:36:00,0
215,119,G0077,1,171.46,2024-08-24 15:48:00,0
216,184,G0011,3,104.53,2025-05-03 11:13:00,0
217,241,G0048,1,116.64,2025-01-31 09:47:00,0
218,71,G0021,1,145.46,2024-08-19 09:39:00,0
219,8,G0035,2,169.53,2024-08-15 13:03:00,0
220,104,G0027,1,76.44,2024-06-30 17:21:00,PROMO04
221,251,G0042,2,256.09,2024-09-09 10:18:00,0
222,22,G0078,3,244.12,2025-01-24 13:53:00,0
223,202,G0079,3,243.27,2025-06-21 15:55:00,0
224,20,G0067,1,207.06,2025-04-07 10:49:00,0
225,22,G0032,3,84.76,2025-02-09 15:31:00,PROMO01
226,286,G0050,3,209.49,2024-02-20 11:29:00,0
227,226,G0051,2,255.86,,0
228,217,G0038,-3,355.75,2024-02-25 14:46:00,0
229,73,G0060,-3,216.3,2025-04-07 13:05:00,0
230,257,G0015,1,191.62,2024-05-18 10:16:00,0
231,166,G0058,1,231.17,2024-07-02 13:08:00,0
232,104,G0059,1,200.65,2024-09-13 16:29:00,0
233,84,G0016,1,233.36,2024-04-26 09:17:00,0
234,186,G0011,3,104.53,2025-01-28 15:11:00,0
235,262,G0079,1,243.27,2025-01-22 13:22:00,0
236,23,G0022,2,337.9,2024-06-02 15:51:00,0
237,75,G0023,3,52.23,2024-02-22 14:33:00,0
238,159,G0058,2,231.17,2024-07-04 12:49:00,0
239,68,G0026,1,81.24,2024-09-16 11:54:00,0
240,255,G0064,3,85.91,2024-01-06 14:54:00,0
241,253,G0031,1,339.08,2025-05-02 10:21:00,0
242,227,G0011,3,104.53,2024-01-07 14:52:00,0
243,281,G0036,3,99.02,2024-07-31 09:54:00,0
244,76,G0008,3,134.23,2024-12-23 14:57:00,0
245,17,G0074,3,-157.49,2024-11-01 14:21:00,0
246,45,G0007,1,55.49,2025-03-02 09:13:00,PROMO02
247,146,G0079,3,243.27,2024-06-30 15:35:00,PROMO03
248,19,G0012,2,305.64,2024-11-26 12:55:00,0
249,195,G0009,2,176.47,2024-03-07 16:54:00,0
250,69,G0016,3,233.36,2024-10-08 09:34:00,0
251,212,G0068,1,125.73,2024-08-02 10:08:00,0
252,56,G0074,3,157.49,2025-06-25 13:25:00,PROMO04
253,148,G0055,3,207.21,2024-11-20 10:42:00,0
254,295,G0080,2,138.35,2024-05-12 11:33:00,0
255,255,G0067,3,207.06,2025-05-24 14:20:00,0
256,93,G0079,1,243.27,2024-10-24 10:20:00,PROMO01
257,61,G0004,2,-107.07,2024-04-30 15:03:00,0
258,107,G9005,2,243.27,2025-02-27 09:17:00,0
259,180,G0072,3,366.53,2024-08-05 10:40:00,0
260,104,G0037,2,217.09,2024-03-10 14:14:00,0
261,260,G0071,2,106.46,2024-01-07 16:59:00,0
262,171,G0044,2,283.11,2024-01-30 10:04:00,0
263,100,G0043,2,253.63,2025-05-05 11:35:00,PROMO01
264,70,G0062,1,100.05,2025-04-16 17:29:00,PROMO03
265,237,G0053,3,64.52,2024-02-27 17:49:00,0
266,154,G0073,3,179.77,2024-11-19 14:53:00,0
267,10,G0027,3,76.44,2024-12-05 13:32:00,0
268,182,G0009,1,176.47,2024-10-14 12:37:00,0
269,174,G0049,3,120.16,2024-06-18 14:41:00,0
270,200,G0024,3,136.07,2024-04-29 14:31:00,PROMO03
271,162,G0005,2,289.63,2025-02-27 11:11:00,0
272,122,G0048,2,116.64,,0
273,155,G0023,1,52.23,2025-01-18 10:14:00,0
274,104,G0012,2,305.64,2025-06-02 17:27:00,0
275,248,G0065,1,277.19,2024-07-13 12:36:00,0
276,248,G0068,2,125.73,2024-12-01 13:12:00,0
277,51,G0067,3,207.06,2024-05-15 13:14:00,0
278,19,G0059,2,200.65,2025-06-18 16:49:00,0
279,160,G0006,3,65.4,2024-03-30 09:22:00,0
280,24,G0014,3,297.49,2024-11-15 09:11:00,0
281,160,G0027,2,76.44,2024-07-24 11:42:00,0
282,142,G0069,2,80.63,2025-03-27 13:42:00,0
283,140,G0020,1,74.45,2024-10-07 15:49:00,0
284,287,G0066,1,241.7,2024-07-30 13:45:00,0
285,282,G0041,2,113.26,2024-05-24 12:59:00,PROMO03
286,294,G9022,1,84.76,2024-03-13 17:34:00,0
287,174,G0070,2,49.92,2024-02-21 10:17:00,0
288,242,G0007,1,55.49,2025-01-27 14:51:00,0
289,219,G0051,1,255.86,2025-04-01 13:15:00,0
290,910,G0043,1,253.63,2024-03-21 13:17:00,PROMO04
291,291,G0017,1,148.16,2025-04-24 16:49:00,0
292,159,G0060,2,216.3,2024-08-25 11:52:00,PROMO02
293,133,G0047,2,224.62,2024-07-06 17:20:00,0
294,170,G0042,2,256.09,2025-05-14 11:43:00,0
295,244,G0015,2,191.62,2025-05-05 13:55:00,0
296,88,G0037,2,217.09,2024-05-10 13:47:00,0
297,208,G0014,-2,297.49,2024-03-13 16:00:00,0
298,273,G0060,2,216.3,2025-02-27 12:39:00,0
299,125,G0071,1,106.46,2025-05-08 11:10:00,0
300,175,G0027,3,76.44,2025-03-17 09:50:00,0
301,223,G0073,2,179.77,2024-08-29 12:04:00,0
302,40,G0074,2,157.49,2024-04-27 16:59:00,0
303,238,G0042,3,256.09,2024-04-09 09:10:00,0
304,91,G0040,2,146.36,2024-03-12 17:25:00,0
305,195,G0042,2,256.09,2024-03-03 13:14:00,0
306,72,G0075,3,58.76,2024-01-01 10:48:00,0
307,77,G0058,3,231.17,2024-10-25 11:23:00,0
308,296,G0058,1,231.17,2024-07-29 13:44:00,0
309,163,G0039,3,266.45,2024-11-07 11:04:00,PROMO04
310,177,G0012,3,305.64,2024-01-09 09:27:00,0
311,262,G0052,1,212.87,2024-10-28 14:54:00,0
312,282,G0007,1,55.49,2025-01-02 15:55:00,0
313,145,G0004,1,107.07,2025-03-18 10:12:00,0
314,202,G0041,3,113.26,2025-01-26 11:23:00,0
315,223,G0070,1,49.92,2024-06-26 11:24:00,0
316,97,G0072,2,366.53,,0
317,79,G0037,3,217.09,2024-05-08 15:32:00,0
318,37,G0003,1,150.98,2025-05-13 15:06:00,0
319,70,G0011,1,104.53,2025-03-01 17:45:00,PROMO04
320,93,G0059,3,200.65,2025-03-10 15:13:00,0
321,231,G0050,2,209.49,2024-08-19 11:18:00,0
322,4,G0074,2,157.49,2024-08-30 09:50:00,0
323,138,G0053,3,64.52,2025-01-10 14:41:00,0
324,20,G0073,2,179.77,2025-01-12 17:23:00,0
325,247,G0011,1,104.53,2025-06-23 17:54:00,PROMO03
326,239,G0067,1,207.06,2025-06-19 11:23:00,PROMO01
327,126,G0061,3,172.06,2024-03-20 11:33:00,0
328,277,G0075,2,58.76,2024-02-24 09:14:00,PROMO01
329,241,G0059,3,200.65,2025-04-25 10:10:00,0
330,170,G0054,2,366.84,2024-10-28 13:29:00,0
331,19,G0077,3,171.46,2024-11-07 13:33:00,0
332,932,G0034,1,227.51,2025-04-29 12:48:00,0
333,294,G0007,3,55.49,2024-10-25 11:23:00,0
334,14,G0037,-2,217.09,2024-03-25 16:53:00,0
335,40,G0036,2,99.02,2024-05-15 13:36:00,0
336,141,G0033,1,217.97,2024-04-24 16:04:00,0
337,78,G0058,2,231.17,2024-06-28 17:44:00,0
338,121,G0063,1,121.9,2025-06-24 11:34:00,PROMO03
339,44,G0019,3,354.11,2024-06-06 10:23:00,0
340,212,G0050,1,209.49,2025-03-26 17:28:00,0
341,86,G0027,3,76.44,2024-12-19 14:18:00,0
342,136,G0015,1,191.62,2024-06-20 11:36:00,0
343,244,G0039,2,266.45,2025-06-29 14:34:00,0
344,200,G0061,2,172.06,2024-05-28 13:26:00,0
345,223,G0002,2,51.59,2025-04-04 17:17:00,0
346,162,G0068,3,125.73,2024-02-12 11:23:00,0
347,273,G0046,2,255.5,2024-10-06 17:29:00,0
348,137,G0013,2,273.26,,0
349,124,G0076,1,255.11,2025-06-16 10:18:00,0
350,93,G0041,3,113.26,2024-01-11 10:34:00,0
351,35,G0002,2,51.59,2024-04-10 13:13:00,0
352,229,G0045,1,245.46,2024-10-17 09:30:00,0
353,18,G0004,3,107.07,2024-04-04 11:07:00,0
354,112,G0077,3,171.46,2024-05-04 12:28:00,0
355,62,G0012,3,305.64,2024-05-13 17:47:00,0
356,290,G0024,1,136.07,2024-07-07 17:49:00,0
357,240,G0010,3,273.15,2025-04-09 10:41:00,PROMO03
358,219,G0042,2,256.09,2024-06-14 17:44:00,0
359,142,G0008,2,134.23,2025-02-01 09:03:00,0
360,31,G0034,2,227.51,2024-07-01 15:20:00,0
361,908,G0026,3,81.24,2025-02-06 16:39:00,0
362,252,G0014,1,297.49,2025-03-17 17:48:00,0
363,55,G0057,3,123.21,2024-09-22 11:34:00,0
364,38,G0010,3,273.15,2024-09-13 17:51:00,0
365,10,G0064,1,85.91,2024-01-01 10:16:00,PROMO04
366,137,G0020,3,74.45,2024-12-03 13:09:00,PROMO01
367,264,G0063,2,121.9,,0
368,36,G0070,1,49.92,2024-01-04 11:34:00,0
369,247,G0016,3,233.36,2025-01-02 09:39:00,0
370,156,G0052,1,212.87,2024-04-02 15:17:00,0
371,175,G0011,2,104.53,2024-10-23 12:47:00,0
372,91,G0071,1,106.46,2025-01-28 14:44:00,0
373,154,G0050,1,209.49,2025-01-02 12:21:00,0
374,225,G0025,-1,216.35,2024-02-06 12:14:00,0
375,123,G0063,2,121.9,2024-03-05 16:44:00,0
376,158,G0064,3,85.91,2025-04-05 09:40:00,PROMO01
377,19,G0044,1,283.11,2024-12-11 15:10:00,0
378,22,G0052,1,212.87,2024-08-04 15:15:00,0
379,268,G0059,3,200.65,2024-06-01 12:29:00,0
380,120,G0010,1,273.15,2024-05-24 11:30:00,0
381,10,G0061,3,172.06,2024-02-16 09:09:00,0
382,67,G0002,1,51.59,2024-02-21 17:56:00,PROMO01
383,234,G0079,1,243.27,2024-03-06 17:23:00,0
384,55,G0015,2,191.62,2024-08-13 11:22:00,0
385,104,G0055,2,207.21,2025-02-15 09:03:00,0
386,295,G0070,1,49.92,2024-11-25 10:52:00,0
387,110,G0006,3,65.4,2024-06-26 09:14:00,0
388,62,G0036,1,99.02,2025-03-01 16:59:00,0
389,190,G0071,1,106.46,2025-03-25 17:29:00,0
390,298,G0006,1,65.4,2024-04-12 10:52:00,0
391,193,G0021,1,145.46,2025-05-13 15:10:00,0
392,4,G0023,1,52.23,2024-10-17 10:09:00,0
393,244,G0017,1,148.16,2024-05-26 12:48:00,0
394,268,G0058,-2,231.17,2024-09-01 14:49:00,PROMO01
395,93,G0064,3,85.91,2024-03-31 15:32:00,0
396,155,G0045,2,245.46,2024-01-05 16:01:00,0
397,99,G0016,3,233.36,2024-04-07 09:56:00,0
398,277,G0065,1,277.19,2025-04-20 10:23:00,0
399,107,G0036,1,99.02,2024-07-17 11:56:00,0
400,77,G0061,2,172.06,2024-06-29 11:52:00,0
401,23,G0007,3,55.49,2025-01-07 17:51:00,0
402,223,G0033,2,217.97,2025-04-09 15:41:00,0
403,27,G0069,1,80.63,2024-06-10 11:40:00,0
404,249,G0066,1,241.7,2024-03-13 17:31:00,PROMO04
405,297,G0042,2,256.09,2024-07-22 13:01:00,0
406,167,G0030,1,212.39,2024-11-29 13:23:00,0
407,122,G0053,1,64.52,2025-01-19 12:43:00,PROMO01
408,242,G0075,2,58.76,2024-02-25 10:48:00,PROMO02
409,111,G0079,2,243.27,2024-07-01 17:33:00,0
410,70,G0059,3,200.65,2024-07-17 09:42:00,0
411,139,G0026,2,81.24,2024-05-10 10:01:00,0
412,292,G0008,2,134.23,2024-05-19 11:28:00,0
413,239,G0059,2,200.65,2024-06-24 11:30:00,0
414,113,G0038,3,355.75,2024-06-09 10:53:00,0
415,88,G0074,3,157.49,2024-08-23 09:18:00,0
416,268,G0063,1,121.9,2025-04-29 15:13:00,0
417,143,G0002,3,51.59,2025-03-14 17:21:00,0
418,127,G0032,2,84.76,2025-03-20 10:10:00,0
419,77,G0074,1,157.49,2025-03-03 11:33:00,PROMO01
420,241,G0065,1,277.19,2025-03-11 13:38:00,0
421,246,G0013,2,273.26,2025-05-22 17:48:00,0
422,286,G0002,3,51.59,2025-02-20 15:58:00,PROMO02
423,184,G0038,1,355.75,2024-04-02 15:04:00,0
424,157,G0021,3,145.46,2025-04-15 14:14:00,PROMO01
425,233,G0060,1,216.3,2025-02-19 12:18:00,0
426,190,G0060,3,216.3,2024-01-02 10:14:00,PROMO01
427,198,G0043,3,253.63,2024-02-03 16:49:00,0
428,139,G0079,3,243.27,2024-07-31 16:08:00,0
429,42,G0080,2,138.35,2024-02-26 09:01:00,0
430,187,G0007,1,55.49,2025-01-27 15:51:00,0
431,21,G0047,2,224.62,2024-06-28 09:57:00,0
432,35,G0072,3,-366.53,2024-07-28 15:13:00,0
433,172,G0031,3,339.08,2024-04-26 16:19:00,0
434,298,G0027,3,76.44,2024-08-18 10:30:00,0
435,137,G0065,3,277.19,2025-03-09 12:31:00,0
436,33,G0048,2,116.64,2025-04-08 10:59:00,0
437,270,G0016,2,233.36,2025-06-28 14:24:00,0
438,273,G0038,2,355.75,2025-01-11 17:00:00,0
439,34,G0025,2,216.35,2024-03-30 09:25:00,0
440,92,G0037,1,217.09,2024-04-21 12:33:00,0
441,58,G0019,2,354.11,2024-06-03 17:31:00,PROMO01
442,151,G0054,3,366.84,2024-05-15 11:30:00,0
443,216,G0057,3,123.21,2024-01-22 10:55:00,0
444,33,G0003,1,150.98,2025-06-16 13:48:00,0
445,211,G0075,2,58.76,2024-11-30 13:15:00,0
446,272,G0071,2,106.46,2025-04-13 14:21:00,0
447,68,G0040,1,146.36,2024-09-23 11:40:00,0
448,191,G0037,1,217.09,2024-05-31 17:24:00,0
449,234,G0022,3,337.9,2024-06-13 13:25:00,0
450,147,G0024,1,136.07,2024-06-06 11:10:00,0
451,60,G0006,2,65.4,2024-05-09 17:15:00,0
452,190,G0024,1,136.07,2024-02-05 17:44:00,0
453,177,G0019,2,-354.11,2025-04-04 13:50:00,0
454,84,G0069,2,80.63,2024-05-04 09:47:00,PROMO04
455,256,G9026,2,354.11,2024-11-23 14:18:00,0
456,280,G0065,2,277.19,2024-10-29 13:08:00,0
457,149,G0074,3,157.49,,0
458,227,G0044,3,283.11,2024-04-25 14:23:00,0
459,21,G0018,3,221.9,2024-04-29 16:31:00,0
460,206,G0080,1,138.35,2025-04-01 09:53:00,0
461,168,G0008,3,134.23,2024-07-18 15:53:00,0
462,114,G0036,1,99.02,2024-01-24 10:00:00,0
463,229,G0012,3,305.64,2025-02-07 15:42:00,0
464,163,G0078,3,244.12,2025-06-07 12:17:00,PROMO03
465,204,G0019,3,354.11,2025-03-13 09:11:00,0
466,191,G0002,2,51.59,2024-12-19 17:33:00,0
467,229,G0072,1,366.53,2024-08-08 10:02:00,0
468,228,G0054,2,366.84,2024-10-22 14:20:00,0
469,218,G0054,-1,366.84,2024-03-29 10:33:00,0
470,156,G0061,3,172.06,2024-12-09 17:16:00,0
471,193,G9002,1,305.64,2025-02-23 15:35:00,0
472,140,G0054,1,366.84,2025-04-18 16:27:00,0
473,71,G0026,1,81.24,2025-01-25 12:47:00,0
474,252,G0006,2,65.4,2024-11-07 13:10:00,0
475,238,G0029,1,228.35,2024-01-03 14:03:00,0
476,154,G0061,1,172.06,2024-10-21 16:31:00,0
477,252,G0032,1,84.76,2024-05-02 16:15:00,0
478,253,G0009,3,176.47,2025-01-05 09:42:00,0
479,290,G0056,2,278.01,2025-05-02 14:05:00,PROMO01
480,192,G0066,3,241.7,2024-01-18 09:34:00,0
481,84,G0075,1,58.76,2024-05-29 11:59:00,0
482,70,G0046,1,255.5,2024-02-24 16:05:00,0
483,215,G0046,1,255.5,2024-10-23 11:18:00,0
484,40,G0066,1,241.7,2024-07-06 16:50:00,0
485,86,G0070,2,49.92,2024-11-19 13:32:00,0
486,155,G0035,3,169.53,2025-01-06 11:10:00,0
487,297,G0046,-1,255.5,2024-01-14 12:12:00,0
488,145,G0048,2,116.64,2025-02-25 13:45:00,0
489,84,G0014,1,297.49,2024-06-07 15:51:00,0
490,97,G0072,3,366.53,2025-06-22 14:21:00,0
491,283,G0015,2,191.62,2025-04-16 17:28:00,PROMO01
492,68,G0003,2,150.98,2024-12-22 16:46:00,0
493,186,G0018,2,221.9,2025-06-19 15:10:00,0
494,176,G0023,3,52.23,2024-11-07 14:12:00,0
495,61,G0029,1,228.35,2024-05-25 11:46:00,0
496,158,G0017,1,148.16,2024-05-13 12:11:00,PROMO04
497,58,G0010,1,273.15,2025-05-10 10:46:00,0
498,22,G0026,-1,81.24,2024-02-03 12:29:00,0
499,263,G0076,1,255.11,2025-04-25 17:59:00,0
500,130,G0006,1,65.4,2024-11-04 12:01:00,0
501,50,G0016,3,233.36,2024-07-29 10:56:00,0
502,103,G0024,-3,136.07,2024-12-25 14:13:00,0
503,75,G0036,3,99.02,2024-12-22 17:02:00,0
504,257,G0079,1,243.27,2025-06-01 16:43:00,0
505,51,G0075,1,58.76,2025-06-25 11:31:00,0
506,99,G0037,1,217.09,2024-01-05 13:50:00,PROMO01
507,110,G0065,3,277.19,2025-05-01 13:06:00,0
508,95,G0057,3,123.21,2024-04-19 11:04:00,0
509,182,G0049,2,120.16,2024-08-07 11:34:00,0
510,209,G0015,2,191.62,2024-05-06 11:52:00,0
511,267,G0018,2,221.9,2025-01-04 17:24:00,0
512,286,G0006,1,65.4,,0
513,198,G0037,2,217.09,2024-11-15 16:54:00,0
514,228,G0029,3,228.35,2025-02-21 16:52:00,0
515,220,G0025,1,216.35,2025-05-02 17:30:00,PROMO03
516,92,G0002,3,51.59,2025-05-18 09:41:00,0
517,203,G0057,3,123.21,2024-03-28 16:31:00,0
518,203,G0052,3,212.87,2024-04-14 09:40:00,0
519,87,G0009,2,176.47,2024-07-22 13:34:00,0
520,207,G0016,1,233.36,2025-03-10 14:31:00,0
521,143,G0075,3,58.76,2024-10-06 12:26:00,0
522,205,G0046,2,255.5,2025-02-18 10:39:00,PROMO03
523,76,G0059,1,200.65,2024-05-05 10:45:00,0
524,255,G0030,3,212.39,2024-05-17 16:55:00,0
525,28,G0009,2,176.47,2024-01-28 11:36:00,PROMO04
526,168,G0020,2,74.45,2024-04-08 11:06:00,0
527,267,G0064,2,85.91,2024-07-25 17:35:00,0
528,255,G0063,3,121.9,2024-09-24 10:18:00,0
529,277,G0070,1,49.92,2024-02-02 17:01:00,PROMO01
530,197,G0058,2,231.17,2025-01-20 17:04:00,0
531,19,G0005,1,289.63,2024-11-06 14:35:00,PROMO02
532,252,G0056,1,278.01,2024-11-15 10:56:00,0
533,250,G0015,3,191.62,2025-05-17 10:30:00,0
534,277,G0074,2,157.49,2025-05-02 11:26:00,0
535,81,G0065,1,277.19,2025-02-04 14:05:00,0
536,194,G0079,3,243.27,2024-12-27 10:40:00,0
537,146,G0042,1,256.09,2024-01-29 13:03:00,0
538,66,G0047,2,224.62,2024-01-28 10:50:00,0
539,175,G0049,1,120.16,2025-03-14 13:48:00,0
540,183,G0053,2,64.52,2024-02-27 09:59:00,0
541,127,G0031,3,339.08,2024-11-15 15:17:00,0
542,34,G0040,1,146.36,2024-12-11 09:09:00,0
543,276,G0042,1,256.09,2025-04-16 10:17:00,0
544,217,G0073,3,179.77,2025-03-07 10:47:00,0
545,241,G0076,1,255.11,2024-11-20 16:13:00,0
546,200,G0042,3,256.09,2024-04-10 09:53:00,0
547,52,G0027,2,76.44,2025-05-23 12:09:00,0
548,174,G0022,3,337.9,2024-11-02 14:02:00,0
549,224,G0026,2,81.24,2024-03-18 13:13:00,0
550,275,G0028,2,74.77,2024-09-28 15:45:00,0
551,294,G0052,1,212.87,2024-04-04 16:36:00,0
552,297,G0013,3,273.26,2024-12-10 12:21:00,0
553,291,G0068,2,125.73,2025-03-13 16:39:00,0
554,40,G0039,3,266.45,2024-11-03 11:38:00,0
555,277,G0041,1,113.26,2025-02-28 17:33:00,0
556,264,G0059,3,200.65,2024-07-03 13:30:00,PROMO02
557,296,G0064,1,85.91,2025-04-23 15:06:00,0
558,273,G0079,2,243.27,2024-03-02 16:15:00,0
559,187,G0060,1,216.3,2024-09-03 16:31:00,0
560,154,G0056,2,278.01,2024-11-22 16:08:00,PROMO01
561,105,G0053,2,64.52,2024-10-20 13:28:00,0
562,132,G0077,1,171.46,2025-02-19 09:07:00,0
563,77,G0025,1,216.35,2024-09-08 13:47:00,0
564,159,G0060,2,216.3,2025-03-22 10:06:00,0
565,19,G0026,1,81.24,2024-10-06 17:05:00,0
566,133,G0036,3,99.02,2024-06-29 11:38:00,0
567,22,G0063,1,121.9,2024-02-26 11:13:00,PROMO01
568,161,G0078,2,244.12,2024-03-06 11:21:00,PROMO04
569,187,G0012,2,305.64,2024-05-23 14:18:00,0
570,293,G0065,1,277.19,2025-06-18 14:12:00,0
571,298,G0068,2,125.73,2025-05-23 17:45:00,PROMO02
572,63,G0041,2,113.26,2025-02-03 12:41:00,0
573,121,G0055,1,207.21,2024-05-27 11:14:00,0
574,110,G0036,2,99.02,2025-02-22 09:41:00,0
575,29,G0063,3,121.9,2025-01-18 09:42:00,0
576,58,G0041,3,113.26,2025-03-09 12:32:00,0
577,127,G0036,1,99.02,2025-01-06 17:34:00,0
578,189,G0040,1,146.36,2024-02-05 13:56:00,0
579,28,G0031,2,339.08,,0
580,186,G0016,3,233.36,2024-08-30 09:23:00,PROMO04
581,5,G0051,2,255.86,2024-11-04 09:32:00,0
582,121,G0039,1,266.45,2024-06-13 16:50:00,PROMO03
583,209,G0005,2,289.63,2024-03-23 09:42:00,0
584,252,G0061,3,172.06,2025-02-26 09:04:00,PROMO03
585,217,G0013,1,273.26,2024-09-24 12:27:00,0
586,181,G0054,3,366.84,2024-11-30 17:44:00,0
587,15,G0007,3,55.49,2024-07-07 15:13:00,0
588,70,G0001,2,124.6,2024-07-23 09:59:00,0
589,161,G0074,1,157.49,2024-04-23 16:48:00,0
590,265,G0017,-3,148.16,2025-02-24 16:50:00,0
591,164,G0058,2,231.17,2024-05-16 16:04:00,0
592,168,G0037,1,217.09,2024-03-27 17:34:00,0
593,94,G0051,2,255.86,2024-08-17 11:31:00,0
594,12,G0072,3,366.53,2024-08-22 17:37:00,PROMO04
595,102,G0034,3,227.51,2024-06-21 11:51:00,0
596,220,G0077,2,171.46,2024-06-01 16:21:00,0
597,189,G0022,3,337.9,2024-04-30 14:32:00,0
598,270,G0056,2,278.01,2025-05-21 16:40:00,0
599,105,G0025,2,216.35,2024-10-21 14:45:00,0
600,196,G0017,2,148.16,2024-07-30 14:46:00,0
601,145,G0025,2,216.35,2024-07-03 14:20:00,0
602,75,G0004,2,107.07,2024-09-25 16:59:00,0
603,231,G0032,2,84.76,2025-04-14 15:00:00,0
604,241,G0018,2,221.9,,0
605,197,G0055,3,207.21,2024-09-19 16:36:00,0
606,286,G0008,1,134.23,2024-12-06 13:03:00,PROMO04
607,182,G0078,3,244.12,2024-02-16 11:27:00,0
608,259,G0080,2,138.35,2024-11-05 13:35:00,PROMO03
609,68,G0072,1,366.53,2024-07-02 17:36:00,0
610,258,G0064,2,85.91,2025-04-24 16:07:00,0
611,163,G0068,2,125.73,2024-05-25 16:16:00,0
612,161,G0006,1,65.4,2025-05-26 13:14:00,PROMO03
613,185,G0056,2,278.01,2024-09-26 16:38:00,0
614,136,G0067,2,207.06,2025-03-22 12:19:00,PROMO03
615,252,G0020,3,74.45,2025-03-26 15:34:00,0
616,77,G0007,1,55.49,2024-07-06 14:43:00,0
617,134,G0021,3,145.46,2025-04-23 11:47:00,0
618,254,G0006,2,65.4,2024-12-31 11:11:00,PROMO04
619,235,G0064,1,85.91,2024-05-31 09:54:00,0
620,48,G0027,2,76.44,2024-07-03 10:09:00,0
621,261,G0035,3,169.53,2024-08-05 12:01:00,0
622,3,G0068,3,125.73,2024-07-03 13:02:00,0
623,40,G0032,2,84.76,2024-04-06 10:12:00,PROMO01
624,146,G0016,2,233.36,2025-01-17 12:52:00,0
625,55,G0042,1,256.09,2024-01-30 14:12:00,0
626,246,G0059,3,200.65,2024-10-02 11:41:00,0
627,3,G0043,1,253.63,2025-04-08 12:25:00,0
628,292,G0017,1,148.16,2024-02-19 12:02:00,0
629,145,G0042,1,256.09,2024-03-13 13:26:00,0
630,196,G0012,2,305.64,2024-09-18 12:01:00,0
631,205,G0012,1,305.64,2024-08-01 15:28:00,0
632,207,G0037,3,217.09,2024-06-06 11:33:00,0
633,252,G0056,3,278.01,2024-11-13 12:31:00,PROMO02
634,184,G0013,2,273.26,2025-06-08 12:16:00,0
635,229,G0050,2,209.49,2024-10-01 10:45:00,0
636,217,G0012,2,305.64,2025-01-12 15:35:00,0
637,223,G0055,1,207.21,2024-02-11 11:15:00,0
638,238,G0029,3,228.35,2024-06-07 11:26:00,PROMO01
639,149,G0060,2,216.3,2024-03-22 16:06:00,PROMO04
640,154,G0020,1,74.45,2024-11-03 17:55:00,0
641,268,G0055,2,207.21,2024-02-18 15:45:00,0
642,24,G0066,1,241.7,2025-06-06 17:17:00,0
643,49,G0060,-3,216.3,2024-09-16 16:40:00,0
644,300,G0011,3,104.53,2024-01-17 13:40:00,0
645,237,G0023,1,52.23,2025-02-06 15:36:00,0
646,214,G0039,2,266.45,2025-04-10 11:03:00,0
647,231,G0080,2,138.35,2024-12-15 13:52:00,PROMO02
648,109,G0024,1,136.07,2024-09-22 13:57:00,PROMO01
649,223,G0069,1,80.63,2024-01-06 17:58:00,0
650,7,G0022,3,337.9,2025-05-03 16:58:00,0
651,208,G0078,3,244.12,2025-05-13 13:55:00,0
652,185,G0051,2,255.86,2024-03-30 14:44:00,0
653,8,G0025,1,216.35,2024-01-17 10:03:00,0
654,97,G0004,1,107.07,2025-05-07 16:27:00,0
655,124,G0056,3,278.01,2024-07-14 13:14:00,0
656,238,G0019,-2,354.11,2025-03-08 13:13:00,0
657,86,G0020,3,74.45,2025-03-31 15:49:00,PROMO04
658,11,G0058,3,231.17,2024-09-05 14:48:00,0
659,292,G0051,1,255.86,2024-12-07 09:31:00,0
660,222,G0054,2,366.84,2024-10-24 11:44:00,0
661,205,G0063,3,121.9,2025-05-14 10:07:00,0
662,32,G0068,1,125.73,2025-03-08 15:13:00,0
663,284,G0009,2,-176.47,2025-03-03 09:51:00,PROMO01
664,254,G0080,3,138.35,2024-12-21 10:27:00,0
665,224,G0003,1,150.98,2024-10-21 14:32:00,0
666,241,G0045,2,245.46,2024-08-25 15:27:00,0
667,174,G0078,3,244.12,2025-04-24 13:12:00,0
668,151,G0050,2,209.49,2025-01-03 16:49:00,0
669,83,G0080,1,138.35,2024-10-16 17:45:00,0
670,45,G0062,1,100.05,,0
671,252,G0013,2,273.26,,0
672,108,G0072,1,366.53,2024-01-19 14:38:00,0
673,134,G0046,3,255.5,2024-06-11 14:57:00,0
674,258,G0005,1,289.63,2024-12-11 09:38:00,0
675,117,G0016,3,233.36,2024-08-17 14:29:00,0
676,175,G0046,1,255.5,2024-09-30 15:16:00,PROMO01
677,26,G0057,2,123.21,2024-04-23 14:31:00,PROMO01
678,288,G0006,3,65.4,2024-04-17 09:22:00,0
679,61,G0027,2,76.44,2024-06-09 13:36:00,0
680,227,G0065,2,277.19,2024-04-11 17:02:00,0
681,941,G0043,1,253.63,2024-05-05 15:11:00,0
682,936,G0054,1,366.84,2024-09-08 10:47:00,0
683,243,G0044,2,283.11,,0
684,137,G0048,3,116.64,2025-02-28 17:25:00,0
685,126,G0020,3,74.45,2025-03-07 10:32:00,0
686,71,G0055,2,207.21,2025-02-23 16:26:00,PROMO03
687,16,G0057,1,123.21,2024-01-11 12:45:00,0
688,265,G0009,1,176.47,2024-12-12 14:14:00,0
689,85,G0056,1,278.01,2025-02-06 13:45:00,0
690,78,G0074,1,157.49,2025-06-16 16:12:00,PROMO04
691,206,G0071,2,106.46,2024-11-17 17:22:00,PROMO01
692,144,G0068,3,125.73,2024-05-30 16:35:00,0
693,229,G0027,3,76.44,2025-03-28 17:53:00,0
694,208,G0026,2,81.24,2024-03-27 17:13:00,0
695,172,G0050,3,209.49,2024-05-09 09:35:00,0
696,277,G0037,1,217.09,2024-04-05 11:03:00,0
697,160,G0067,2,207.06,2024-06-12 15:04:00,0
698,277,G0076,2,255.11,2024-09-04 14:46:00,0
699,156,G0055,3,207.21,2024-04-23 09:43:00,0
700,191,G0034,3,227.51,2025-06-03 09:22:00,0
701,25,G0016,2,233.36,2024-11-01 13:37:00,0
702,3,G0059,2,200.65,2024-08-29 14:22:00,0
703,298,G0073,3,179.77,2024-08-27 10:16:00,0
704,146,G0074,3,157.49,2024-05-23 10:25:00,0
705,267,G0032,1,84.76,2024-12-01 10:18:00,0
706,99,G0047,-2,224.62,2024-04-10 14:48:00,0
707,218,G0053,1,64.52,2024-04-04 09:24:00,0
708,67,G0061,1,172.06,2025-04-01 14:19:00,0
709,270,G0052,3,212.87,2025-06-15 13:32:00,0
710,136,G0075,2,58.76,2025-03-09 13:45:00,PROMO04
711,214,G0021,1,145.46,2025-06-01 15:16:00,0
712,235,G0017,-3,148.16,2025-06-09 13:56:00,PROMO01
713,109,G0059,2,200.65,2024-02-03 15:27:00,0
714,287,G0048,1,116.64,2025-02-22 15:39:00,0
715,190,G0074,2,157.49,2024-02-11 17:57:00,0
716,61,G0048,2,116.64,2025-01-18 16:25:00,0
717,249,G0004,1,107.07,2024-05-25 13:11:00,0
718,216,G0007,2,55.49,2024-10-17 13:44:00,0
719,251,G0001,1,124.6,2024-12-23 11:00:00,0
720,23,G0054,2,366.84,2024-11-13 14:27:00,0
721,173,G0049,2,120.16,2024-05-15 10:58:00,0
722,259,G0059,2,200.65,2025-04-04 17:24:00,0
723,167,G0012,3,305.64,2025-02-23 16:41:00,0
724,203,G0044,3,283.11,2024-02-16 10:31:00,PROMO04
725,143,G0012,1,305.64,2024-01-26 16:12:00,0
726,159,G9035,3,366.53,2024-05-06 10:19:00,0
727,44,G9016,3,216.35,2024-02-24 15:31:00,PROMO02
728,244,G0065,1,277.19,2024-05-03 09:06:00,0
729,273,G0024,1,136.07,2024-10-08 13:24:00,0
730,126,G0075,2,58.76,2024-03-27 14:24:00,0
731,165,G0052,3,212.87,2024-02-16 15:50:00,0
732,12,G0044,2,283.11,2024-07-03 12:07:00,0
733,271,G0041,2,113.26,2024-09-20 17:50:00,0
734,51,G0070,1,49.92,2024-10-19 15:24:00,0
735,131,G0012,1,305.64,2024-11-10 10:39:00,PROMO02
736,31,G0079,2,243.27,2024-07-04 15:33:00,0
737,30,G0039,2,266.45,2024-04-11 15:17:00,0
738,212,G0042,2,256.09,2025-01-19 12:55:00,PROMO01
739,27,G0026,1,81.24,2024-08-30 15:13:00,0
740,259,G0050,1,209.49,2024-10-02 17:02:00,0
741,238,G0071,2,106.46,2024-03-08 16:45:00,0
742,209,G0030,1,212.39,2024-10-02 15:37:00,0
743,52,G0032,3,84.76,2024-05-08 14:53:00,0
744,209,G0058,1,231.17,2025-05-27 11:27:00,0
745,73,G0048,3,116.64,2024-06-21 16:01:00,0
746,276,G0055,3,207.21,2025-04-07 12:01:00,0
747,238,G0080,2,138.35,2024-06-20 13:25:00,0
748,933,G0035,3,169.53,2024-09-13 11:14:00,0
749,195,G0045,3,245.46,2024-08-05 11:55:00,0
750,262,G0037,1,217.09,2024-06-14 10:07:00,0
751,289,G0009,2,176.47,2024-04-01 17:52:00,0
752,63,G0018,3,221.9,2024-10-13 10:13:00,PROMO02
753,259,G0041,3,113.26,2024-12-16 09:07:00,0
754,232,G0035,1,169.53,2024-11-25 17:16:00,0
755,236,G0077,2,171.46,,PROMO02
756,2,G0078,2,244.12,2024-01-05 12:24:00,PROMO02
757,212,G0072,3,366.53,2025-05-15 15:19:00,0
758,276,G0011,3,104.53,2024-03-20 12:31:00,0
759,228,G0016,2,233.36,2025-01-20 10:32:00,0
760,184,G0050,1,209.49,2024-01-09 15:00:00,0
761,190,G0025,2,216.35,2024-01-10 10:07:00,0
762,11,G0036,3,99.02,2025-01-01 13:09:00,0
763,156,G0029,1,228.35,2025-05-20 17:11:00,PROMO01
764,144,G0064,-3,85.91,2024-08-02 17:05:00,0
765,203,G0015,2,191.62,2025-05-27 12:18:00,0
766,283,G0025,3,216.35,2024-06-28 16:32:00,0
767,66,G0009,1,176.47,2024-09-22 14:18:00,PROMO02
768,268,G0036,1,99.02,2024-01-24 13:19:00,PROMO03
769,287,G0059,1,200.65,2025-03-13 10:28:00,0
770,27,G0042,2,256.09,2025-02-20 12:32:00,0
771,266,G0060,2,216.3,2025-01-05 14:19:00,0
772,23,G0029,1,228.35,2024-10-11 17:13:00,PROMO04
773,162,G0001,2,124.6,2024-07-18 09:24:00,0
774,293,G0004,3,107.07,2024-08-19 15:01:00,PROMO04
775,39,G0032,1,84.76,2024-06-17 16:29:00,0
776,33,G0013,1,273.26,2025-05-06 17:56:00,0
777,13,G0076,3,255.11,2024-12-08 12:23:00,0
778,127,G0014,2,297.49,2024-09-01 10:06:00,PROMO01
779,171,G0067,1,207.06,2024-03-15 11:42:00,0
780,225,G0013,3,273.26,2025-04-02 16:07:00,0
781,44,G0008,1,134.23,2025-01-21 16:11:00,0
782,34,G0017,1,148.16,2025-03-28 14:08:00,0
783,222,G0009,1,176.47,2024-02-27 10:53:00,0
784,151,G0049,2,120.16,2024-04-08 10:58:00,0
785,211,G0030,3,212.39,2024-01-11 13:34:00,0
786,238,G0055,3,207.21,2024-04-13 14:37:00,0
787,14,G0059,3,200.65,2024-12-02 09:38:00,0
788,56,G0014,1,297.49,2024-03-10 15:36:00,0
789,100,G0074,1,157.49,2025-06-05 13:32:00,0
790,216,G0062,3,100.05,2025-03-31 09:59:00,0
791,71,G0006,1,65.4,2024-05-10 09:43:00,0
792,224,G0066,3,241.7,2025-01-01 13:05:00,0
793,278,G0019,1,354.11,2025-04-25 15:23:00,0
794,176,G0038,2,355.75,2024-01-09 16:58:00,0
795,75,G0008,-1,134.23,2025-06-03 12:24:00,0
796,287,G0007,2,55.49,2024-12-18 11:12:00,0
797,103,G0026,1,81.24,2024-12-15 17:52:00,0
798,244,G0060,3,216.3,2024-12-05 13:37:00,PROMO03
799,154,G0054,2,366.84,2024-06-15 11:33:00,0
800,22,G0064,1,85.91,2024-01-04 12:25:00,0
801,118,G0060,3,216.3,2024-08-06 09:07:00,0
802,170,G0049,1,120.16,2025-02-13 11:23:00,0
803,4,G0047,1,-224.62,2024-03-16 13:26:00,0
804,285,G0015,1,191.62,2024-10-24 17:55:00,0
805,300,G0047,1,224.62,2024-01-31 15:18:00,0
806,146,G0023,1,52.23,2024-09-25 16:08:00,0
807,174,G0071,1,106.46,2024-07-01 13:25:00,0
808,91,G0034,1,227.51,2024-01-22 09:59:00,0
809,71,G0049,3,120.16,2024-04-23 12:28:00,0
810,108,G0040,2,146.36,2024-09-02 17:22:00,0
811,191,G0022,3,337.9,2025-03-20 09:40:00,PROMO01
812,61,G0019,1,354.11,2024-07-13 16:38:00,0
813,194,G0048,2,116.64,,PROMO02
814,24,G0079,3,243.27,2024-07-12 11:58:00,PROMO03
815,77,G0042,1,256.09,2024-02-24 16:35:00,0
816,144,G0017,3,148.16,2025-05-15 16:03:00,0
817,42,G0061,3,172.06,2024-03-07 09:24:00,0
818,199,G0066,2,241.7,2025-05-25 09:55:00,0
819,92,G0042,3,256.09,2025-01-17 14:23:00,0
820,248,G0064,2,85.91,2024-10-01 17:34:00,0
821,299,G0005,1,289.63,2024-08-12 09:36:00,PROMO04
822,121,G0051,1,255.86,2024-11-09 14:42:00,0
823,194,G0074,1,157.49,2025-01-18 10:52:00,0
824,44,G0018,1,221.9,2024-10-29 14:08:00,0
825,181,G0030,3,212.39,2024-02-12 14:31:00,0
826,173,G0055,2,207.21,2025-04-23 09:32:00,0
827,189,G0064,2,85.91,2024-10-06 15:09:00,0
828,92,G0057,1,123.21,2024-09-28 17:40:00,0
829,184,G0011,2,104.53,2025-05-28 16:07:00,0
830,41,G0036,1,99.02,2024-04-10 09:27:00,0
831,185,G0005,3,289.63,2024-07-24 11:19:00,0
832,169,G0033,2,217.97,2024-10-08 11:09:00,0
833,71,G0070,2,49.92,2024-01-09 13:49:00,0
834,145,G0045,2,245.46,2025-02-19 10:14:00,0
835,7,G0061,3,172.06,2025-06-08 16:15:00,PROMO02
836,204,G0030,1,212.39,2024-08-02 15:51:00,0
837,265,G0076,3,255.11,2025-04-24 16:52:00,0
838,237,G0044,1,283.11,2024-11-16 10:02:00,0
839,220,G0054,-1,366.84,2025-03-25 09:16:00,0
840,286,G0004,2,107.07,2024-05-22 17:42:00,0
841,66,G0040,3,146.36,2024-01-10 11:46:00,0
842,182,G0044,1,283.11,2025-03-05 14:59:00,0
843,207,G0069,2,80.63,2024-11-29 17:33:00,0
844,291,G0005,1,289.63,2024-06-06 09:00:00,PROMO03
845,291,G0078,3,244.12,2025-02-04 09:52:00,PROMO02
846,201,G0009,3,176.47,2025-01-30 09:09:00,0
847,56,G0043,3,253.63,2025-04-07 10:07:00,0
848,156,G0012,1,305.64,2024-04-16 09:40:00,0
849,91,G0005,3,289.63,2025-05-15 16:36:00,0
850,102,G0009,2,176.47,2024-10-17 14:03:00,0
851,150,G0068,1,125.73,2025-04-10 17:10:00,0
852,266,G0002,1,51.59,2024-11-30 16:35:00,PROMO04
853,201,G0021,1,145.46,2024-05-12 17:15:00,0
854,245,G0009,2,176.47,2024-07-30 11:41:00,0
855,106,G0040,2,146.36,2025-05-01 11:24:00,0
856,295,G0040,3,146.36,2024-07-26 16:35:00,0
857,235,G0036,1,-99.02,2024-01-08 11:28:00,PROMO04
858,33,G0052,3,212.87,2024-09-09 09:21:00,0
859,292,G0063,2,121.9,2025-04-18 15:20:00,0
860,47,G0037,3,217.09,2025-04-12 16:41:00,0
861,153,G0051,3,255.86,2024-06-28 17:30:00,0
862,92,G0080,3,-138.35,2025-03-18 17:35:00,0
863,94,G0073,1,179.77,2025-02-06 10:34:00,0
864,23,G0031,1,339.08,2024-10-07 15:12:00,PROMO03
865,35,G0028,2,74.77,2025-02-25 16:54:00,PROMO01
866,189,G0010,1,273.15,2025-05-31 15:33:00,0
867,167,G0053,2,64.52,2024-06-17 16:43:00,0
868,260,G0006,2,65.4,2024-01-28 16:52:00,0
869,237,G0049,2,120.16,2025-02-12 13:55:00,PROMO04
870,20,G0002,2,51.59,2024-04-27 09:40:00,0
871,70,G0042,3,256.09,2025-04-20 13:47:00,0
872,35,G0011,3,104.53,2024-09-05 10:28:00,0
873,225,G0018,2,-221.9,2024-10-12 10:44:00,0
874,88,G0003,3,150.98,2024-04-12 10:19:00,0
875,64,G0069,3,80.63,2025-02-04 15:42:00,0
876,6,G0035,1,169.53,2025-03-27 13:05:00,0
877,111,G0005,3,289.63,2025-06-29 13:54:00,0
878,918,G0067,3,207.06,2024-04-15 15:14:00,0
879,158,G0057,1,123.21,2024-01-05 13:39:00,0
880,194,G0026,1,81.24,2025-01-18 14:00:00,PROMO02
881,47,G0003,2,150.98,2024-01-29 09:09:00,PROMO03
882,99,G0009,1,176.47,2024-04-08 16:59:00,0
883,86,G0022,1,337.9,2025-03-01 13:50:00,0
884,168,G0042,3,256.09,2024-07-13 10:13:00,0
885,278,G0051,2,255.86,2024-05-03 16:07:00,0
886,55,G9049,2,255.5,2024-06-26 15:48:00,0
887,162,G0002,2,51.59,2024-08-05 09:59:00,0
888,34,G0036,3,99.02,2025-01-12 10:10:00,0
889,112,G0053,2,64.52,2025-05-26 09:39:00,PROMO01
890,275,G0073,1,179.77,2024-09-14 11:17:00,PROMO03
891,199,G0018,2,221.9,2024-06-28 09:44:00,0
892,163,G0062,1,100.05,2024-12-09 15:25:00,0
893,300,G0058,2,231.17,2025-06-07 13:07:00,0
894,120,G0065,3,277.19,2024-01-14 17:19:00,0
895,64,G0040,1,146.36,2025-03-14 15:32:00,0
896,41,G0008,1,134.23,2025-01-18 14:47:00,0
897,104,G0020,2,74.45,2024-07-28 13:01:00,0
898,122,G0077,2,171.46,2024-12-02 09:57:00,0
899,163,G0006,3,65.4,2025-02-28 09:38:00,0
900,148,G0004,1,107.07,2024-12-05 14:52:00,0
901,106,G0070,1,49.92,2024-09-11 09:55:00,0
902,114,G0078,2,244.12,2025-06-17 09:09:00,0
903,227,G0001,1,124.6,2025-05-18 10:05:00,0
904,99,G0007,3,55.49,2024-05-24 16:46:00,PROMO02
905,47,G0023,3,52.23,2024-07-28 13:11:00,0
906,41,G0055,3,207.21,2025-04-23 15:08:00,0
907,102,G0032,2,84.76,2024-06-29 12:28:00,0
908,156,G0037,3,217.09,2025-04-04 10:54:00,PROMO02
909,140,G0062,1,100.05,2025-01-03 12:47:00,0
910,86,G0061,2,172.06,2025-03-08 09:31:00,0
911,222,G0020,2,74.45,2024-01-21 15:11:00,0
912,219,G0011,2,104.53,2024-06-05 10:20:00,0
913,90,G0033,2,217.97,2025-04-19 12:41:00,0
914,146,G0049,3,120.16,2025-05-07 17:09:00,0
915,70,G0061,1,172.06,2024-06-07 14:31:00,PROMO01
916,7,G0065,-3,277.19,2025-01-18 13:00:00,0
917,213,G0051,3,255.86,2025-01-17 13:19:00,0
918,158,G0076,1,255.11,2025-02-22 16:14:00,PROMO01
919,198,G0073,1,179.77,2024-07-17 11:40:00,0
920,131,G0045,3,245.46,2025-05-15 14:54:00,0
921,189,G0008,3,134.23,2025-01-29 16:08:00,PROMO02
922,125,G0062,1,100.05,2025-01-05 14:47:00,0
923,15,G0019,2,354.11,2025-04-11 13:39:00,PROMO02
924,131,G0032,3,84.76,2024-06-14 10:58:00,0
925,48,G0050,2,209.49,2024-03-23 11:54:00,0
926,97,G0055,1,207.21,2025-03-13 17:06:00,0
927,155,G0065,-3,277.19,2025-01-26 13:44:00,0
928,211,G0012,1,305.64,2024-12-18 11:35:00,0
929,138,G0027,3,76.44,2025-02-11 12:06:00,0
930,4,G0022,2,337.9,2024-01-02 14:15:00,0
931,214,G0068,2,125.73,2024-10-22 13:55:00,0
932,88,G0023,2,52.23,2024-07-09 15:32:00,0
933,102,G0063,1,121.9,2025-05-29 11:20:00,PROMO04
934,291,G0028,1,74.77,2024-07-24 14:19:00,0
935,94,G0025,2,216.35,2025-02-22 12:50:00,0
936,56,G0022,1,337.9,2024-10-27 17:17:00,0
937,64,G0036,1,99.02,2024-12-16 10:09:00,0
938,121,G0062,2,100.05,2024-04-13 10:34:00,0
939,909,G0001,3,124.6,,0
940,268,G0001,2,124.6,2025-06-16 13:10:00,PROMO03
941,249,G0061,2,172.06,,0
942,176,G0041,1,113.26,2025-01-04 12:28:00,0
943,194,G0079,1,243.27,2024-12-30 17:11:00,PROMO01
944,2,G0059,3,200.65,2025-02-15 13:39:00,0
945,72,G0004,3,107.07,,PROMO03
946,128,G0048,2,116.64,2025-05-01 10:07:00,0
947,97,G0001,3,124.6,2024-11-25 17:15:00,0
948,185,G0006,3,65.4,2024-11-29 10:55:00,0
949,120,G0078,2,244.12,2025-02-13 17:56:00,0
950,42,G0045,2,245.46,2025-05-02 11:30:00,PROMO01
951,935,G0038,3,355.75,2024-07-18 09:24:00,0
952,267,G0074,3,157.49,2025-05-31 11:49:00,0
953,255,G0012,2,305.64,2025-04-23 14:11:00,0
954,229,G0015,2,191.62,2024-09-03 12:39:00,0
955,88,G0012,1,305.64,2025-03-21 16:40:00,PROMO01
956,83,G0042,2,256.09,2024-10-14 14:42:00,0
957,132,G0061,3,172.06,2024-05-06 12:13:00,0
958,274,G0063,1,121.9,2024-12-06 14:42:00,PROMO01
959,176,G0049,3,120.16,2025-01-25 17:36:00,0
960,288,G0056,1,278.01,2024-08-16 12:52:00,0
961,149,G0012,1,305.64,2024-04-01 10:10:00,0
962,97,G0015,3,191.62,2025-01-11 12:36:00,0
963,161,G0049,3,120.16,2024-01-02 16:49:00,0
964,275,G0025,2,216.35,2025-03-09 10:16:00,0
965,187,G0017,3,148.16,2024-08-15 17:44:00,0
966,5,G0069,2,80.63,2024-11-19 14:05:00,0
967,152,G0029,2,228.35,2025-04-11 14:43:00,0
968,146,G0019,3,354.11,2024-02-05 11:36:00,0
969,159,G0065,3,277.19,2024-05-06 17:11:00,0
970,294,G0062,3,100.05,2024-08-08 09:03:00,0
971,193,G0008,2,134.23,2024-06-05 11:44:00,0
972,108,G0029,3,228.35,2024-02-23 12:14:00,PROMO02
973,250,G0051,2,255.86,2024-06-12 13:29:00,PROMO04
974,173,G0055,3,207.21,2025-04-29 13:03:00,PROMO04
975,201,G0010,3,273.15,2024-10-16 10:57:00,0
976,100,G0071,2,106.46,2024-04-09 11:32:00,0
977,298,G0007,3,55.49,2024-11-07 09:55:00,0
978,84,G0074,1,157.49,2025-03-28 14:09:00,0
979,150,G0019,1,354.11,2024-08-11 12:12:00,0
980,101,G0002,2,51.59,2024-04-14 14:36:00,0
981,76,G0049,2,120.16,2024-06-21 14:36:00,PROMO01
982,183,G0061,1,172.06,2024-02-23 15:47:00,0
983,264,G0044,3,283.11,2025-03-20 13:55:00,PROMO04
984,126,G0005,1,289.63,2024-09-03 14:49:00,0
985,155,G9044,1,171.46,2025-01-19 14:08:00,0
986,46,G0060,3,216.3,2025-01-26 14:18:00,0
987,228,G0048,1,116.64,2024-05-02 14:54:00,0
988,63,G0063,3,121.9,,0
989,294,G0074,2,157.49,2024-10-07 11:52:00,0
990,49,G0076,1,255.11,2025-01-28 16:33:00,0
991,223,G0039,3,266.45,2024-05-08 12:02:00,0
992,33,G0069,1,80.63,2025-02-19 13:28:00,0
993,11,G0051,3,255.86,2025-06-26 10:49:00,0
994,266,G0075,3,58.76,2024-05-07 12:39:00,0
995,107,G0016,1,233.36,2024-07-03 13:07:00,0
996,229,G0041,1,113.26,2024-02-10 14:12:00,0
997,106,G0021,1,-145.46,2024-09-19 13:51:00,PROMO01
998,44,G0016,3,233.36,2024-11-01 12:58:00,0
999,279,G0022,2,337.9,2024-01-01 17:45:00,0
1000,24,G0067,2,207.06,2025-03-31 13:05:00,0
1001,252,G0041,3,113.26,2024-12-26 16:37:00,0
1002,262,G0027,-3,76.44,2024-04-11 15:49:00,0
1003,23,G0031,1,339.08,2024-07-11 14:38:00,0
1004,111,G0018,3,221.9,2024-08-09 16:35:00,0
1005,143,G0017,3,148.16,2025-03-08 10:28:00,0
1006,131,G0034,2,227.51,2024-06-16 17:14:00,0
1007,43,G0033,3,217.97,,PROMO02
1008,275,G0027,1,76.44,2024-10-02 13:44:00,PROMO02
1009,191,G0073,3,179.77,2025-06-07 15:04:00,0
1010,215,G0020,2,74.45,2025-03-20 13:05:00,0
1011,127,G0010,2,273.15,2024-05-07 11:23:00,0
1012,281,G0053,1,64.52,2024-12-03 16:46:00,0
1013,186,G0043,2,253.63,2024-05-29 11:39:00,PROMO02
1014,141,G0002,1,51.59,2025-01-21 11:35:00,PROMO02
1015,194,G0014,1,297.49,2024-06-28 13:32:00,0
1016,157,G0076,2,255.11,2024-04-07 16:06:00,0
1017,293,G0037,3,217.09,2024-10-04 12:19:00,0
1018,25,G0022,2,337.9,2025-02-02 13:04:00,0
1019,906,G0071,3,106.46,2025-02-16 09:45:00,0
1020,66,G0034,1,227.51,2025-06-09 10:45:00,0
1021,65,G0019,2,354.11,2024-09-30 09:15:00,0
1022,190,G0032,3,84.76,2025-03-04 09:17:00,0
1023,94,G0057,2,123.21,2025-04-24 16:19:00,0
1024,142,G0055,3,207.21,2024-08-22 16:53:00,0
1025,45,G0040,2,146.36,2024-11-16 16:29:00,0
1026,41,G0010,3,273.15,2024-09-02 09:45:00,PROMO02
1027,295,G0008,1,134.23,2024-10-19 09:26:00,0
1028,253,G0002,2,51.59,2025-06-04 11:41:00,PROMO02
1029,246,G0064,3,85.91,2025-06-29 14:31:00,0
1030,208,G0002,3,51.59,2024-07-13 12:16:00,PROMO01
1031,218,G0069,3,80.63,2024-12-19 13:52:00,0
1032,915,G0078,1,244.12,2025-04-04 10:42:00,PROMO02
1033,90,G0010,2,273.15,2024-05-16 15:46:00,0
1034,27,G0055,2,207.21,2025-01-23 11:56:00,0
1035,58,G0044,3,283.11,2024-09-12 09:14:00,0
1036,61,G0038,2,355.75,2025-05-09 15:05:00,0
1037,110,G0001,3,124.6,2025-02-07 17:34:00,0
1038,157,G0066,1,241.7,2025-04-19 09:19:00,PROMO04
1039,30,G0046,1,255.5,2025-04-16 12:26:00,0
1040,182,G0014,1,297.49,2024-12-24 16:14:00,PROMO02
1041,206,G0046,1,255.5,2024-04-13 15:23:00,0
1042,102,G0011,3,104.53,2025-06-10 16:23:00,PROMO04
1043,64,G0063,1,121.9,2024-06-08 12:21:00,0
1044,129,G0029,2,228.35,2025-02-08 12:44:00,0
1045,187,G0055,1,207.21,2024-10-02 15:35:00,0
1046,225,G0057,1,123.21,2024-05-23 10:28:00,0
1047,223,G0001,2,124.6,2024-07-22 11:06:00,0
1048,146,G0006,1,65.4,2025-02-08 14:34:00,0
1049,170,G0005,1,289.63,2024-07-22 15:10:00,PROMO03
1050,61,G0054,2,366.84,2025-05-22 10:18:00,0
1051,66,G0042,2,256.09,2025-05-28 13:24:00,0
1052,200,G0017,1,148.16,2024-04-20 12:08:00,0
1053,65,G0020,2,74.45,2025-05-27 13:23:00,0
1054,122,G0007,3,55.49,2024-12-16 17:16:00,0
1055,5,G0056,2,278.01,2024-10-23 09:50:00,0
1056,43,G0055,-1,207.21,2024-06-05 17:51:00,0
1057,96,G0032,2,84.76,2024-04-27 13:00:00,PROMO02
1058,220,G0026,2,81.24,2024-04-15 15:36:00,0
1059,258,G0079,1,243.27,2024-07-12 12:38:00,PROMO02
1060,118,G0016,1,233.36,2025-02-14 11:22:00,0
1061,99,G0019,2,354.11,2024-01-19 15:28:00,0
1062,47,G0007,2,55.49,2025-02-21 15:47:00,0
1063,119,G0029,2,228.35,2025-03-12 10:22:00,0
1064,262,G0055,3,207.21,2024-02-22 15:03:00,0
1065,138,G0047,2,224.62,2024-12-25 15:22:00,0
1066,127,G0041,1,113.26,2024-07-05 12:15:00,0
1067,27,G0042,1,256.09,2024-10-19 17:22:00,0
1068,52,G0056,1,278.01,2024-09-15 14:13:00,PROMO03
1069,172,G0039,1,266.45,2024-04-09 12:08:00,0
1070,283,G0017,2,148.16,2025-01-04 09:59:00,0
1071,186,G0076,3,255.11,2025-01-15 15:07:00,0
1072,142,G0027,3,76.44,2025-01-28 10:42:00,0
1073,55,G0017,3,148.16,2024-05-03 15:43:00,0
1074,98,G0025,-3,216.35,2025-04-01 13:37:00,PROMO01
1075,280,G0080,2,138.35,2024-11-04 13:54:00,0
1076,104,G0069,3,80.63,2024-06-06 10:00:00,0
1077,99,G0054,3,366.84,2024-09-15 15:18:00,PROMO03
1078,188,G0058,3,231.17,2024-04-30 10:11:00,PROMO01
1079,248,G0054,3,-366.84,2025-05-30 12:34:00,0
1080,86,G0077,2,-171.46,2024-05-12 16:38:00,0
1081,290,G0008,3,134.23,2024-07-13 17:53:00,0
1082,204,G0064,3,85.91,2025-06-29 17:22:00,PROMO01
1083,85,G0057,3,123.21,2025-01-28 17:14:00,0
1084,200,G0052,3,212.87,2024-10-05 14:55:00,0
1085,2,G0021,-3,145.46,2024-08-11 10:40:00,0
1086,5,G0066,2,241.7,2025-05-30 16:45:00,0
1087,269,G0034,2,227.51,2024-08-13 16:26:00,0
1088,138,G0071,1,106.46,2024-06-24 17:26:00,0
1089,274,G0031,2,339.08,2024-02-10 14:23:00,0
1090,143,G0018,2,221.9,2024-02-22 10:44:00,0
1091,128,G0027,3,76.44,2024-04-28 13:12:00,0
1092,178,G0078,2,244.12,2024-11-28 13:58:00,0
1093,282,G0034,3,227.51,2024-05-16 16:10:00,0
1094,151,G0042,1,256.09,2024-01-11 12:27:00,0
1095,113,G0036,1,99.02,2024-09-19 11:18:00,PROMO01
1096,196,G0033,3,217.97,2024-07-30 09:38:00,0
1097,113,G0042,2,256.09,2024-07-27 16:40:00,0
1098,203,G0020,2,74.45,2024-08-25 15:55:00,0
1099,223,G0048,1,116.64,2025-05-05 09:47:00,0
1100,93,G0059,1,200.65,2024-06-29 12:14:00,0
1101,252,G0024,3,136.07,2024-10-15 13:12:00,0
1102,84,G0023,2,52.23,2024-07-11 13:53:00,0
1103,37,G0055,1,207.21,2025-04-10 17:29:00,PROMO04
1104,52,G0068,-1,125.73,2024-01-13 10:05:00,0
1105,194,G0050,1,209.49,2024-04-22 11:49:00,0
1106,23,G0017,1,148.16,2024-03-26 10:38:00,0
1107,7,G0002,1,51.59,2024-12-12 11:01:00,PROMO01
1108,104,G0018,2,221.9,2025-03-30 17:46:00,0
1109,158,G0043,2,253.63,2024-06-07 17:36:00,0
1110,279,G0035,3,169.53,2024-05-06 09:36:00,0
1111,23,G0014,3,297.49,2024-10-30 14:51:00,0
1112,213,G0019,1,354.11,2024-08-17 11:29:00,0
1113,219,G0050,1,209.49,2024-12-27 10:27:00,0
1114,116,G0050,3,209.49,,0
1115,57,G0029,1,228.35,2024-10-15 10:11:00,0
1116,171,G0016,2,233.36,2024-03-27 13:09:00,PROMO02
1117,92,G0055,3,207.21,2024-12-08 17:50:00,0
1118,218,G0020,-3,74.45,2024-11-04 14:12:00,0
1119,147,G0045,1,245.46,2024-10-04 15:30:00,PROMO03
1120,136,G0010,1,273.15,2024-06-01 13:16:00,0
1121,76,G0041,1,113.26,2025-02-03 09:13:00,0
1122,245,G0009,1,176.47,2025-03-13 09:35:00,PROMO03
1123,75,G0012,2,305.64,2024-05-10 11:48:00,0
1124,198,G0046,2,255.5,2025-05-21 11:26:00,0
1125,212,G0078,3,244.12,2024-12-07 16:08:00,0
1126,126,G0050,2,209.49,,0
1127,253,G0069,3,80.63,2024-08-23 16:09:00,0
1128,298,G0054,3,366.84,2024-08-12 14:52:00,0
1129,121,G0047,1,224.62,2024-07-27 14:19:00,PROMO01
1130,186,G0072,2,366.53,2024-05-16 14:22:00,PROMO01
1131,179,G0047,1,224.62,2024-10-28 12:04:00,0
1132,283,G0054,1,366.84,2024-08-03 15:26:00,0
1133,29,G0018,1,221.9,2024-05-26 16:54:00,0
1134,14,G0055,2,207.21,2024-02-25 15:24:00,0
1135,298,G0010,2,273.15,2024-06-10 14:39:00,0
1136,188,G0019,1,354.11,2024-09-07 09:10:00,0
1137,292,G0054,1,366.84,2024-07-05 15:08:00,0
1138,72,G0068,3,125.73,2024-11-02 12:43:00,0
1139,173,G0057,3,123.21,2024-01-14 15:03:00,0
1140,80,G0008,3,134.23,2024-02-02 13:26:00,0
1141,89,G0065,1,277.19,2024-01-12 16:19:00,0
1142,217,G0059,3,200.65,2024-09-21 12:00:00,PROMO03
1143,117,G0055,1,207.21,2024-10-05 17:31:00,PROMO04
1144,65,G0028,2,74.77,2024-02-27 16:57:00,0
1145,95,G0072,-3,366.53,2024-03-20 11:04:00,0
1146,240,G0062,2,100.05,2025-02-18 13:48:00,0
1147,85,G0007,2,55.49,2025-03-10 13:32:00,0
1148,56,G0014,1,297.49,2025-01-06 15:43:00,0
1149,172,G0004,1,107.07,2024-10-15 15:05:00,0
1150,55,G0009,1,176.47,2024-01-12 16:52:00,0
1151,159,G0025,3,216.35,2024-07-25 12:00:00,0
1152,17,G0031,2,339.08,2024-03-28 13:54:00,PROMO01
1153,289,G0062,1,100.05,2024-02-19 12:39:00,0
1154,159,G0002,2,51.59,2024-10-16 17:20:00,PROMO02
1155,162,G0051,3,255.86,2024-12-30 11:00:00,PROMO01
1156,170,G0053,3,64.52,2025-05-30 14:36:00,0
1157,77,G0004,3,107.07,2025-01-26 10:05:00,0
1158,20,G0038,1,355.75,2024-06-04 16:36:00,0
1159,41,G0012,3,305.64,2024-08-25 12:46:00,PROMO02
1160,83,G0065,3,277.19,2025-06-19 12:16:00,PROMO03
1161,230,G0017,2,148.16,2024-10-24 14:14:00,0
1162,221,G0006,3,65.4,2025-01-31 13:13:00,0
1163,39,G0020,3,74.45,2025-05-24 16:13:00,0
1164,8,G0019,2,354.11,2024-03-30 13:06:00,0
1165,233,G0041,1,113.26,2024-10-29 13:14:00,0
1166,144,G0074,2,157.49,2024-12-27 09:39:00,0
1167,92,G0059,2,200.65,2025-04-29 09:18:00,PROMO04
1168,72,G0016,3,233.36,2025-05-14 12:46:00,0
1169,147,G0052,2,212.87,2024-05-12 17:49:00,0
1170,263,G9031,2,138.35,2025-01-17 17:45:00,0
1171,930,G0065,2,277.19,2024-09-26 14:32:00,PROMO01
1172,30,G0032,3,84.76,2024-01-09 14:18:00,0
1173,54,G0038,2,355.75,2024-06-11 12:55:00,0
1174,38,G0029,2,228.35,2025-04-18 10:12:00,0
1175,179,G0060,2,216.3,2025-04-21 09:27:00,0
1176,93,G0014,2,297.49,2025-03-19 12:27:00,0
1177,169,G0009,2,176.47,2024-12-16 11:44:00,PROMO04
1178,109,G0061,1,172.06,2024-10-12 10:32:00,0
1179,280,G0020,2,74.45,2024-05-29 11:47:00,0
1180,164,G0073,1,179.77,2025-01-24 09:55:00,0
1181,186,G0056,2,278.01,2024-08-06 14:23:00,0
1182,12,G0055,2,207.21,2024-09-15 17:52:00,0
1183,43,G0019,1,354.11,2024-10-07 15:10:00,0
1184,153,G0058,2,231.17,2025-06-21 13:54:00,0
1185,133,G0024,1,136.07,2024-04-04 12:10:00,PROMO04
1186,176,G0039,1,266.45,2024-07-22 11:51:00,0
1187,215,G0062,2,100.05,2024-06-13 10:23:00,PROMO04
1188,182,G0074,2,157.49,2024-01-11 14:57:00,0
1189,102,G0010,3,273.15,2024-05-28 14:07:00,0
1190,163,G0002,1,51.59,2025-04-14 09:27:00,PROMO04
1191,163,G0015,3,191.62,2025-02-20 12:54:00,0
1192,2,G0058,1,231.17,2025-04-05 11:02:00,0
1193,297,G0013,1,273.26,2024-08-11 10:15:00,0
1194,97,G0054,3,366.84,2024-06-19 15:05:00,0
1195,111,G0045,1,245.46,2024-07-14 13:19:00,PROMO01
1196,190,G0047,1,224.62,2024-11-05 14:23:00,PROMO01
1197,256,G0059,2,200.65,2025-02-24 15:37:00,0
1198,278,G0055,3,207.21,2024-12-09 17:15:00,0
1199,91,G0059,2,200.65,2025-01-17 16:09:00,0
1200,84,G0070,2,49.92,,0
1201,224,G0037,3,217.09,2024-04-11 16:56:00,PROMO01
1202,46,G0003,3,150.98,2025-02-25 13:57:00,0
1203,279,G0013,3,273.26,2025-03-30 17:13:00,0
1204,17,G0038,2,355.75,2024-08-04 15:11:00,0
1205,233,G0071,2,106.46,2024-04-27 14:03:00,0
1206,241,G0016,2,233.36,2025-04-20 17:57:00,0
1207,203,G0001,2,124.6,,0
1208,138,G0034,2,227.51,2025-02-28 15:45:00,0
1209,3,G0054,1,366.84,2024-01-16 11:17:00,0
1210,192,G0067,3,207.06,2024-11-21 17:38:00,0
1211,293,G0056,1,278.01,2025-02-04 14:03:00,0
1212,202,G0007,3,55.49,2025-03-15 16:40:00,0
1213,200,G0023,2,52.23,2024-11-21 13:34:00,0
1214,224,G0030,1,212.39,2024-05-09 16:19:00,0
1215,296,G0051,3,255.86,2024-09-23 09:42:00,0
1216,82,G0042,1,256.09,2024-04-05 10:38:00,0
1217,224,G0002,3,51.59,2024-06-05 13:26:00,0
1218,279,G0011,3,104.53,2025-01-26 15:11:00,0
1219,67,G0059,3,200.65,2025-01-01 16:01:00,0
1220,114,G0039,1,266.45,2024-09-08 12:56:00,0
1221,194,G0034,3,227.51,2024-02-22 14:16:00,0
1222,74,G0003,3,150.98,2024-04-15 13:18:00,0
1223,63,G0014,1,297.49,2024-10-16 17:40:00,0
1224,93,G0012,1,305.64,2025-05-21 14:15:00,0
1225,107,G0051,1,255.86,2025-05-17 12:22:00,0
1226,212,G0010,2,273.15,2024-03-19 17:42:00,0
1227,215,G0049,2,120.16,2025-04-06 09:35:00,0
1228,93,G0039,1,266.45,,0
1229,17,G0016,2,233.36,2024-12-21 10:00:00,0
1230,280,G0001,1,124.6,2025-06-18 11:27:00,0
1231,63,G0025,3,216.35,2024-01-31 16:28:00,0
1232,266,G0066,1,241.7,2024-08-09 15:37:00,PROMO01
1233,112,G0004,2,107.07,2024-05-21 17:09:00,0
1234,65,G0035,2,169.53,2025-05-08 15:09:00,0
1235,48,G0045,3,245.46,2024-10-28 14:45:00,0
1236,254,G0056,3,278.01,2025-02-13 12:40:00,PROMO03
1237,89,G0026,3,81.24,2024-10-14 09:48:00,PROMO01
1238,299,G0076,2,255.11,2024-06-18 10:16:00,0
1239,250,G0056,2,278.01,2025-03-09 11:59:00,0
1240,140,G0041,3,113.26,2024-04-20 09:16:00,0
1241,220,G0026,3,81.24,2024-12-27 13:39:00,0
1242,33,G0058,1,231.17,2024-02-04 15:09:00,PROMO03
1243,210,G0038,3,355.75,2025-06-27 17:55:00,0
1244,16,G0015,1,191.62,2024-11-26 13:19:00,0
1245,923,G0046,1,255.5,2024-03-15 16:48:00,0
1246,191,G0048,1,116.64,2024-11-17 17:19:00,0
1247,164,G0002,3,51.59,2024-12-02 16:47:00,0
1248,291,G0042,1,256.09,2024-03-08 13:27:00,0
1249,109,G0068,1,125.73,2024-04-15 11:03:00,0
1250,39,G0074,3,157.49,2025-03-07 17:11:00,0
1251,223,G0041,2,113.26,2024-07-21 11:41:00,0
1252,253,G0064,1,85.91,2024-10-08 12:11:00,0
1253,64,G0058,1,231.17,2024-11-30 09:16:00,0
1254,122,G0074,1,157.49,2024-10-18 16:32:00,0
1255,295,G0001,2,124.6,2024-10-18 14:15:00,0
1256,207,G0005,3,289.63,2025-06-24 09:07:00,0
1257,9,G0009,2,176.47,2024-04-07 10:37:00,0
1258,213,G0039,2,266.45,2024-11-20 13:41:00,0
1259,205,G0011,3,104.53,2024-11-16 13:43:00,0
1260,25,G0051,2,255.86,2025-04-10 16:56:00,0
1261,63,G0048,3,116.64,2024-04-15 11:07:00,0
1262,25,G0002,1,51.59,2024-04-17 17:25:00,PROMO04
1263,116,G0022,1,337.9,2024-07-14 13:14:00,0
1264,189,G0069,1,80.63,2024-02-23 16:54:00,0
1265,23,G0015,1,191.62,2024-11-07 11:32:00,0
1266,169,G0079,2,243.27,2024-10-03 09:05:00,0
1267,71,G0075,2,58.76,2024-05-02 09:41:00,0
1268,76,G0075,2,58.76,2025-04-02 12:02:00,0
1269,268,G0068,1,125.73,2025-05-04 17:16:00,0
1270,144,G0042,3,-256.09,2025-05-09 09:43:00,0
1271,136,G0038,3,355.75,2024-03-25 12:30:00,0
1272,125,G0027,3,76.44,2024-03-20 09:45:00,0
1273,254,G0008,1,134.23,2024-01-14 17:34:00,0
1274,240,G0050,1,209.49,2025-05-14 15:50:00,0
1275,107,G0076,3,255.11,2025-06-10 15:33:00,PROMO03
1276,233,G0020,3,74.45,2024-04-18 15:03:00,PROMO02
1277,187,G0050,2,209.49,2025-06-09 14:04:00,0
1278,205,G0025,1,216.35,2024-10-11 15:46:00,0
1279,158,G0074,3,157.49,2024-04-14 09:02:00,0
1280,55,G0015,1,191.62,2024-01-17 16:22:00,PROMO02
1281,137,G0004,2,107.07,2025-06-27 15:00:00,0
1282,136,G0016,3,233.36,2024-03-27 15:18:00,0
1283,945,G0020,2,74.45,2025-05-29 12:35:00,0
1284,171,G0007,2,55.49,2024-10-06 16:10:00,0
1285,26,G0049,3,120.16,2025-03-08 12:27:00,0
1286,97,G0052,1,212.87,2024-10-09 09:59:00,0
1287,253,G0067,2,207.06,2024-04-21 17:04:00,0
1288,128,G0015,1,191.62,2024-04-27 11:03:00,0
1289,19,G0074,2,157.49,2024-09-01 09:16:00,0
1290,52,G0036,1,99.02,2025-02-18 14:49:00,0
1291,52,G0029,3,228.35,2024-10-01 11:24:00,0
1292,88,G0027,2,76.44,,0
1293,148,G0001,1,124.6,2024-07-08 12:02:00,0
1294,245,G0040,3,146.36,2024-09-01 09:44:00,0
1295,36,G0022,1,337.9,2024-12-06 17:04:00,PROMO02
1296,7,G0061,-2,172.06,2024-12-08 13:42:00,0
1297,136,G0010,1,273.15,2024-01-10 11:08:00,0
1298,243,G0075,1,58.76,2025-05-15 15:51:00,PROMO04
1299,57,G0006,1,65.4,2024-10-24 13:17:00,0
1300,269,G0065,1,277.19,2024-05-30 09:11:00,0
1301,52,G0039,3,266.45,2024-12-09 15:20:00,0
1302,180,G0070,2,49.92,2025-05-13 12:00:00,0
1303,235,G0002,2,51.59,2024-11-04 15:09:00,0
1304,266,G0077,2,171.46,2024-04-25 17:35:00,0
1305,266,G0003,1,150.98,2025-02-24 14:18:00,PROMO02
1306,183,G0064,1,85.91,2024-09-07 15:21:00,0
1307,221,G0047,1,224.62,2024-04-01 11:48:00,0
1308,194,G0014,2,-297.49,2025-04-05 11:07:00,PROMO02
1309,136,G0045,2,245.46,2025-02-04 12:23:00,0
1310,142,G0040,1,146.36,2024-02-12 16:11:00,0
1311,176,G0079,1,243.27,2025-03-19 13:28:00,0
1312,291,G0045,2,245.46,2024-04-22 12:19:00,PROMO04
1313,76,G0060,3,216.3,2024-06-02 16:02:00,0
1314,149,G0080,3,138.35,2024-06-15 16:04:00,0
1315,148,G0009,2,176.47,2024-01-16 17:51:00,0
1316,112,G0037,3,217.09,2024-05-06 11:03:00,0
1317,157,G0001,2,124.6,2024-12-26 15:46:00,0
1318,1,G0007,2,55.49,2024-05-21 14:54:00,0
1319,146,G0065,3,277.19,2024-06-07 13:27:00,PROMO03
1320,74,G0026,2,81.24,2024-03-23 12:18:00,0
1321,928,G0061,2,172.06,2024-09-11 10:46:00,0
1322,198,G0055,2,207.21,2024-04-10 11:58:00,PROMO03
1323,160,G0023,3,52.23,2025-03-22 13:07:00,0
1324,166,G0075,1,58.76,2024-07-23 16:57:00,0
1325,214,G0071,1,106.46,2024-11-04 16:56:00,0
1326,153,G0073,3,179.77,2025-04-17 10:08:00,0
1327,193,G0056,1,278.01,2024-05-21 15:03:00,0
1328,161,G9010,3,277.19,2025-01-01 09:42:00,0
1329,219,G0060,2,216.3,2025-02-24 15:04:00,0
1330,287,G0004,2,107.07,2024-03-31 12:36:00,0
1331,155,G0032,3,84.76,2025-06-08 13:03:00,0
1332,279,G0073,2,179.77,2024-02-24 15:41:00,0
1333,202,G0017,2,148.16,2024-01-07 12:13:00,0
1334,266,G0059,1,200.65,2024-03-27 16:05:00,0
1335,55,G0043,3,253.63,2024-04-09 13:03:00,0
1336,290,G0062,3,100.05,2024-12-05 17:11:00,PROMO01
1337,300,G0066,3,241.7,2024-02-24 14:32:00,0
1338,265,G0019,3,354.11,2025-05-22 11:04:00,0
1339,80,G0039,3,266.45,2024-11-14 15:48:00,0
1340,4,G0063,3,121.9,2024-07-24 12:36:00,0
1341,1,G0020,3,74.45,2024-05-03 13:17:00,0
1342,127,G0027,1,76.44,2025-04-30 10:59:00,0
1343,259,G0057,2,123.21,2024-02-26 10:39:00,PROMO03
1344,208,G0062,1,100.05,2024-08-28 14:40:00,0
1345,280,G0034,3,227.51,2025-03-25 10:10:00,PROMO01
1346,222,G0019,3,354.11,2024-01-23 17:42:00,0
1347,124,G0022,3,337.9,2024-07-24 16:33:00,0
1348,149,G0038,3,355.75,2024-04-12 15:59:00,PROMO04
1349,189,G0036,2,99.02,2025-01-30 15:28:00,0
1350,55,G0060,2,216.3,2025-03-11 14:40:00,0
1351,146,G0059,1,200.65,2025-02-02 09:20:00,0
1352,156,G0005,3,289.63,2025-03-31 12:02:00,0
1353,182,G0018,2,221.9,2025-04-14 13:07:00,0
1354,82,G0046,3,255.5,2025-05-30 17:52:00,0
1355,269,G0050,3,209.49,2024-03-05 10:44:00,0
1356,78,G0046,3,255.5,2024-12-13 13:21:00,0
1357,72,G0036,3,99.02,2024-11-06 12:41:00,PROMO01
1358,248,G0049,2,120.16,2024-07-03 10:00:00,0
1359,260,G0068,2,125.73,2024-05-12 09:02:00,0
1360,298,G0045,3,245.46,2025-02-17 12:30:00,0
1361,16,G0021,1,145.46,2024-04-08 09:37:00,0
1362,256,G0061,2,172.06,2024-08-25 09:56:00,PROMO02
1363,54,G0023,3,52.23,2025-01-28 12:45:00,0
1364,216,G0009,1,176.47,2024-09-13 10:15:00,0
1365,38,G0057,2,123.21,2024-01-31 13:48:00,PROMO03
1366,56,G0058,2,231.17,2024-05-16 09:29:00,PROMO02
1367,101,G0033,2,217.97,2025-03-24 11:49:00,0
1368,116,G0026,3,81.24,2024-06-14 13:10:00,0
1369,271,G0025,1,216.35,2024-01-25 17:01:00,0
1370,50,G0027,1,76.44,2024-05-23 14:03:00,PROMO03
1371,209,G0073,3,179.77,2024-03-14 16:59:00,0
1372,271,G0064,1,85.91,2024-07-31 12:04:00,0
1373,243,G0065,2,277.19,2024-12-31 13:56:00,0
1374,287,G0018,1,221.9,2025-03-25 12:43:00,0
1375,193,G0010,3,273.15,2024-03-21 16:08:00,0
1376,265,G0039,1,266.45,2024-04-30 17:51:00,0
1377,27,G0077,3,171.46,2024-12-04 17:08:00,0
1378,149,G0033,2,217.97,2025-01-01 15:08:00,0
1379,81,G0037,1,217.09,2024-09-04 13:34:00,PROMO03
1380,205,G0080,1,138.35,2024-04-23 13:17:00,0
1381,135,G0004,1,107.07,2024-12-12 17:17:00,0
1382,103,G9028,1,253.63,2024-05-22 11:11:00,0
1383,169,G0008,1,134.23,2025-05-20 12:36:00,0
1384,289,G0079,3,243.27,2024-02-06 17:01:00,0
1385,37,G0054,3,366.84,2024-03-23 12:14:00,PROMO04
1386,67,G0035,3,169.53,2024-02-12 11:33:00,0
1387,255,G0065,1,277.19,2024-12-24 14:29:00,0
1388,156,G0030,1,212.39,2024-02-26 11:41:00,0
1389,101,G0069,3,80.63,2025-01-23 17:12:00,0
1390,10,G0071,2,106.46,2024-02-23 17:38:00,0
1391,194,G0017,2,148.16,2025-03-13 11:45:00,0
1392,60,G0057,1,123.21,2025-01-11 13:23:00,0
1393,176,G0056,1,278.01,2024-08-31 17:15:00,0
1394,6,G0030,2,212.39,2024-02-16 15:33:00,PROMO01
1395,128,G0008,1,134.23,2024-02-28 10:34:00,0
1396,93,G0037,1,217.09,2024-11-17 14:05:00,0
1397,921,G0038,1,355.75,2025-02-11 14:33:00,0
1398,63,G0010,1,273.15,2024-09-13 14:09:00,PROMO02
1399,254,G0046,1,255.5,2025-03-30 09:34:00,0
1400,188,G0071,2,106.46,2024-09-07 11:55:00,0
1401,137,G0041,3,113.26,2025-05-30 16:32:00,0
1402,178,G0053,3,64.52,2025-05-12 11:45:00,0
1403,105,G0018,3,221.9,2024-08-24 11:18:00,0
1404,284,G0027,1,76.44,2025-01-16 11:55:00,0
1405,73,G0005,1,289.63,2025-03-26 10:48:00,0
1406,233,G0015,1,191.62,2025-05-25 10:55:00,0
1407,139,G0036,3,99.02,2025-01-28 12:44:00,0
1408,44,G0008,2,134.23,2025-01-28 16:38:00,0
1409,196,G0050,2,209.49,2024-02-15 09:31:00,0
1410,195,G0024,3,136.07,2025-03-17 11:55:00,0
1411,157,G0005,3,289.63,2024-12-22 09:50:00,PROMO03
1412,135,G0076,1,255.11,2024-01-29 14:25:00,0
1413,223,G0055,3,207.21,2024-02-28 11:05:00,0
1414,284,G0050,-3,209.49,2024-10-21 16:00:00,PROMO04
1415,218,G0074,3,157.49,2025-06-15 14:14:00,0
1416,196,G0060,3,216.3,2024-08-31 16:03:00,0
1417,8,G0036,3,99.02,2024-10-07 14:12:00,0
1418,128,G0070,2,-49.92,2024-12-11 12:06:00,0
1419,20,G0079,2,243.27,2025-01-05 16:58:00,0
1420,129,G0078,1,244.12,2024-05-07 13:05:00,0
1421,165,G0034,1,-227.51,2025-03-30 17:37:00,0
1422,226,G0002,2,51.59,,PROMO04
1423,285,G0028,2,74.77,2024-02-29 14:10:00,0
1424,41,G0036,3,99.02,2024-11-17 15:42:00,PROMO04
1425,93,G0034,2,227.51,2024-09-22 11:58:00,PROMO02
1426,117,G0023,1,52.23,2024-02-20 16:47:00,0
1427,20,G0024,3,136.07,2025-06-02 15:58:00,PROMO03
1428,917,G0071,3,106.46,2024-08-21 17:35:00,0
1429,133,G0033,1,217.97,2024-12-27 11:40:00,0
1430,23,G0077,1,171.46,2024-12-24 16:08:00,0
1431,260,G0057,1,123.21,2025-06-07 13:51:00,0
1432,105,G0042,3,256.09,2025-01-15 10:44:00,0
1433,213,G0010,3,273.15,2025-03-12 10:15:00,PROMO02
1434,13,G0042,3,256.09,2025-01-03 14:21:00,0
1435,209,G0048,2,116.64,2024-10-28 11:36:00,0
1436,83,G0048,1,116.64,2024-10-24 09:00:00,PROMO01
1437,55,G0078,1,244.12,2024-11-16 12:49:00,0
1438,261,G0075,3,58.76,2024-12-18 14:16:00,PROMO04
1439,299,G0005,3,289.63,2024-06-02 11:04:00,0
1440,41,G0010,1,273.15,2025-05-30 17:19:00,PROMO04
1441,276,G0016,3,233.36,2024-02-22 16:50:00,0
1442,269,G0067,2,207.06,2024-11-20 13:16:00,0
1443,295,G0038,1,355.75,2024-12-02 17:32:00,0
1444,186,G0030,2,212.39,2024-11-18 12:48:00,0
1445,60,G0031,2,339.08,2025-02-23 10:02:00,0
1446,181,G0072,3,366.53,2024-03-19 09:45:00,PROMO04
1447,118,G0058,2,231.17,2024-08-23 17:17:00,0
1448,65,G0069,1,80.63,2025-02-21 17:41:00,0
1449,71,G0078,2,244.12,2024-10-20 15:11:00,0
1450,61,G0011,2,104.53,2025-03-07 09:08:00,0
1451,76,G0074,2,157.49,2024-07-21 11:47:00,PROMO04
1452,8,G0022,1,337.9,2025-03-04 09:48:00,0
1453,284,G0061,3,172.06,2024-04-13 09:58:00,0
1454,18,G0056,1,278.01,2024-06-19 11:40:00,PROMO02
1455,264,G0068,2,125.73,,0
1456,206,G0072,1,366.53,2024-10-27 09:11:00,0
1457,173,G0076,3,255.11,2024-04-20 17:17:00,PROMO01
1458,38,G0046,2,255.5,2025-02-22 13:38:00,0
1459,224,G0038,2,355.75,2024-05-17 11:20:00,0
1460,261,G0011,1,104.53,2024-01-08 13:29:00,0
1461,190,G0059,2,200.65,2024-11-24 16:10:00,0
1462,261,G0076,2,255.11,2024-04-09 11:26:00,0
1463,253,G0044,1,283.11,2025-06-14 09:14:00,PROMO04
1464,147,G0042,2,256.09,2024-11-22 09:06:00,0
1465,74,G0006,3,65.4,2024-08-03 16:07:00,0
1466,143,G0074,3,157.49,2024-11-17 10:31:00,0
1467,146,G0022,1,337.9,2024-10-21 14:21:00,0
1468,225,G9034,1,228.35,2024-10-22 12:05:00,PROMO03
1469,55,G0030,3,212.39,2024-10-12 15:30:00,0
1470,106,G0071,3,106.46,2024-06-21 09:09:00,0
1471,21,G0070,3,49.92,2024-07-18 17:00:00,0
1472,14,G0048,1,116.64,2024-10-15 15:07:00,PROMO04
1473,228,G0067,1,207.06,2025-04-09 13:26:00,0
1474,57,G0016,2,233.36,2025-03-18 10:57:00,0
1475,45,G0018,2,221.9,2024-04-29 17:14:00,PROMO01
1476,114,G0010,2,273.15,2024-06-09 11:17:00,0
1477,142,G0059,3,200.65,2025-06-09 13:14:00,0
1478,38,G0041,1,113.26,2025-03-19 12:21:00,0
1479,267,G0041,1,113.26,2024-02-06 11:43:00,PROMO01
1480,126,G0018,3,221.9,2025-01-20 12:19:00,PROMO02
1481,101,G0034,2,227.51,2024-06-04 10:39:00,0
1482,96,G0064,2,85.91,2024-05-14 09:53:00,0
1483,46,G0067,3,207.06,2024-08-07 11:56:00,0
1484,35,G0063,3,121.9,2024-08-01 10:33:00,0
1485,20,G0054,3,366.84,2024-09-26 12:42:00,0
1486,299,G0031,3,339.08,2024-12-23 16:55:00,0
1487,93,G0039,1,-266.45,2024-10-26 10:47:00,0
1488,251,G0051,3,255.86,2024-12-31 09:17:00,0
1489,152,G0013,1,273.26,2024-04-25 09:07:00,PROMO03
1490,215,G0058,2,231.17,2024-09-10 13:06:00,0
1491,60,G0023,2,52.23,2024-11-22 11:52:00,0
1492,178,G0051,3,255.86,2024-05-11 13:33:00,0
1493,248,G0063,3,121.9,2025-02-25 09:17:00,0
1494,15,G0038,2,355.75,2025-06-03 11:20:00,0
1495,210,G0008,3,134.23,2024-11-26 12:16:00,0
1496,163,G0053,2,64.52,2025-03-28 12:48:00,0
1497,134,G0007,2,55.49,2025-05-12 13:36:00,0
1498,174,G0006,2,65.4,2025-04-03 16:52:00,0
1499,294,G0022,3,337.9,2024-07-30 13:18:00,0
1500,57,G0079,3,243.27,2024-12-03 16:28:00,0
1501,277,G0003,3,150.98,2024-01-22 13:07:00,0
1502,47,G0043,-2,253.63,2024-03-05 11:58:00,0
1503,266,G0027,2,76.44,2024-07-22 11:30:00,PROMO04
1504,118,G0038,1,355.75,2025-01-17 11:33:00,0
1505,111,G0071,3,106.46,2024-09-11 14:24:00,PROMO01
1506,11,G0068,1,125.73,2025-05-28 11:16:00,0
1507,249,G0006,1,65.4,2024-10-16 17:56:00,0
1508,118,G0032,1,84.76,2024-10-05 13:29:00,0
1509,194,G0052,1,-212.87,2024-10-03 16:40:00,PROMO01
1510,38,G0065,3,277.19,2025-03-01 15:02:00,0
1511,278,G0078,1,244.12,2024-04-07 12:16:00,0
1512,201,G0025,3,216.35,2024-11-15 11:48:00,0
1513,218,G0066,3,241.7,2024-01-24 15:05:00,0
1514,235,G0026,1,81.24,2024-09-27 11:06:00,PROMO04
1515,193,G0038,2,355.75,,0
1516,209,G0072,2,366.53,2025-05-09 17:18:00,0
1517,274,G0065,1,277.19,2025-01-26 13:16:00,0
1518,255,G0051,2,255.86,2024-04-20 09:33:00,0
1519,296,G0004,2,107.07,2024-08-25 13:11:00,0
1520,245,G0073,1,179.77,2024-11-14 13:02:00,0
1521,43,G0013,3,273.26,2024-06-22 16:00:00,0
1522,251,G0076,1,255.11,2024-03-26 15:04:00,0
1523,243,G0067,3,207.06,2024-08-26 10:09:00,0
1524,253,G0033,2,217.97,2024-11-14 10:41:00,0
1525,78,G0005,2,289.63,2025-02-20 14:17:00,PROMO03
1526,108,G0072,2,366.53,2025-05-26 09:04:00,0
1527,121,G0042,2,256.09,2025-05-09 11:00:00,0
1528,42,G9030,2,-297.49,2024-03-20 10:28:00,0
1529,7,G0021,3,145.46,2024-05-04 09:50:00,0
1530,225,G0015,1,191.62,2025-03-10 17:20:00,0
1531,269,G0063,1,121.9,2025-03-04 09:03:00,0
1532,152,G0016,2,233.36,2024-10-28 09:13:00,0
1533,139,G0067,2,207.06,2025-01-15 17:29:00,0
1534,85,G0019,2,354.11,2025-06-19 10:11:00,0
1535,191,G0067,3,207.06,2024-09-14 16:58:00,0
1536,108,G0043,3,253.63,2024-05-18 09:45:00,0
1537,243,G0002,2,51.59,2025-03-02 10:20:00,0
1538,241,G0009,1,176.47,2024-11-15 09:57:00,0
1539,103,G0013,3,273.26,2025-04-14 15:19:00,0
1540,32,G0080,2,138.35,2024-06-09 14:08:00,0
1541,287,G0029,2,228.35,2024-01-15 13:56:00,PROMO03
1542,146,G0055,3,207.21,2024-11-09 11:57:00,0
1543,207,G0033,3,217.97,2024-07-26 09:18:00,0
1544,79,G0014,3,297.49,2024-08-09 14:35:00,0
1545,135,G0073,1,179.77,2024-05-09 11:10:00,0
1546,197,G0043,3,253.63,2024-10-10 14:38:00,PROMO04
1547,108,G0022,1,-337.9,2024-08-25 15:41:00,PROMO01
1548,76,G0019,1,354.11,2025-05-01 16:42:00,PROMO03
1549,40,G0007,1,-55.49,2025-06-07 13:34:00,0
1550,218,G0061,2,172.06,2024-11-05 09:42:00,0
1551,61,G0031,3,339.08,,0
1552,198,G0061,2,172.06,2024-11-15 16:49:00,0
1553,163,G0068,1,125.73,2024-08-07 13:10:00,PROMO03
1554,74,G0056,3,278.01,2025-03-28 14:29:00,0
1555,129,G0016,3,233.36,2025-03-21 13:24:00,0
1556,92,G0004,2,107.07,2025-04-22 10:32:00,0
1557,178,G0055,1,207.21,2024-07-14 17:08:00,0
1558,92,G0002,1,51.59,2025-03-28 15:19:00,0
1559,100,G9043,3,124.6,2024-11-13 17:57:00,0
1560,189,G0033,3,217.97,2024-01-14 16:06:00,0
1561,18,G0036,3,99.02,2025-05-05 11:38:00,0
1562,130,G0036,3,99.02,2024-02-28 11:39:00,PROMO01
1563,242,G0078,3,244.12,2025-04-10 11:28:00,0
1564,243,G0070,1,49.92,2024-02-09 17:02:00,0
1565,79,G0023,1,52.23,2024-03-25 14:02:00,0
1566,62,G0008,2,134.23,2024-03-04 13:16:00,0
1567,279,G0036,1,99.02,2024-01-18 17:06:00,0
1568,163,G0022,3,337.9,2025-01-10 14:05:00,0
1569,207,G0054,3,366.84,2024-03-03 17:09:00,0
1570,257,G0019,3,354.11,2024-09-30 17:11:00,0
1571,228,G0006,2,65.4,2024-07-22 09:50:00,0
1572,210,G0023,3,52.23,2024-01-04 12:38:00,0
1573,288,G0045,1,245.46,2024-12-15 15:01:00,0
1574,45,G0073,2,179.77,2024-03-31 16:37:00,0
1575,47,G0024,3,136.07,2024-03-29 10:08:00,0
1576,11,G0022,1,337.9,2024-08-10 11:25:00,0
1577,236,G0011,3,104.53,2024-09-09 13:02:00,0
1578,98,G0017,2,148.16,2024-02-24 16:05:00,0
1579,147,G0023,2,52.23,2024-05-23 10:07:00,0
1580,212,G0029,1,228.35,2024-10-06 14:26:00,PROMO02
1581,152,G0034,3,227.51,2025-03-26 11:27:00,0
1582,251,G0046,3,255.5,2025-01-07 10:21:00,0
1583,268,G0058,3,231.17,2024-06-23 13:37:00,0
1584,300,G0050,1,209.49,2024-08-03 12:43:00,PROMO04
1585,178,G0037,1,217.09,2024-12-16 14:43:00,0
1586,258,G0071,3,106.46,2024-10-02 11:34:00,0
1587,108,G0034,1,227.51,2025-04-23 16:32:00,0
1588,60,G0067,3,207.06,2024-07-09 09:29:00,0
1589,240,G0076,2,255.11,2025-01-16 16:14:00,0
1590,18,G0042,3,256.09,2024-04-17 09:29:00,0
1591,5,G0021,2,145.46,2025-05-01 15:00:00,0
1592,52,G0024,2,136.07,2024-11-09 12:57:00,0
1593,280,G0024,1,136.07,2025-03-25 12:22:00,0
1594,234,G0076,3,255.11,2025-03-21 09:45:00,0
1595,243,G0032,2,84.76,2025-01-17 15:57:00,0
1596,248,G0052,2,212.87,2024-02-11 10:29:00,PROMO02
1597,260,G0014,2,297.49,2025-03-12 14:51:00,0
1598,296,G0052,3,212.87,2024-01-30 15:28:00,0
1599,86,G0039,3,266.45,2025-06-20 16:07:00,0
1600,291,G0018,1,221.9,2024-12-07 15:01:00,0
1601,28,G0012,-2,305.64,2024-05-24 11:08:00,0
1602,235,G0051,1,255.86,2025-04-16 15:56:00,0
1603,76,G0026,1,81.24,2024-11-04 16:28:00,0
1604,95,G0031,1,339.08,2025-03-23 11:19:00,0
1605,126,G0020,3,74.45,2025-01-18 10:26:00,0
1606,82,G0045,1,245.46,2025-04-27 17:15:00,0
1607,202,G0028,2,74.77,2025-01-20 10:52:00,0
1608,125,G0013,2,273.26,,0
1609,69,G0052,2,212.87,2024-10-16 11:05:00,0
1610,218,G0077,2,171.46,2024-03-14 10:43:00,0
1611,14,G0029,3,228.35,2024-07-01 15:20:00,0
1612,189,G0047,2,224.62,2025-05-28 10:02:00,0
1613,204,G0010,3,273.15,2024-08-23 15:55:00,0
1614,97,G0006,1,65.4,2024-11-05 15:03:00,0
1615,174,G0050,3,209.49,2024-07-03 09:12:00,0
1616,146,G0040,-2,146.36,2025-05-07 10:01:00,0
1617,216,G0023,1,52.23,2025-02-11 16:28:00,0
1618,55,G0060,1,216.3,2024-12-20 13:35:00,0
1619,52,G0052,1,212.87,2024-06-13 10:19:00,0
1620,295,G0065,2,277.19,2025-04-10 17:04:00,0
1621,206,G0055,1,207.21,2024-11-06 11:06:00,0
1622,60,G0078,2,244.12,2025-05-29 09:56:00,0
1623,243,G0043,3,253.63,2025-01-08 17:48:00,0
1624,92,G0055,3,207.21,2025-01-27 09:56:00,PROMO01
1625,77,G0001,2,124.6,2024-09-21 13:31:00,0
1626,233,G0056,1,278.01,2025-04-20 17:32:00,0
1627,63,G0063,2,121.9,2025-01-10 14:47:00,0
1628,190,G0033,2,217.97,2024-12-11 14:36:00,0
1629,13,G0070,2,49.92,2024-07-02 12:26:00,0
1630,214,G0003,2,150.98,2024-11-28 10:17:00,0
1631,19,G0077,1,171.46,2024-12-31 14:29:00,0
1632,273,G0051,1,255.86,2024-06-28 17:03:00,0
1633,49,G0017,3,148.16,2024-05-28 09:11:00,0
1634,221,G0036,2,99.02,2025-04-14 16:44:00,0
1635,125,G0068,3,125.73,2025-04-14 12:52:00,0
1636,168,G0048,1,116.64,2024-05-30 13:06:00,0
1637,52,G0049,3,120.16,2024-03-21 10:05:00,0
1638,155,G0055,2,207.21,2024-01-23 14:05:00,0
1639,132,G0011,2,104.53,2024-04-29 10:47:00,0
1640,293,G0034,2,227.51,2025-06-10 11:18:00,0
1641,125,G0007,2,55.49,2025-04-29 15:19:00,0
1642,224,G0036,3,99.02,2024-07-09 09:00:00,0
1643,24,G0078,2,244.12,2024-07-04 13:58:00,0
1644,140,G0001,2,124.6,2024-07-31 14:26:00,0
1645,213,G0017,2,148.16,2024-09-30 10:47:00,0
1646,163,G0013,1,273.26,2024-08-18 11:42:00,0
1647,167,G0029,1,228.35,2024-10-21 12:08:00,0
1648,236,G0076,2,255.11,2024-12-02 14:48:00,0
1649,907,G0072,1,366.53,2024-12-17 17:33:00,0
1650,178,G0057,1,123.21,2025-04-18 16:36:00,PROMO04
1651,108,G0069,3,80.63,2024-06-23 10:12:00,0
1652,131,G0052,1,212.87,2024-03-21 09:50:00,0
1653,288,G0045,1,245.46,2024-07-31 09:55:00,0
1654,272,G0048,2,116.64,2024-10-25 14:24:00,0
1655,232,G0060,1,216.3,2024-06-08 10:05:00,0
1656,86,G0080,2,138.35,2025-03-17 11:50:00,0
1657,12,G0037,3,217.09,2025-05-17 16:53:00,PROMO04
1658,276,G0017,2,148.16,2024-05-06 16:30:00,0
1659,112,G0028,1,74.77,2024-10-23 16:34:00,0
1660,82,G0052,3,212.87,2025-02-22 11:13:00,0
1661,112,G0054,3,-366.84,2024-10-12 14:04:00,0
1662,186,G0014,3,297.49,2024-11-21 14:56:00,0
1663,273,G0051,1,255.86,2025-02-17 10:28:00,0
1664,238,G0037,2,217.09,2024-06-09 13:16:00,PROMO02
1665,205,G0037,1,217.09,2025-06-29 13:41:00,0
1666,238,G0023,3,52.23,2024-04-10 12:01:00,0
1667,215,G0054,2,366.84,2024-07-12 15:04:00,0
1668,115,G0018,3,221.9,2025-05-30 15:14:00,PROMO04
1669,12,G0042,3,256.09,2024-09-12 13:27:00,0
1670,242,G0012,2,305.64,2024-01-24 15:22:00,0
1671,200,G0071,-3,106.46,2024-07-16 15:11:00,PROMO02
1672,235,G0048,3,116.64,2024-09-02 14:21:00,0
1673,103,G0042,1,256.09,2024-10-27 11:20:00,0
1674,16,G0027,3,76.44,,0
1675,228,G0031,1,339.08,2025-04-17 15:33:00,0
1676,57,G0078,2,244.12,2024-06-12 17:52:00,0
1677,36,G0001,3,124.6,2024-02-03 10:48:00,0
1678,209,G0067,2,207.06,2025-01-29 12:17:00,0
1679,214,G0034,3,227.51,2024-05-03 17:54:00,0
1680,274,G0004,2,107.07,2025-05-07 13:31:00,0
1681,31,G0038,2,355.75,2024-02-10 17:11:00,0
1682,262,G0057,2,123.21,2024-05-07 09:20:00,0
1683,135,G0075,1,58.76,2024-06-22 09:44:00,0
1684,174,G0019,1,354.11,2025-05-09 16:49:00,0
1685,50,G0043,3,253.63,2024-03-16 12:22:00,0
1686,252,G0032,2,84.76,2024-12-16 13:09:00,0
1687,228,G0043,2,253.63,2024-09-21 12:11:00,0
1688,19,G0018,1,221.9,2025-06-18 12:06:00,0
1689,114,G0048,3,116.64,2025-01-06 17:41:00,0
1690,158,G0021,3,145.46,2024-11-08 09:30:00,0
1691,226,G0038,1,355.75,2024-05-11 15:27:00,0
1692,150,G0050,2,209.49,2024-08-21 17:40:00,0
1693,109,G0075,2,58.76,2024-05-31 14:49:00,0
1694,133,G0047,3,224.62,2025-06-04 12:47:00,0
1695,265,G0052,2,212.87,2024-06-23 10:08:00,PROMO02
1696,257,G0041,3,113.26,2025-01-18 15:35:00,0
1697,249,G0022,3,337.9,2025-05-08 13:52:00,0
1698,195,G0002,3,51.59,2024-03-07 10:46:00,0
1699,159,G0027,1,76.44,2024-06-02 12:19:00,0
1700,62,G0026,2,81.24,2025-05-25 17:23:00,0
1701,7,G0068,1,125.73,2024-07-26 11:53:00,0
1702,17,G0052,3,212.87,2024-04-11 10:01:00,PROMO01
1703,139,G0071,3,106.46,2024-03-22 15:31:00,PROMO01
1704,229,G0073,3,179.77,2024-09-10 10:06:00,0
1705,94,G0032,1,84.76,2025-04-12 17:53:00,0
1706,137,G0071,2,106.46,2024-04-03 16:02:00,0
1707,33,G9009,3,148.16,2024-11-06 17:01:00,0
1708,117,G0032,3,84.76,2025-05-03 17:19:00,0
1709,275,G0007,2,55.49,2024-03-15 11:12:00,0
1710,60,G0057,1,123.21,2025-05-02 10:29:00,0
1711,278,G0076,1,255.11,2025-05-13 12:17:00,0
1712,5,G0075,2,58.76,2024-04-24 13:21:00,0
1713,227,G0025,3,216.35,2025-04-12 16:33:00,PROMO03
1714,209,G0077,2,171.46,2025-05-19 15:33:00,0
1715,169,G0065,2,277.19,2025-06-10 14:56:00,0
1716,154,G0034,3,227.51,2024-09-11 16:28:00,0
1717,288,G0065,2,277.19,2025-03-26 14:33:00,0
1718,94,G0063,1,121.9,2024-11-22 12:40:00,PROMO04
1719,254,G0021,1,145.46,2024-03-08 12:10:00,0
1720,156,G0013,2,273.26,2024-12-16 13:40:00,0
1721,276,G0024,1,136.07,2024-04-21 09:51:00,0
1722,110,G0040,3,146.36,2024-11-08 15:19:00,0
1723,272,G0061,1,172.06,2024-11-03 14:10:00,PROMO02
1724,293,G0020,2,74.45,2024-06-09 15:20:00,0
1725,203,G0022,1,337.9,2024-06-09 13:16:00,0
1726,265,G0061,3,172.06,2025-03-02 16:35:00,0
1727,138,G0030,2,212.39,2025-04-28 17:51:00,PROMO03
1728,190,G0019,2,354.11,2024-12-07 14:35:00,0
1729,162,G0058,2,231.17,2025-03-11 12:07:00,0
1730,214,G0001,2,124.6,2024-02-26 09:18:00,PROMO03
1731,72,G0059,2,200.65,2024-01-20 16:41:00,0
1732,104,G0027,3,76.44,2024-09-19 17:19:00,0
1733,192,G0004,2,107.07,2025-03-13 15:35:00,0
1734,167,G0072,3,366.53,2024-07-23 16:41:00,0
1735,258,G0057,2,123.21,2024-04-19 16:19:00,0
1736,83,G0042,3,256.09,2025-05-06 16:38:00,PROMO04
1737,24,G0050,3,209.49,2025-05-13 13:23:00,0
1738,193,G0008,1,134.23,2024-02-27 09:08:00,0
1739,927,G0069,2,80.63,2025-03-24 09:22:00,PROMO01
1740,242,G0018,3,221.9,2024-03-16 10:26:00,0
1741,212,G0020,1,74.45,2024-11-02 12:00:00,0
1742,288,G0012,2,305.64,2024-09-08 15:53:00,0
1743,280,G0034,3,227.51,2025-06-27 13:31:00,0
1744,12,G0018,1,221.9,2024-11-17 09:02:00,PROMO03
1745,229,G0028,-1,74.77,,0
1746,236,G0047,2,224.62,2024-07-22 17:51:00,0
1747,133,G0033,3,217.97,,0
1748,211,G0055,2,207.21,2025-05-13 12:09:00,0
1749,271,G0008,3,134.23,2025-01-17 16:21:00,0
1750,224,G0005,3,289.63,2024-11-30 15:30:00,0
1751,252,G0037,3,217.09,2024-12-07 17:43:00,0
1752,39,G0073,1,179.77,2024-04-25 16:25:00,0
1753,263,G0012,3,305.64,2025-04-24 14:36:00,0
1754,98,G0010,3,273.15,2025-03-17 12:00:00,0
1755,239,G0058,3,231.17,2024-06-04 14:39:00,0
1756,38,G0024,-3,136.07,,0
1757,222,G0003,2,150.98,2024-10-27 12:31:00,0
1758,200,G0003,1,150.98,2024-08-18 14:27:00,0
1759,78,G0034,1,227.51,2024-11-30 14:17:00,0
1760,103,G0074,2,157.49,2024-06-05 14:57:00,0
1761,76,G0027,2,76.44,,0
1762,274,G0078,1,244.12,2024-05-10 12:17:00,0
1763,36,G0042,2,256.09,2024-08-23 09:08:00,0
1764,104,G0039,1,266.45,2025-03-10 14:51:00,PROMO02
1765,112,G0046,1,255.5,2024-05-20 14:28:00,PROMO04
1766,64,G0049,1,120.16,2025-03-30 17:55:00,PROMO02
1767,195,G0007,2,55.49,2025-03-25 13:39:00,0
1768,106,G0049,3,120.16,2024-05-07 13:33:00,0
1769,90,G0065,3,277.19,2025-06-12 09:31:00,0
1770,108,G0016,2,-233.36,2025-01-01 10:12:00,0
1771,163,G0054,1,366.84,2024-08-03 12:33:00,PROMO03
1772,245,G0033,3,217.97,2024-04-24 12:41:00,PROMO01
1773,4,G0049,2,120.16,2025-02-13 12:57:00,PROMO01
1774,182,G0047,2,224.62,2024-03-07 12:32:00,0
1775,154,G0030,3,212.39,2024-03-27 15:56:00,0
1776,200,G0061,1,172.06,2024-10-08 10:56:00,0
1777,166,G0006,1,65.4,2024-09-11 11:31:00,0
1778,5,G0017,3,-148.16,,0
1779,241,G0005,1,289.63,2024-08-02 11:08:00,PROMO03
1780,191,G0080,2,138.35,2024-06-10 15:16:00,0
1781,90,G0067,1,207.06,2024-07-04 09:52:00,0
1782,57,G0021,1,145.46,2025-05-24 12:08:00,0
1783,207,G0048,2,116.64,2024-11-24 09:23:00,0
1784,14,G0043,1,253.63,2025-04-26 17:41:00,0
1785,74,G0053,1,64.52,2025-01-21 15:14:00,0
1786,269,G0022,1,337.9,2024-04-12 11:58:00,0
1787,115,G0012,2,305.64,2024-03-08 10:38:00,0
1788,244,G0060,2,216.3,2025-03-26 09:01:00,0
1789,1,G0040,2,146.36,2025-04-25 13:14:00,PROMO03
1790,66,G0042,3,256.09,2025-01-09 15:44:00,PROMO01
1791,245,G0064,3,85.91,2024-07-19 14:51:00,0
1792,264,G0017,1,148.16,2024-08-18 16:55:00,0
1793,49,G0052,2,212.87,2024-04-17 12:51:00,0
1794,129,G0024,3,136.07,2024-11-04 11:04:00,0
1795,237,G0076,3,255.11,2025-06-13 13:43:00,0
1796,137,G0017,2,148.16,2025-03-08 10:06:00,0
1797,75,G0075,3,58.76,2024-02-05 17:04:00,0
1798,198,G0007,1,55.49,2024-07-05 10:41:00,0
1799,18,G0031,1,339.08,2025-02-10 13:28:00,0
1800,293,G0062,2,-100.05,2024-12-18 13:38:00,0
1801,296,G0052,2,212.87,2024-08-07 09:51:00,0
1802,135,G0070,2,49.92,2024-04-30 13:04:00,0
1803,264,G0044,2,283.11,2024-07-09 13:31:00,0
1804,250,G0071,2,106.46,2024-04-08 11:50:00,0
1805,176,G0067,2,207.06,2024-03-05 10:26:00,0
1806,219,G0004,3,107.07,2024-05-09 09:31:00,0
1807,235,G0015,1,191.62,2024-10-29 09:29:00,0
1808,178,G0040,2,146.36,2025-03-22 13:54:00,0
1809,43,G0065,1,277.19,2025-02-11 09:02:00,0
1810,262,G0025,1,216.35,2024-08-15 17:52:00,0
1811,102,G0046,3,255.5,2024-06-04 11:48:00,0
1812,272,G0068,1,125.73,2025-06-29 14:48:00,0
1813,118,G0068,1,125.73,2025-01-18 15:24:00,0
1814,85,G0080,1,138.35,2024-06-04 13:30:00,0
1815,218,G0026,2,81.24,2024-02-20 16:22:00,PROMO04
1816,152,G0050,3,209.49,2025-03-07 09:15:00,PROMO04
1817,165,G0018,3,221.9,2024-11-03 11:52:00,0
1818,129,G0072,3,366.53,2024-11-15 11:30:00,0
1819,35,G0008,2,134.23,,0
1820,83,G0032,2,84.76,,0
1821,201,G0076,1,255.11,2024-09-11 11:47:00,0
1822,37,G0029,2,228.35,2024-05-23 15:39:00,PROMO01
1823,300,G0020,1,74.45,2025-03-30 11:59:00,0
1824,142,G0042,1,256.09,2024-04-30 16:08:00,0
1825,269,G0014,3,297.49,2025-04-27 15:32:00,0
1826,225,G0039,1,266.45,2025-04-10 17:30:00,0
1827,175,G0035,1,169.53,2025-01-25 09:32:00,0
1828,901,G0015,3,191.62,2025-04-22 17:03:00,0
1829,87,G0063,2,121.9,2024-08-18 14:28:00,0
1830,46,G0078,3,244.12,2025-01-06 17:17:00,0
1831,254,G0056,2,278.01,2024-02-28 12:37:00,0
1832,144,G0036,2,99.02,2025-06-04 17:13:00,0
1833,129,G0046,1,255.5,2024-01-14 14:26:00,0
1834,249,G0032,3,84.76,2025-05-21 09:37:00,0
1835,223,G0035,1,169.53,2025-05-14 12:03:00,0
1836,290,G0049,3,120.16,2025-06-15 10:47:00,PROMO04
1837,22,G0078,1,244.12,2024-04-10 17:42:00,0
1838,61,G0031,2,339.08,2025-03-07 11:03:00,0
1839,21,G0045,3,245.46,2025-03-26 11:03:00,PROMO01
1840,205,G0056,3,278.01,2024-01-27 13:51:00,0
1841,93,G0004,3,107.07,2024-12-02 12:16:00,0
1842,212,G0004,3,107.07,2025-04-12 09:51:00,0
1843,130,G0046,3,255.5,2024-12-18 16:29:00,0
1844,128,G0036,2,99.02,2024-02-18 16:20:00,0
1845,135,G0021,1,145.46,2024-11-25 15:16:00,0
1846,179,G0023,2,52.23,2024-04-01 14:39:00,0
1847,276,G0030,2,212.39,2024-11-09 12:06:00,0
1848,47,G0052,2,212.87,2025-05-24 13:24:00,0
1849,196,G0026,2,81.24,2025-05-12 13:20:00,0
1850,225,G0047,1,224.62,2024-06-21 10:09:00,0
1851,58,G9033,3,216.35,2024-11-13 09:21:00,PROMO03
1852,287,G0069,1,80.63,2025-02-11 11:31:00,0
1853,39,G0026,1,81.24,2024-04-02 13:40:00,0
1854,208,G0034,1,227.51,2024-12-14 10:05:00,0
1855,204,G0018,2,221.9,2024-04-16 09:52:00,0
1856,151,G0079,3,243.27,2024-03-25 16:52:00,0
1857,116,G0057,1,123.21,2024-09-08 12:41:00,0
1858,141,G0004,2,107.07,2024-08-17 14:55:00,0
1859,113,G0032,1,84.76,2025-03-26 13:25:00,0
1860,111,G0019,1,354.11,2024-10-30 15:49:00,0
1861,11,G0079,2,243.27,2025-03-25 15:43:00,0
1862,283,G0073,1,179.77,2025-02-26 11:33:00,0
1863,266,G0075,2,58.76,2025-01-31 16:10:00,0
1864,187,G0034,2,227.51,2025-01-14 12:33:00,0
1865,121,G0041,3,113.26,2024-12-31 16:54:00,0
1866,69,G0042,3,256.09,2024-09-09 12:59:00,0
1867,297,G0017,1,148.16,2025-06-03 09:26:00,0
1868,275,G0041,1,113.26,2024-08-21 15:14:00,0
1869,284,G0029,2,228.35,2024-10-02 09:44:00,0
1870,28,G0059,3,200.65,2025-03-24 15:04:00,0
1871,224,G0009,1,176.47,2024-01-23 09:09:00,0
1872,287,G0008,2,134.23,2025-05-03 10:33:00,PROMO02
1873,33,G0046,1,255.5,2024-10-09 14:59:00,0
1874,15,G0077,2,171.46,2025-03-17 17:19:00,0
1875,69,G0051,1,255.86,2025-04-07 12:26:00,0
1876,156,G0043,1,253.63,2025-06-04 10:19:00,PROMO02
1877,277,G0076,2,255.11,2024-01-07 11:26:00,PROMO01
1878,184,G0076,1,255.11,2024-03-13 17:00:00,0
1879,272,G0053,3,64.52,2024-06-14 15:35:00,0
1880,128,G0077,1,171.46,2024-07-04 09:35:00,0
1881,254,G0016,2,233.36,2024-04-01 12:18:00,0
1882,207,G0074,3,157.49,2025-01-31 11:15:00,0
1883,196,G0061,1,172.06,2024-12-17 10:45:00,0
1884,160,G0046,1,255.5,2025-03-16 16:11:00,PROMO04
1885,47,G0024,2,136.07,2025-02-15 14:02:00,0
1886,180,G0011,2,104.53,2025-04-07 10:02:00,0
1887,269,G0033,1,217.97,2024-03-03 14:52:00,PROMO01
1888,192,G0013,1,273.26,2024-01-02 12:21:00,PROMO01
1889,3,G0042,2,256.09,2024-11-09 09:06:00,0
1890,291,G0073,2,179.77,2024-03-12 13:52:00,PROMO02
1891,256,G0024,3,136.07,2024-08-11 10:08:00,PROMO01
1892,80,G0077,2,171.46,2024-06-30 11:20:00,PROMO02
1893,260,G0020,2,74.45,2024-02-01 16:01:00,0
1894,276,G0016,2,233.36,2024-10-25 15:40:00,0
1895,93,G0076,3,255.11,2024-06-20 10:41:00,PROMO04
1896,99,G0078,1,244.12,2024-12-11 16:45:00,PROMO04
1897,230,G0015,3,191.62,2024-03-08 14:15:00,0
1898,188,G0019,1,354.11,2025-05-17 16:19:00,0
1899,207,G0006,2,65.4,2024-03-01 15:56:00,PROMO04
1900,51,G0067,1,207.06,2024-11-24 12:49:00,PROMO04
1901,280,G0026,2,81.24,2024-11-24 13:02:00,0
1902,102,G0038,3,355.75,2025-03-12 13:41:00,0
1903,194,G0011,2,104.53,2024-01-25 15:48:00,0
1904,165,G0072,2,366.53,2025-02-02 11:33:00,0
1905,148,G0008,3,134.23,2024-02-12 11:38:00,0
1906,46,G0040,3,146.36,2024-06-26 11:00:00,0
1907,25,G0069,1,80.63,2024-02-18 11:01:00,PROMO04
1908,97,G0046,-3,255.5,2024-02-23 10:02:00,0
1909,223,G0066,3,241.7,2024-07-01 09:09:00,0
1910,23,G0028,1,74.77,2025-04-13 17:59:00,PROMO02
1911,164,G0010,3,273.15,2024-07-27 09:38:00,0
1912,293,G0079,1,243.27,2024-02-16 16:46:00,PROMO02
1913,60,G0038,1,355.75,2024-09-03 09:17:00,0
1914,170,G0023,2,52.23,2024-08-21 15:56:00,0
1915,206,G0006,1,65.4,2024-05-25 11:11:00,0
1916,133,G0055,3,207.21,2024-11-13 13:54:00,0
1917,140,G0053,3,64.52,2024-01-11 11:01:00,0
1918,212,G0049,2,120.16,2024-07-13 13:01:00,0
1919,250,G0033,3,217.97,2024-01-11 13:04:00,0
1920,203,G0006,3,65.4,2025-04-04 13:47:00,0
1921,115,G0010,3,-273.15,2024-04-27 12:15:00,0
1922,251,G0009,1,176.47,2024-12-01 13:27:00,0
1923,132,G0051,2,255.86,2024-10-20 16:28:00,0
1924,924,G0034,1,227.51,2024-05-02 12:47:00,0
1925,104,G0012,3,305.64,2025-05-24 12:20:00,0
1926,266,G0005,2,289.63,2025-05-05 10:00:00,0
1927,118,G0005,2,289.63,2024-07-07 12:23:00,0
1928,35,G0031,2,339.08,2025-01-14 10:17:00,0
1929,74,G0057,3,123.21,2024-02-12 10:43:00,0
1930,258,G0025,1,216.35,2024-11-21 17:45:00,0
1931,8,G0020,2,74.45,2024-09-13 09:05:00,PROMO03
1932,237,G0026,3,81.24,2024-02-27 13:47:00,0
1933,79,G0038,3,355.75,2024-03-06 16:04:00,0
1934,100,G0043,3,253.63,2025-03-25 17:37:00,0
1935,226,G0009,1,176.47,2025-06-25 10:23:00,0
1936,83,G0019,3,354.11,2024-11-21 10:18:00,0
1937,34,G0053,3,64.52,2024-01-18 12:28:00,0
1938,87,G0042,2,256.09,2024-02-09 13:18:00,0
1939,54,G0030,1,212.39,2025-01-25 17:47:00,0
1940,30,G0050,3,209.49,2024-05-02 10:58:00,PROMO01
1941,289,G0070,1,49.92,2024-01-21 10:48:00,0
1942,244,G0074,3,157.49,2025-01-30 11:26:00,0
1943,199,G0058,3,231.17,2024-08-31 16:30:00,0
1944,129,G0045,3,245.46,2025-04-10 09:26:00,0
1945,79,G0059,3,200.65,2025-01-03 12:47:00,0
1946,147,G0023,2,52.23,2024-09-20 10:33:00,PROMO03
1947,11,G0056,2,278.01,2024-05-27 10:28:00,0
1948,211,G0070,1,49.92,2025-02-15 17:24:00,0
1949,181,G0027,2,76.44,2025-03-07 09:22:00,PROMO04
1950,232,G0057,2,123.21,2025-04-19 11:33:00,0
1951,167,G0052,1,212.87,2025-06-26 17:41:00,0
1952,112,G0025,3,216.35,2024-07-18 14:25:00,PROMO03
1953,238,G0071,2,106.46,2025-01-18 09:48:00,0
1954,110,G0051,1,255.86,2025-04-26 13:49:00,0
1955,232,G0039,3,266.45,2025-02-26 17:25:00,0
1956,112,G0044,3,283.11,2024-06-09 12:54:00,0
1957,265,G0056,1,278.01,2025-03-29 13:10:00,0
1958,106,G0050,3,209.49,2024-06-25 13:55:00,0
1959,289,G0020,3,74.45,2025-02-15 14:17:00,0
1960,102,G0020,2,74.45,2024-11-20 10:33:00,0
1961,67,G0063,2,121.9,2025-06-27 16:17:00,0
1962,19,G0013,1,273.26,2024-03-28 17:26:00,0
1963,28,G0043,-1,253.63,2024-11-16 10:20:00,PROMO03
1964,104,G0020,1,74.45,2024-11-10 16:42:00,0
1965,186,G0080,2,138.35,2025-04-02 16:04:00,0
1966,90,G0038,2,355.75,2024-04-13 15:50:00,0
1967,82,G0020,1,74.45,2025-03-01 12:54:00,0
1968,939,G0021,3,145.46,2025-04-25 13:33:00,0
1969,144,G0032,1,84.76,2024-05-30 16:32:00,PROMO01
1970,21,G0018,2,221.9,2025-04-29 10:41:00,0
1971,88,G0003,3,150.98,2025-01-06 16:11:00,PROMO02
1972,230,G0003,2,150.98,,PROMO01
1973,190,G0009,1,176.47,2024-05-18 15:13:00,0
1974,202,G9032,1,74.45,2024-07-20 12:40:00,PROMO03
1975,150,G0011,2,104.53,2025-05-21 14:18:00,0
1976,214,G0022,2,337.9,2024-09-15 09:44:00,0
1977,144,G0067,1,207.06,2025-05-16 17:47:00,0
1978,86,G0007,3,55.49,,0
1979,135,G0058,2,231.17,2024-12-11 09:37:00,0
1980,235,G0011,2,104.53,2024-02-02 16:29:00,0
1981,6,G0074,1,157.49,2024-11-05 14:17:00,0
1982,241,G0049,2,120.16,2024-02-06 14:35:00,0
1983,139,G9013,2,120.16,2025-01-10 09:59:00,0
1984,218,G0053,3,64.52,2024-12-16 15:00:00,0
1985,178,G0034,3,-227.51,2024-07-16 14:57:00,0
1986,137,G0011,2,104.53,2024-03-27 16:51:00,0
1987,164,G0066,1,241.7,2024-01-24 16:31:00,0
1988,55,G0032,1,84.76,2024-06-30 10:36:00,0
1989,79,G0074,1,157.49,2024-03-30 10:22:00,PROMO01
1990,7,G0044,3,283.11,2024-03-13 17:07:00,0
1991,236,G0043,3,253.63,2024-04-18 13:34:00,0
1992,29,G0018,1,221.9,2024-03-24 12:48:00,0
1993,47,G0001,2,124.6,2024-08-26 11:13:00,0
1994,41,G0050,2,209.49,2025-06-26 14:43:00,0
1995,102,G0064,3,85.91,2024-07-09 15:44:00,0
1996,32,G0057,1,123.21,2025-06-03 09:45:00,0
1997,91,G0026,2,81.24,2024-05-27 13:20:00,PROMO02
1998,64,G0010,1,273.15,2024-07-10 17:23:00,0
1999,117,G0021,2,145.46,2024-10-30 11:24:00,0
2000,260,G0037,1,217.09,2025-03-12 11:51:00,0
2001,177,G0031,3,339.08,2024-01-08 16:54:00,0
2002,129,G0037,1,217.09,2024-03-07 09:24:00,0
2003,253,G0045,3,245.46,2024-03-02 12:58:00,0
2004,221,G0011,3,104.53,2025-04-01 13:34:00,0
2005,46,G0041,3,113.26,2025-01-05 16:23:00,0
2006,34,G0073,2,179.77,2024-11-22 10:00:00,0
2007,246,G0048,2,116.64,2024-11-03 12:36:00,0
2008,161,G0070,3,49.92,2024-07-13 10:38:00,0
2009,88,G0006,3,65.4,2024-12-27 16:58:00,0
2010,237,G0042,2,256.09,2025-04-19 14:43:00,PROMO04
2011,232,G0020,1,74.45,2025-01-29 13:01:00,0
2012,13,G0018,2,221.9,2025-01-25 12:34:00,PROMO02
2013,205,G0047,1,224.62,2025-03-20 10:44:00,0
2014,89,G0020,3,74.45,2024-07-07 17:29:00,0
2015,9,G0051,2,255.86,2024-06-02 14:25:00,0
2016,102,G0003,2,150.98,2025-02-05 11:48:00,0
2017,282,G0036,1,99.02,2024-07-13 12:36:00,0
2018,256,G0056,2,278.01,2024-06-12 15:40:00,0
2019,31,G0046,1,255.5,2024-03-09 15:27:00,PROMO04
2020,149,G0019,1,354.11,2025-06-15 13:16:00,PROMO02
2021,214,G0063,1,121.9,2024-11-11 11:31:00,0
2022,174,G0040,3,146.36,2025-03-15 14:57:00,0
2023,67,G0068,2,125.73,2024-12-15 14:36:00,0
2024,66,G9001,3,116.64,2025-04-29 14:42:00,0
2025,229,G0048,2,116.64,2024-09-09 09:07:00,0
2026,168,G0030,2,212.39,,0
2027,285,G0044,3,283.11,2024-12-05 14:14:00,0
2028,66,G0042,3,256.09,2024-08-22 17:58:00,0
2029,122,G0032,2,84.76,2025-04-26 13:26:00,PROMO03
2030,262,G0013,2,273.26,2024-05-31 12:55:00,0
2031,42,G0068,2,125.73,2025-04-18 14:53:00,0
2032,137,G0009,2,176.47,2025-02-02 10:45:00,0
2033,142,G0019,2,354.11,2024-03-01 09:54:00,0
2034,115,G0001,2,124.6,2024-12-30 15:36:00,0
2035,248,G0072,1,366.53,2024-10-06 17:50:00,PROMO04
2036,161,G0078,3,244.12,2024-07-23 16:10:00,0
2037,97,G0077,3,171.46,2024-05-03 14:04:00,0
2038,32,G0025,3,216.35,2025-05-31 09:32:00,0
2039,193,G0055,3,207.21,,0
2040,105,G0019,2,354.11,2024-01-26 13:45:00,0
2041,216,G0011,2,104.53,2025-04-21 11:31:00,0
2042,76,G0058,3,231.17,2025-01-26 17:31:00,0
2043,228,G0041,1,113.26,,0
2044,102,G0078,2,244.12,2024-10-18 15:52:00,0
2045,66,G0042,1,256.09,2024-05-06 11:50:00,0
2046,168,G0071,2,106.46,2025-01-12 17:06:00,0
2047,193,G0071,1,106.46,2025-03-20 13:35:00,0
2048,203,G0023,2,52.23,2024-02-05 13:22:00,0
2049,166,G0073,3,179.77,2024-02-10 15:47:00,PROMO01
2050,68,G0064,1,85.91,2024-03-10 14:30:00,0
2051,53,G0067,1,207.06,2024-08-28 10:59:00,0
2052,185,G0046,2,255.5,2024-03-24 11:25:00,0
2053,36,G0064,2,85.91,2024-03-04 12:40:00,0
2054,203,G0020,3,74.45,2024-04-01 17:06:00,0
2055,230,G0021,1,145.46,2024-09-24 15:55:00,0
2056,29,G0072,1,366.53,2024-02-23 12:09:00,0
2057,116,G0062,1,100.05,2024-02-13 15:22:00,0
2058,120,G0020,1,74.45,2025-05-27 15:50:00,0
2059,199,G0051,1,255.86,2025-06-06 12:58:00,0
2060,253,G9014,3,107.07,2025-02-28 12:29:00,0
2061,21,G0026,3,81.24,2024-02-06 17:29:00,0
2062,299,G0063,1,121.9,2024-12-23 14:02:00,0
2063,298,G9042,3,116.64,2024-06-17 10:58:00,0
2064,78,G0069,1,80.63,2024-10-15 15:00:00,0
2065,192,G0066,2,241.7,2024-06-12 14:01:00,0
2066,132,G0043,1,253.63,2024-11-30 13:28:00,PROMO04
2067,62,G0037,2,217.09,2024-01-30 15:00:00,0
2068,263,G0052,1,212.87,2024-07-08 17:09:00,0
2069,199,G0014,3,297.49,2024-07-29 11:37:00,0
2070,292,G0039,3,266.45,2024-08-07 12:42:00,PROMO03
2071,185,G0060,1,216.3,2024-08-23 10:17:00,0
2072,130,G0028,3,74.77,2024-01-25 14:47:00,0
2073,111,G0024,2,136.07,2024-07-30 12:36:00,0
2074,199,G0042,2,256.09,,0
2075,85,G0063,2,121.9,2024-10-19 15:42:00,0
2076,128,G0010,3,273.15,2024-04-19 12:35:00,PROMO01
2077,26,G0002,2,51.59,2024-01-01 13:48:00,0
2078,196,G0073,1,179.77,2024-04-09 12:09:00,0
2079,111,G0025,2,216.35,2025-01-16 11:13:00,0
2080,214,G0003,2,-150.98,2024-02-05 10:18:00,PROMO03
2081,73,G0034,2,227.51,2024-07-28 16:20:00,0
2082,16,G0061,1,172.06,2024-01-15 09:53:00,0
2083,121,G0059,3,200.65,2024-10-06 11:43:00,0
2084,289,G0062,1,100.05,2024-06-05 15:32:00,0
2085,204,G0049,1,120.16,2024-02-08 10:32:00,0
2086,239,G0053,1,64.52,2024-01-14 14:53:00,0
2087,23,G0009,2,176.47,2024-10-15 15:26:00,0
2088,104,G0035,1,169.53,2024-10-05 14:13:00,PROMO02
2089,121,G0058,1,231.17,2024-02-15 11:08:00,PROMO04
2090,287,G0063,1,121.9,2024-02-18 09:19:00,0
2091,46,G0077,2,171.46,2025-04-12 16:39:00,0
2092,279,G0021,2,145.46,2025-01-15 11:28:00,0
2093,277,G0019,2,354.11,2024-12-21 16:25:00,0
2094,298,G0052,2,212.87,2025-04-23 10:28:00,PROMO03
2095,76,G0064,3,85.91,2025-02-21 10:58:00,0
2096,222,G0012,3,305.64,2024-09-16 16:59:00,PROMO03
2097,184,G0060,2,216.3,2024-06-17 17:09:00,PROMO03
2098,260,G0019,3,354.11,2024-12-15 16:06:00,0
2099,82,G0074,1,157.49,2024-07-29 15:14:00,0
2100,203,G0011,-2,104.53,2024-04-24 11:51:00,PROMO01
2101,267,G0014,3,297.49,2024-01-05 17:27:00,0
2102,282,G0022,3,337.9,2024-08-20 15:51:00,0
2103,172,G0063,1,121.9,2024-11-29 10:38:00,0
2104,192,G0071,2,106.46,2025-06-19 10:33:00,0
2105,202,G0029,3,228.35,2024-12-25 16:16:00,0
2106,55,G0029,3,228.35,2025-04-09 11:20:00,0
2107,97,G0001,3,124.6,2024-04-20 15:08:00,0
2108,37,G0040,1,146.36,2025-02-19 10:31:00,0
2109,108,G0070,3,49.92,2024-04-08 11:16:00,PROMO02
2110,13,G0003,1,150.98,2024-10-29 11:17:00,0
2111,96,G0010,1,273.15,2024-09-16 11:02:00,0
2112,61,G0055,2,207.21,2025-02-16 15:47:00,0
2113,154,G0044,2,283.11,2025-01-18 17:56:00,0
2114,220,G0080,3,138.35,2025-05-04 17:29:00,0
2115,22,G0063,1,121.9,2025-05-26 15:32:00,0
2116,16,G0033,3,217.97,2025-04-29 10:55:00,PROMO04
2117,276,G0013,2,273.26,2024-12-25 17:30:00,PROMO04
2118,14,G0049,1,120.16,2025-05-14 13:37:00,0
2119,45,G0061,2,172.06,2024-04-04 13:25:00,0
2120,49,G0059,2,200.65,2024-12-11 15:30:00,0
2121,241,G0005,2,289.63,2024-11-13 15:31:00,0
2122,232,G0028,3,74.77,2025-02-24 17:42:00,0
2123,66,G0076,3,255.11,2024-01-29 14:36:00,PROMO04
2124,36,G0065,1,277.19,2025-04-19 14:30:00,0
2125,290,G0050,3,209.49,2024-02-19 15:04:00,0
2126,61,G0067,2,207.06,2024-06-27 11:54:00,PROMO03
2127,84,G0006,2,65.4,2024-12-05 11:53:00,0
2128,80,G0010,1,273.15,2025-05-08 14:11:00,0
2129,3,G0050,3,209.49,2024-06-29 09:17:00,0
2130,23,G0039,1,266.45,2024-08-16 11:58:00,0
2131,299,G0064,1,85.91,2025-03-31 15:19:00,0
2132,60,G0013,1,273.26,2024-05-22 17:48:00,0
2133,289,G0004,2,107.07,2025-05-23 13:47:00,0
2134,221,G0003,3,150.98,2025-06-21 12:51:00,PROMO03
2135,279,G0014,2,297.49,2025-04-30 12:00:00,0
2136,224,G0072,3,366.53,2025-03-08 15:28:00,0
2137,45,G0034,3,227.51,2025-01-01 13:33:00,0
2138,260,G0032,1,84.76,2024-05-03 09:50:00,0
2139,45,G0074,-1,157.49,2024-07-20 13:13:00,0
2140,280,G0048,3,116.64,2024-09-26 12:18:00,0
2141,95,G0075,2,58.76,2024-04-28 15:10:00,0
2142,119,G0026,1,81.24,2024-11-03 16:45:00,0
2143,201,G0002,2,51.59,2024-03-02 17:59:00,0
2144,7,G0015,3,191.62,2024-09-29 14:08:00,0
2145,919,G0039,1,266.45,2024-11-23 12:13:00,PROMO04
2146,110,G0025,3,216.35,2025-05-01 12:18:00,0
2147,110,G0013,1,273.26,2025-02-01 10:53:00,0
2148,278,G0010,1,273.15,2024-05-10 17:26:00,PROMO02
2149,35,G0062,3,100.05,2024-03-15 16:16:00,0
2150,127,G0053,3,64.52,2025-01-05 16:19:00,PROMO03
2151,209,G0008,2,134.23,2024-02-13 11:35:00,PROMO04
2152,15,G0025,3,216.35,2025-01-17 11:23:00,0
2153,116,G0017,2,148.16,2025-06-05 16:08:00,PROMO02
2154,124,G0077,3,171.46,2024-10-21 13:49:00,0
2155,39,G0056,3,278.01,2024-02-01 15:25:00,0
2156,288,G0011,3,104.53,2024-05-29 13:15:00,0
2157,21,G0048,2,116.64,2025-02-06 12:43:00,0
2158,175,G0039,3,266.45,2024-11-30 14:44:00,PROMO04
2159,262,G0063,2,121.9,2024-05-20 16:09:00,0
2160,47,G0063,2,121.9,2025-06-29 12:04:00,0
2161,33,G0033,3,217.97,2024-10-01 16:02:00,PROMO03
2162,263,G0030,2,212.39,2024-11-27 11:45:00,PROMO02
2163,179,G0040,1,146.36,2024-12-09 12:37:00,0
2164,211,G0036,2,99.02,2025-03-10 17:47:00,0
2165,97,G0079,1,243.27,2024-10-29 17:37:00,0
2166,186,G0070,3,49.92,2024-11-24 17:24:00,0
2167,237,G0075,3,58.76,2024-06-26 11:35:00,0
2168,150,G0032,1,84.76,2024-12-11 16:43:00,0
2169,255,G0048,1,116.64,2025-02-05 17:23:00,0
2170,139,G0073,2,179.77,,0
2171,37,G0033,1,217.97,2025-01-20 09:53:00,0
2172,202,G0001,1,124.6,2024-07-12 15:48:00,0
2173,131,G0064,2,85.91,2024-10-10 17:59:00,0
2174,216,G0026,2,81.24,2024-02-22 15:23:00,PROMO04
2175,56,G0061,2,172.06,2025-01-31 11:06:00,0
2176,72,G0024,1,136.07,2025-01-05 15:29:00,0
2177,28,G0006,1,65.4,2024-10-11 09:44:00,0
2178,275,G0035,1,169.53,2024-04-08 13:46:00,PROMO04
2179,105,G0006,3,65.4,2024-03-02 14:23:00,0
2180,173,G0080,3,138.35,2024-10-10 13:17:00,0
2181,124,G0030,1,212.39,2024-09-30 15:26:00,PROMO03
2182,122,G0020,1,74.45,2024-11-20 11:48:00,0
2183,88,G0050,1,209.49,2024-01-18 14:03:00,PROMO01
2184,293,G0079,2,243.27,2025-05-12 14:19:00,0
2185,127,G0053,1,64.52,2024-09-04 14:13:00,0
2186,85,G0023,1,52.23,2024-10-13 11:48:00,0
2187,123,G0040,2,146.36,2025-01-30 11:28:00,0
2188,119,G0013,1,273.26,2025-02-22 11:05:00,0
2189,227,G0020,3,74.45,2025-01-28 13:15:00,PROMO04
2190,12,G0070,2,49.92,2024-07-29 14:02:00,PROMO04
2191,224,G0068,2,125.73,2024-11-25 12:28:00,0
2192,260,G0079,2,243.27,2025-03-28 12:59:00,0
2193,191,G0019,3,354.11,2024-03-20 11:34:00,0
2194,194,G0022,2,337.9,2024-07-31 10:52:00,0
2195,181,G0052,2,212.87,2024-09-11 14:44:00,0
2196,119,G0049,3,120.16,2025-04-25 16:52:00,PROMO02
2197,34,G0058,3,231.17,2024-01-23 11:18:00,0
2198,177,G0047,2,224.62,2024-01-21 16:57:00,0
2199,229,G0055,1,207.21,2025-03-23 14:14:00,0
2200,118,G0035,2,169.53,2024-09-23 10:26:00,0
2201,87,G0029,3,228.35,2025-06-13 12:40:00,0
2202,101,G0005,2,289.63,2025-01-08 09:17:00,0
2203,118,G0012,3,305.64,2024-06-11 09:15:00,0
2204,284,G0007,2,55.49,2024-03-22 12:07:00,0
2205,131,G0058,1,231.17,2024-10-27 13:00:00,0
2206,224,G9021,1,99.02,2024-08-22 16:30:00,0
2207,86,G0067,1,207.06,2024-08-25 10:59:00,PROMO01
2208,294,G0023,2,52.23,2025-04-26 16:13:00,PROMO02
2209,121,G0003,1,150.98,2024-03-19 11:26:00,0
2210,52,G0035,1,169.53,2024-05-07 10:56:00,0
2211,284,G0048,3,116.64,2024-07-02 15:46:00,0
2212,96,G0032,1,84.76,2024-11-29 15:00:00,PROMO03
2213,263,G0003,3,150.98,2025-05-31 14:30:00,PROMO04
2214,70,G0022,1,337.9,2025-04-25 10:08:00,0
2215,68,G0031,3,339.08,2025-01-11 10:14:00,0
2216,143,G0060,-1,216.3,2025-04-10 12:14:00,0
2217,57,G0032,1,84.76,2024-02-13 13:36:00,0
2218,194,G0018,1,221.9,2024-10-21 17:11:00,0
2219,251,G0051,3,255.86,2025-02-17 11:15:00,PROMO04
2220,267,G0046,3,255.5,2025-02-18 10:13:00,0
2221,269,G0053,1,64.52,2025-05-30 17:21:00,PROMO02
2222,19,G0027,1,76.44,2025-01-11 10:39:00,0
2223,60,G0078,2,244.12,2025-01-26 09:23:00,0
2224,192,G0004,2,107.07,2025-05-13 12:19:00,0
2225,9,G0028,2,74.77,2024-05-30 12:31:00,0
2226,72,G0039,2,266.45,2024-09-07 14:36:00,0
2227,117,G0057,2,123.21,,0
2228,239,G0048,1,116.64,2025-04-19 17:53:00,0
2229,27,G0032,1,84.76,2024-04-13 11:54:00,0
2230,28,G0045,2,245.46,2025-01-30 17:36:00,PROMO04
2231,40,G0077,2,171.46,2024-12-29 14:34:00,0
2232,283,G0062,1,100.05,2025-05-05 09:41:00,0
2233,170,G0025,2,216.35,2025-06-02 17:26:00,0
2234,52,G0019,3,354.11,2024-10-03 10:21:00,0
2235,261,G0028,3,74.77,2025-06-17 14:21:00,0
2236,230,G0052,2,212.87,,0
2237,168,G0037,2,217.09,2024-02-22 11:50:00,0
2238,300,G0016,2,233.36,2025-05-14 11:19:00,0
2239,264,G0005,3,289.63,2025-06-02 13:17:00,0
2240,79,G0049,2,120.16,2025-03-26 16:57:00,0
2241,137,G0019,1,354.11,2024-07-20 11:30:00,0
2242,197,G0036,2,99.02,2024-08-13 14:37:00,0
2243,156,G0002,1,51.59,2024-07-18 13:14:00,0
2244,100,G0054,1,366.84,2025-03-13 10:16:00,0
2245,131,G0027,1,76.44,2024-03-08 15:43:00,0
2246,20,G0034,3,227.51,2025-05-09 16:27:00,0
2247,113,G0060,1,216.3,2025-05-20 14:08:00,0
2248,236,G0044,3,283.11,2025-01-16 10:50:00,PROMO03
2249,296,G0072,3,366.53,2024-12-04 10:24:00,0
2250,168,G0068,1,125.73,2025-06-16 12:40:00,0
2251,126,G0029,1,228.35,2025-03-20 13:20:00,0
2252,169,G0066,2,241.7,2025-05-25 13:33:00,PROMO04
2253,27,G0076,2,255.11,2024-09-20 11:46:00,0
2254,76,G0072,1,366.53,2024-08-12 13:53:00,PROMO02
2255,238,G0020,1,74.45,2025-06-01 11:12:00,0
2256,205,G0054,3,366.84,2024-12-05 15:40:00,0
2257,125,G0021,3,145.46,2025-05-07 16:54:00,PROMO01
2258,161,G0008,2,-134.23,2025-02-19 14:38:00,0
2259,79,G0054,2,366.84,2024-02-01 09:08:00,0
2260,190,G0016,2,233.36,2024-08-29 17:11:00,0
2261,252,G0051,3,255.86,2024-08-07 09:12:00,0
2262,121,G0037,1,217.09,2024-06-17 17:06:00,0
2263,168,G0076,2,255.11,2024-03-25 09:45:00,0
2264,43,G0002,1,51.59,2025-03-14 13:57:00,0
2265,48,G0020,1,74.45,2024-01-03 09:31:00,0
2266,17,G0018,2,221.9,2025-01-10 09:35:00,0
2267,183,G0074,1,157.49,2024-02-11 15:46:00,0
2268,159,G0043,1,253.63,2024-02-09 15:24:00,PROMO01
2269,21,G0079,1,243.27,2024-07-15 10:28:00,0
2270,201,G0063,1,121.9,2024-09-30 17:35:00,0
2271,270,G0010,3,273.15,2024-10-18 11:18:00,0
2272,237,G0078,2,244.12,2024-06-10 11:03:00,0
2273,264,G0013,2,273.26,2024-08-17 11:34:00,0
2274,17,G0051,2,255.86,2024-06-15 13:49:00,0
2275,232,G0046,3,255.5,,0
2276,206,G0054,1,366.84,2024-11-12 12:12:00,0
2277,108,G0031,2,339.08,2024-06-01 10:15:00,0
2278,19,G0011,1,104.53,2024-04-30 09:48:00,0
2279,230,G0017,1,148.16,2024-03-16 12:30:00,0
2280,171,G0041,3,113.26,2024-09-01 15:32:00,0
2281,223,G0053,1,64.52,2024-11-05 15:38:00,PROMO02
2282,243,G0005,2,289.63,2024-06-09 12:16:00,0
2283,177,G0009,1,176.47,2024-02-02 11:42:00,0
2284,130,G0050,1,209.49,2025-05-24 16:01:00,0
2285,204,G0042,2,256.09,2024-05-16 15:06:00,0
2286,217,G0041,3,113.26,2024-07-07 16:48:00,0
2287,85,G0033,2,217.97,2024-04-05 17:39:00,0
2288,172,G0019,1,354.11,2024-05-23 16:10:00,0
2289,254,G0036,1,99.02,2024-07-03 17:26:00,0
2290,5,G0047,3,224.62,2024-12-17 12:03:00,0
2291,947,G0044,1,283.11,2024-04-17 12:40:00,0
2292,257,G0026,1,81.24,2024-05-31 11:45:00,0
2293,259,G0036,3,99.02,2025-02-04 11:16:00,PROMO02
2294,223,G0006,2,65.4,2024-10-24 15:21:00,0
2295,234,G0006,2,65.4,2024-12-06 15:14:00,0
2296,33,G0061,2,172.06,2025-04-19 16:23:00,PROMO02
2297,162,G0076,1,255.11,2025-04-05 10:16:00,0
2298,20,G0030,3,212.39,2024-09-17 13:14:00,0
2299,3,G0068,1,125.73,2024-02-11 10:25:00,0
2300,231,G0031,2,339.08,2024-01-03 17:51:00,0
2301,39,G0036,3,99.02,2025-03-02 11:45:00,0
2302,157,G0077,3,171.46,2024-02-22 10:17:00,0
2303,298,G0028,3,74.77,2024-10-21 14:56:00,0
2304,121,G0050,3,209.49,2024-12-02 16:12:00,0
2305,103,G0002,3,51.59,2025-03-15 17:54:00,0
2306,126,G0062,1,100.05,2024-04-11 09:18:00,0
2307,133,G0022,3,337.9,2024-10-26 11:32:00,0
2308,213,G0021,2,145.46,2024-07-27 10:12:00,0
2309,186,G0013,2,273.26,2024-11-12 11:45:00,PROMO01
2310,40,G0020,1,74.45,2024-01-04 13:19:00,PROMO01
2311,139,G0023,1,52.23,2025-04-07 11:52:00,0
2312,257,G0069,2,80.63,2025-06-07 09:04:00,0
2313,143,G0011,2,104.53,2024-04-04 13:30:00,0
2314,199,G0025,3,216.35,2024-09-13 09:09:00,0
2315,45,G0009,1,176.47,2024-05-29 11:53:00,0
2316,268,G0069,1,80.63,2025-05-05 09:25:00,PROMO03
2317,16,G0044,2,283.11,2025-03-18 09:40:00,0
2318,263,G0052,1,212.87,2024-06-20 12:52:00,0
2319,248,G0076,3,255.11,2024-03-09 16:32:00,PROMO02
2320,254,G0072,2,366.53,2025-01-31 15:03:00,0
2321,189,G0026,1,81.24,2024-02-07 09:13:00,0
2322,2,G0074,2,157.49,2024-01-18 09:12:00,PROMO03
2323,174,G0054,3,366.84,2024-01-08 12:54:00,PROMO04
2324,44,G0018,1,221.9,2025-06-17 14:54:00,0
2325,60,G0076,1,255.11,2025-04-29 15:28:00,0
2326,283,G0044,1,283.11,2024-02-03 16:53:00,0
2327,163,G0032,2,84.76,2025-03-11 12:14:00,0
2328,55,G0008,2,134.23,2024-05-20 10:40:00,0
2329,195,G0020,2,74.45,2024-12-14 09:23:00,0
2330,39,G0068,2,125.73,2024-03-17 10:14:00,0
2331,154,G0053,1,64.52,2024-01-27 09:15:00,PROMO03
2332,95,G0012,1,305.64,2025-06-21 16:25:00,0
2333,52,G0047,1,224.62,,PROMO03
2334,163,G0016,1,233.36,2024-08-05 16:12:00,0
2335,41,G0030,1,212.39,2024-10-10 13:20:00,0
2336,282,G0070,1,49.92,2024-10-31 13:07:00,PROMO03
2337,52,G0052,1,212.87,2024-11-15 13:58:00,PROMO04
2338,48,G0043,2,253.63,2024-02-23 16:22:00,0
2339,49,G0076,1,255.11,2024-04-19 09:06:00,PROMO01
2340,241,G0047,2,224.62,2024-04-19 09:34:00,0
2341,288,G0032,1,84.76,2024-12-08 12:52:00,0
2342,292,G0014,3,297.49,2024-01-18 12:21:00,0
2343,65,G0022,3,337.9,2025-06-05 13:50:00,0
2344,209,G0001,3,124.6,2025-06-19 15:36:00,PROMO02
2345,253,G0071,1,106.46,2024-03-01 14:44:00,0
2346,199,G0025,3,216.35,2024-10-26 11:17:00,0
2347,208,G0076,2,255.11,2024-10-21 11:02:00,0
2348,64,G0054,2,366.84,2025-05-24 15:20:00,0
2349,59,G0052,3,212.87,2024-07-14 10:55:00,0
2350,66,G0074,1,157.49,2024-05-02 13:47:00,PROMO02
2351,68,G0006,1,65.4,2024-09-12 13:47:00,0
2352,37,G0051,1,255.86,2024-08-11 15:52:00,0
2353,58,G0074,1,157.49,2024-08-03 15:22:00,0
2354,8,G0053,1,64.52,2024-12-15 13:19:00,0
2355,74,G0019,3,354.11,2024-05-06 11:55:00,PROMO03
2356,211,G0049,3,120.16,2025-06-15 12:34:00,0
2357,228,G0026,3,81.24,2024-05-29 12:17:00,0
2358,181,G0025,3,216.35,2024-09-05 10:16:00,0
2359,141,G0056,1,278.01,2024-09-15 14:52:00,0
2360,238,G0021,1,145.46,2024-03-02 10:03:00,0
2361,269,G0038,1,355.75,2025-02-27 14:03:00,0
2362,148,G0019,2,354.11,2024-10-13 15:44:00,0
2363,8,G0061,3,172.06,2024-03-07 17:00:00,0
2364,179,G0039,3,266.45,2024-08-17 10:10:00,0
2365,142,G0062,2,100.05,2024-10-03 15:59:00,0
2366,113,G0057,1,123.21,2024-01-18 09:25:00,0
2367,249,G0050,1,209.49,2025-06-05 12:43:00,0
2368,75,G0015,2,191.62,2025-01-14 10:29:00,0
2369,51,G0035,3,169.53,2025-06-12 10:05:00,0
2370,207,G0003,1,150.98,2024-04-19 10:11:00,0
2371,145,G0033,1,217.97,2025-06-26 09:45:00,PROMO04
2372,271,G0001,1,124.6,2024-01-21 16:05:00,0
2373,284,G0054,3,366.84,2024-12-15 09:35:00,0
2374,100,G0024,1,136.07,2024-11-09 12:20:00,0
2375,218,G0033,3,217.97,2024-10-05 15:22:00,0
2376,206,G0078,3,244.12,2024-12-31 17:57:00,0
2377,242,G0080,1,138.35,2024-09-07 16:36:00,0
2378,173,G0046,-2,255.5,2024-09-03 10:36:00,0
2379,253,G0030,2,212.39,2024-01-17 17:21:00,0
2380,53,G0073,1,179.77,2024-08-24 14:22:00,0
2381,23,G0027,2,76.44,2025-02-26 10:41:00,0
2382,38,G0014,3,297.49,2025-03-27 13:02:00,0
2383,114,G0028,1,74.77,2025-01-14 17:14:00,0
2384,132,G0002,3,51.59,2025-02-22 12:36:00,0
2385,144,G0076,2,255.11,2024-08-02 10:37:00,0
2386,122,G0079,1,243.27,2024-04-05 16:05:00,0
2387,275,G0031,1,339.08,2025-05-02 17:47:00,0
2388,278,G0022,3,337.9,2024-01-07 17:32:00,PROMO04
2389,111,G0053,2,64.52,2024-04-12 17:14:00,0
2390,299,G0030,3,212.39,2024-10-11 16:45:00,0
2391,179,G0046,2,255.5,2024-06-17 13:59:00,0
2392,50,G0074,1,157.49,2024-10-08 10:25:00,0
2393,81,G0030,3,212.39,2024-02-16 14:17:00,0
2394,101,G0027,1,76.44,2024-05-15 10:17:00,0
2395,32,G0058,1,231.17,2024-05-17 13:35:00,0
2396,105,G0047,3,224.62,2024-11-02 14:02:00,0
2397,222,G0020,3,74.45,2024-03-05 17:29:00,0
2398,82,G0061,2,172.06,2024-01-08 11:01:00,0
2399,18,G0069,1,80.63,2025-03-06 11:02:00,0
2400,81,G0028,1,74.77,2024-06-06 15:25:00,0
2401,223,G0030,3,212.39,2024-06-19 09:44:00,0
2402,267,G0072,3,366.53,2025-06-27 14:53:00,PROMO03
2403,232,G0021,3,145.46,2025-06-29 15:05:00,0
2404,111,G0058,2,231.17,2024-06-25 13:14:00,0
2405,228,G0036,2,99.02,2024-09-23 12:25:00,0
2406,11,G0026,2,81.24,2024-10-29 16:34:00,0
2407,275,G0060,1,216.3,2024-04-28 12:59:00,0
2408,65,G0007,1,-55.49,2024-04-25 15:41:00,0
2409,203,G0075,3,58.76,2024-05-18 13:32:00,0
2410,93,G0069,1,80.63,2024-05-09 09:03:00,0
2411,26,G0066,3,241.7,2024-03-16 13:04:00,0
2412,283,G9015,2,104.53,2025-06-21 09:09:00,0
2413,133,G0034,2,227.51,2024-05-19 17:39:00,0
2414,23,G0055,-2,207.21,2024-07-29 14:19:00,0
2415,113,G0012,3,305.64,2024-05-31 12:14:00,0
2416,37,G0055,3,207.21,,0
2417,165,G0059,1,200.65,2024-10-09 14:48:00,PROMO03
2418,16,G0005,1,289.63,2024-01-28 11:26:00,0
2419,13,G0004,1,107.07,2024-11-26 11:52:00,0
2420,300,G0011,1,104.53,2024-07-13 12:44:00,0
2421,51,G0057,3,123.21,2025-01-15 11:42:00,0
2422,14,G0020,2,74.45,2024-11-16 15:52:00,0
2423,59,G0065,3,277.19,2024-10-23 09:11:00,0
2424,134,G0021,1,145.46,2024-05-31 16:45:00,0
2425,296,G0070,2,49.92,2024-10-21 12:57:00,0
2426,40,G0020,1,74.45,2024-10-22 14:59:00,0
2427,22,G0041,2,113.26,2025-04-25 10:34:00,0
2428,223,G0060,1,216.3,2024-02-15 12:45:00,0
2429,2,G0034,1,227.51,2025-01-21 15:53:00,0
2430,175,G0012,2,305.64,2025-06-12 11:51:00,0
2431,77,G0052,2,212.87,2024-05-05 10:53:00,0
2432,77,G0035,3,169.53,2024-08-21 13:49:00,PROMO03
2433,26,G0047,2,224.62,2024-06-23 10:22:00,0
2434,193,G0006,3,65.4,2024-02-10 11:43:00,0
2435,28,G0053,1,64.52,2024-09-03 13:24:00,0
2436,286,G0059,3,200.65,2024-12-29 14:48:00,0
2437,9,G0080,3,138.35,,0
2438,34,G0008,2,134.23,2024-02-18 15:56:00,PROMO04
2439,130,G0068,1,125.73,2025-06-25 16:35:00,0
2440,134,G0034,3,227.51,2024-06-30 09:28:00,0
2441,243,G0064,1,85.91,2025-06-12 12:09:00,0
2442,97,G0068,3,125.73,2024-03-06 09:38:00,0
2443,125,G0020,3,74.45,2024-03-08 09:33:00,0
2444,205,G0080,3,138.35,2024-10-29 10:30:00,0
2445,268,G0074,3,157.49,2024-11-10 14:40:00,0
2446,82,G0003,1,150.98,2025-03-05 17:51:00,0
2447,67,G0048,3,116.64,2025-06-25 15:08:00,0
2448,54,G0040,2,146.36,2024-03-25 14:25:00,0
2449,21,G0050,2,209.49,2025-02-03 16:43:00,0
2450,192,G0038,1,355.75,2024-07-10 10:49:00,0
2451,118,G0048,2,116.64,2024-07-10 16:46:00,0
2452,12,G0011,-2,104.53,2025-01-21 17:47:00,0
2453,144,G0038,3,355.75,2025-06-27 09:51:00,0
2454,12,G0029,3,228.35,2024-04-21 13:57:00,0
2455,285,G0065,3,277.19,2024-07-01 16:36:00,0
2456,142,G0043,3,253.63,2024-05-17 13:14:00,0
2457,32,G0044,1,283.11,2024-10-23 16:33:00,0
2458,30,G0038,1,355.75,2024-07-28 17:42:00,PROMO02
2459,182,G0025,3,216.35,2024-09-20 13:06:00,0
2460,63,G0051,3,255.86,2024-08-15 09:45:00,0
2461,53,G0012,1,305.64,2025-04-10 12:32:00,0
2462,64,G0070,1,49.92,2024-07-22 10:56:00,0
2463,47,G0026,2,81.24,2024-08-09 13:12:00,0
2464,166,G0029,1,228.35,2025-02-20 14:54:00,PROMO01
2465,43,G0079,-3,243.27,2025-05-23 13:26:00,0
2466,168,G0050,1,209.49,2025-04-17 10:34:00,PROMO04
2467,283,G0068,1,125.73,2024-01-11 11:39:00,PROMO02
2468,14,G0004,3,107.07,2024-04-19 15:34:00,0
2469,213,G0015,-3,191.62,2024-05-10 09:54:00,0
2470,269,G0002,1,51.59,2025-01-21 10:10:00,0
2471,255,G0034,3,227.51,2024-10-17 17:43:00,0
2472,62,G0054,1,366.84,2024-08-06 09:58:00,0
2473,178,G0018,1,221.9,2024-03-19 12:13:00,0
2474,37,G0016,3,233.36,2024-10-20 10:15:00,0
2475,150,G0029,1,228.35,2025-02-10 09:28:00,0
2476,176,G0004,3,107.07,2024-05-22 12:43:00,0
2477,209,G0025,1,216.35,2024-06-10 13:57:00,PROMO02
2478,38,G0031,2,339.08,2024-10-08 10:47:00,0
2479,902,G0010,1,273.15,2024-09-18 09:47:00,PROMO03
2480,67,G0067,3,207.06,2025-02-21 10:26:00,PROMO01
2481,188,G0003,2,150.98,2024-08-31 14:38:00,0
2482,203,G0055,2,207.21,2024-02-17 16:12:00,0
2483,50,G0015,3,191.62,2024-05-11 10:27:00,0
2484,10,G0006,1,65.4,2024-02-26 11:11:00,0
2485,105,G0047,2,224.62,2025-02-11 12:01:00,PROMO01
2486,14,G0050,1,209.49,2025-04-11 12:51:00,0
2487,109,G0013,1,273.26,2024-08-11 11:48:00,0
2488,175,G0046,1,255.5,2025-03-16 09:30:00,0
2489,94,G0056,3,278.01,2024-04-21 13:00:00,0
2490,249,G0055,3,207.21,2024-05-26 12:05:00,0
2491,269,G0034,2,227.51,2024-02-11 12:06:00,0
2492,156,G0071,1,106.46,2025-06-24 11:43:00,PROMO02
2493,176,G0039,1,266.45,2025-05-03 17:12:00,PROMO02
2494,209,G0006,1,65.4,2024-08-27 14:15:00,0
2495,64,G0007,1,55.49,2025-01-14 12:51:00,0
2496,10,G0078,1,244.12,2025-06-03 10:52:00,0
2497,290,G0075,3,58.76,2024-03-07 16:45:00,0
2498,147,G0074,1,157.49,2024-01-17 16:18:00,0
2499,232,G0033,3,217.97,2024-06-18 09:34:00,0
2500,294,G0080,3,-138.35,2025-03-06 17:12:00,0
2501,294,G0049,3,120.16,2024-10-30 15:51:00,0
2502,234,G0012,3,305.64,2024-10-29 09:05:00,0
2503,188,G0075,2,58.76,2024-09-11 15:44:00,0
2504,290,G0014,2,297.49,2024-01-22 09:30:00,0
2505,159,G0073,3,179.77,2024-07-18 09:45:00,PROMO02
2506,56,G0024,1,136.07,2024-10-28 10:27:00,0
2507,221,G0052,3,212.87,2024-02-26 13:09:00,0
2508,12,G0072,2,366.53,2024-06-07 14:45:00,0
2509,61,G0059,2,200.65,2024-02-01 12:37:00,0
2510,90,G0028,2,74.77,2024-08-21 10:27:00,0
2511,113,G0042,3,256.09,2025-01-05 10:22:00,0
2512,267,G0018,3,221.9,2024-01-18 16:20:00,0
2513,146,G0001,2,124.6,2025-02-21 17:28:00,PROMO01
2514,73,G0073,3,179.77,2025-03-20 15:15:00,0
2515,282,G0019,2,354.11,2025-01-02 09:16:00,0
2516,76,G0056,-3,278.01,,0
2517,282,G0049,3,120.16,2025-01-22 15:00:00,0
2518,38,G0028,1,74.77,2025-05-08 13:55:00,0
2519,51,G0019,1,354.11,2025-06-25 10:14:00,0
2520,173,G0016,2,233.36,2024-07-15 17:09:00,0
2521,205,G0070,1,-49.92,2024-09-03 12:09:00,0
2522,160,G0066,2,241.7,2024-02-11 09:59:00,PROMO02
2523,245,G0029,1,228.35,2024-01-07 10:28:00,0
2524,264,G0056,3,278.01,2025-02-04 12:19:00,PROMO04
2525,33,G0008,1,134.23,2025-01-31 09:24:00,0
2526,39,G0011,3,104.53,2024-07-16 11:05:00,0
2527,172,G0004,1,107.07,2024-03-08 13:18:00,0
2528,29,G0079,-3,243.27,2024-10-12 17:14:00,0
2529,38,G0042,1,256.09,2025-04-09 09:48:00,0
2530,91,G0067,1,207.06,2025-03-29 14:03:00,0
2531,74,G0007,3,55.49,2025-01-12 17:25:00,0
2532,144,G0035,1,169.53,2025-05-22 16:47:00,0
2533,145,G0051,1,255.86,2024-02-29 17:50:00,0
2534,230,G0018,3,221.9,2025-02-16 10:30:00,0
2535,211,G0017,3,148.16,2024-05-20 16:13:00,0
2536,285,G0012,3,305.64,2025-05-18 17:20:00,0
2537,243,G0050,1,209.49,2024-06-13 11:13:00,0
2538,35,G0034,1,227.51,2025-02-10 13:39:00,PROMO03
2539,35,G0025,1,216.35,2024-07-26 13:17:00,0
2540,46,G0017,2,148.16,2025-01-01 13:37:00,0
2541,88,G0026,2,81.24,2025-02-14 11:39:00,0
2542,279,G0011,2,104.53,2024-01-11 17:56:00,0
2543,85,G0014,1,297.49,2024-06-16 17:22:00,0
2544,58,G0029,2,228.35,2024-08-31 12:57:00,0
2545,163,G0017,2,148.16,,0
2546,177,G0049,1,120.16,2024-07-13 12:40:00,0
2547,39,G0070,2,49.92,2024-11-10 16:39:00,0
2548,26,G0022,3,337.9,2024-11-26 14:49:00,0
2549,203,G0038,3,355.75,2024-02-14 13:28:00,PROMO01
2550,221,G0036,2,99.02,2024-02-24 10:47:00,0
2551,105,G0033,1,217.97,2025-02-11 14:21:00,0
2552,56,G0019,2,354.11,2025-05-26 11:29:00,0
2553,88,G0024,1,136.07,2024-01-15 10:29:00,0
2554,48,G0063,3,121.9,2024-07-05 10:42:00,0
2555,100,G0034,3,227.51,2025-03-05 17:37:00,0
2556,280,G0044,3,283.11,2025-05-18 09:04:00,0
2557,225,G0030,2,212.39,2024-08-25 16:48:00,PROMO02
2558,59,G0066,1,241.7,2024-11-22 16:45:00,0
2559,174,G0030,3,212.39,2025-04-05 09:06:00,PROMO01
2560,253,G0076,3,255.11,2025-03-14 14:57:00,0
2561,61,G0059,2,200.65,2024-03-03 14:39:00,0
2562,255,G0031,2,339.08,2025-06-14 12:05:00,0
2563,76,G0002,2,51.59,2024-01-03 15:29:00,0
2564,74,G0011,3,104.53,2024-06-24 12:50:00,0
2565,179,G0042,3,256.09,2024-06-12 12:16:00,0
2566,202,G0047,1,224.62,2024-12-09 12:55:00,0
2567,230,G0014,3,297.49,2024-09-28 16:25:00,0
2568,77,G0010,3,273.15,2024-06-27 14:13:00,0
2569,293,G0018,2,221.9,2025-02-11 12:21:00,PROMO01
2570,286,G0076,3,255.11,2024-10-01 17:31:00,0
2571,278,G0037,-3,217.09,2024-01-17 16:41:00,PROMO02
2572,20,G0043,1,253.63,2024-08-23 17:55:00,0
2573,278,G0056,3,278.01,2024-09-13 15:11:00,0
2574,150,G0017,2,148.16,2024-12-11 12:57:00,0
2575,263,G0071,3,106.46,2024-03-08 15:31:00,0
2576,146,G0045,2,245.46,2025-06-03 11:07:00,0
2577,19,G0057,1,123.21,2024-12-31 11:55:00,PROMO02
2578,279,G0052,2,212.87,2025-02-03 13:20:00,0
2579,277,G0024,1,136.07,2025-04-07 17:37:00,0
2580,40,G0079,1,243.27,2025-04-17 14:41:00,0
2581,273,G0064,2,85.91,2024-06-02 12:00:00,PROMO04
2582,259,G0064,3,85.91,2024-06-06 13:13:00,0
2583,67,G0041,3,113.26,2024-07-19 11:41:00,0
2584,20,G0069,2,80.63,2025-06-20 14:19:00,0
2585,96,G0031,2,339.08,2024-02-23 12:00:00,0
2586,16,G0047,2,224.62,2025-01-25 13:01:00,0
2587,170,G0059,-3,200.65,2024-02-09 12:49:00,0
2588,64,G0022,2,337.9,2024-06-29 11:09:00,0
2589,176,G0048,2,116.64,2024-09-14 17:06:00,0
2590,269,G0051,2,255.86,2025-02-07 12:33:00,0
2591,181,G0079,2,243.27,2024-07-09 09:07:00,0
2592,69,G0069,3,80.63,2024-10-02 12:39:00,0
2593,114,G0025,3,216.35,2024-04-15 13:32:00,0
2594,85,G0034,1,227.51,2024-12-01 09:38:00,0
2595,173,G0062,1,100.05,2024-12-17 11:29:00,0
2596,295,G0022,2,337.9,2024-08-14 10:46:00,PROMO02
2597,176,G0068,3,125.73,2025-01-13 13:38:00,0
2598,259,G0014,3,297.49,2025-02-04 15:24:00,0
2599,14,G0063,3,-121.9,2024-09-26 17:00:00,PROMO03
2600,9,G0079,2,243.27,2025-05-14 12:16:00,0
2601,148,G0034,1,227.51,2024-01-08 16:07:00,0
2602,914,G0066,3,241.7,2024-03-17 10:00:00,PROMO01
2603,247,G0077,2,171.46,2024-06-17 16:16:00,0
2604,268,G0043,3,253.63,2024-08-29 14:12:00,0
2605,20,G0012,2,305.64,2024-08-03 15:04:00,0
2606,46,G0042,2,256.09,2025-04-09 15:18:00,0
2607,168,G0026,1,81.24,2024-08-09 13:30:00,0
2608,188,G0080,1,138.35,2025-03-05 11:10:00,0
2609,269,G0013,1,273.26,2025-03-12 13:16:00,0
2610,163,G0006,1,65.4,2024-09-29 16:01:00,PROMO02
2611,56,G0037,1,217.09,2024-02-06 17:03:00,0
2612,91,G0059,2,200.65,2025-06-25 17:09:00,PROMO01
2613,269,G0061,3,172.06,2024-03-02 10:27:00,0
2614,68,G0062,1,100.05,2024-10-05 14:39:00,0
2615,121,G0066,3,241.7,2024-12-22 09:47:00,0
2616,71,G0043,3,253.63,2025-03-14 15:37:00,0
2617,167,G0075,3,58.76,2025-03-01 17:37:00,0
2618,231,G0069,2,80.63,2024-10-13 09:56:00,0
2619,86,G0018,2,221.9,2024-12-11 14:15:00,0
2620,144,G0070,3,49.92,2024-12-13 17:47:00,0
2621,217,G0047,2,224.62,2024-10-21 16:56:00,0
2622,66,G0039,3,266.45,2024-05-01 12:34:00,PROMO04
2623,171,G0004,1,107.07,2024-01-07 09:50:00,PROMO01
2624,80,G0040,2,146.36,2024-08-23 17:08:00,0
2625,119,G0010,1,273.15,2024-05-14 17:52:00,0
2626,60,G0042,2,256.09,2024-03-11 14:33:00,0
2627,166,G0044,2,283.11,2024-02-04 17:13:00,0
2628,218,G0072,3,366.53,2024-07-05 09:03:00,0
2629,146,G0039,2,266.45,2025-06-16 14:43:00,0
2630,197,G0050,3,209.49,2025-05-17 09:25:00,0
2631,114,G0055,2,207.21,2025-03-27 17:18:00,0
2632,150,G0053,1,64.52,2024-01-07 15:23:00,0
2633,264,G0022,2,337.9,2024-10-21 17:59:00,0
2634,36,G0068,-1,125.73,2024-06-26 14:25:00,0
2635,55,G0018,1,221.9,2024-03-05 09:04:00,0
2636,74,G0001,3,124.6,2024-11-08 09:16:00,0
2637,31,G0049,3,120.16,2024-01-09 12:08:00,PROMO02
2638,213,G0034,2,227.51,2024-06-12 15:41:00,0
2639,284,G0060,2,216.3,2024-01-25 10:48:00,0
2640,242,G0052,3,212.87,2024-03-30 16:50:00,0
2641,91,G0024,2,136.07,2025-05-06 11:37:00,0
2642,134,G0047,3,224.62,2024-09-29 13:46:00,0
2643,195,G0020,3,74.45,2024-02-03 10:25:00,0
2644,47,G0066,3,241.7,2025-04-09 13:37:00,0
2645,284,G0031,3,339.08,2024-04-14 13:06:00,0
2646,282,G0024,3,136.07,2025-03-26 09:32:00,PROMO04
2647,90,G0009,2,176.47,2024-08-08 14:33:00,0
2648,112,G0073,3,179.77,2024-07-09 16:01:00,PROMO01
2649,167,G0024,1,136.07,,0
2650,291,G0079,1,243.27,2025-02-25 11:43:00,PROMO01
2651,219,G9036,3,256.09,2024-03-18 16:22:00,0
2652,121,G0071,3,106.46,2024-05-27 16:32:00,0
2653,86,G0042,3,256.09,2025-01-07 17:17:00,0
2654,126,G0074,-3,157.49,2024-07-27 12:16:00,0
2655,158,G0035,2,169.53,2024-05-05 16:07:00,0
2656,238,G0064,1,85.91,2024-06-14 14:19:00,0
2657,149,G0032,1,84.76,2024-12-06 09:48:00,0
2658,130,G0074,2,157.49,2024-04-29 11:56:00,0
2659,929,G0078,3,244.12,2025-03-25 15:38:00,0
2660,293,G0023,-2,52.23,2024-03-12 10:37:00,0
2661,170,G0032,3,84.76,2025-04-24 12:36:00,0
2662,255,G0015,1,191.62,2025-05-17 15:28:00,0
2663,168,G0018,3,221.9,2025-06-15 10:25:00,0
2664,77,G0004,3,107.07,2024-04-10 13:37:00,0
2665,187,G9003,3,255.86,2024-02-25 10:47:00,0
2666,89,G0005,1,289.63,2024-09-28 13:24:00,0
2667,251,G0078,3,244.12,2025-04-21 11:33:00,0
2668,260,G0073,2,179.77,2024-12-23 17:28:00,0
2669,191,G0066,2,241.7,2024-07-08 09:17:00,0
2670,274,G0051,1,255.86,2024-02-11 17:17:00,0
2671,143,G0039,1,266.45,2025-02-01 16:04:00,0
2672,294,G0074,2,157.49,2024-04-22 16:26:00,0
2673,178,G9000,1,145.46,2024-04-05 16:42:00,0
2674,77,G0074,1,157.49,2024-12-22 10:41:00,0
2675,48,G0039,1,266.45,2025-05-04 17:59:00,0
2676,262,G0025,1,216.35,2024-07-20 14:02:00,PROMO04
2677,241,G0011,1,104.53,2025-05-26 17:45:00,0
2678,59,G0019,2,354.11,2024-02-19 16:47:00,0
2679,78,G0015,1,191.62,2024-06-10 14:26:00,0
2680,236,G0053,2,64.52,2024-05-22 12:16:00,0
2681,46,G0015,1,191.62,2025-01-26 10:21:00,0
2682,67,G0024,1,136.07,2024-05-03 09:40:00,0
2683,17,G0058,1,231.17,2024-12-17 12:51:00,0
2684,271,G0057,1,123.21,2024-07-21 16:38:00,PROMO02
2685,19,G9023,3,355.75,2024-07-16 13:30:00,0
2686,173,G0027,3,76.44,2024-01-14 13:39:00,0
2687,234,G0039,3,266.45,2024-04-16 11:04:00,0
2688,145,G0023,1,52.23,2024-04-02 14:36:00,0
2689,286,G0051,3,255.86,2025-06-21 14:02:00,0
2690,173,G0002,3,51.59,2024-11-30 17:57:00,PROMO02
2691,147,G0049,1,120.16,2024-01-18 15:53:00,0
2692,100,G0047,2,224.62,2025-01-24 14:30:00,0
2693,34,G0001,1,124.6,2024-12-19 17:22:00,0
2694,299,G0064,1,85.91,2024-04-09 12:43:00,0
2695,233,G0016,1,233.36,2024-10-09 17:38:00,0
2696,184,G0071,2,106.46,2025-01-10 12:42:00,0
2697,67,G0028,1,74.77,2024-09-22 10:30:00,PROMO02
2698,14,G0019,2,354.11,2024-02-25 12:14:00,0
2699,186,G0079,1,243.27,2025-05-05 10:04:00,0
2700,254,G0036,1,99.02,2024-06-19 10:16:00,0
2701,32,G0057,3,-123.21,2024-03-28 16:31:00,0
2702,12,G0053,1,64.52,2024-05-13 16:25:00,0
2703,145,G0068,3,125.73,2024-04-19 10:30:00,0
2704,134,G0021,3,145.46,2024-01-08 16:16:00,0
2705,147,G0005,1,289.63,2024-03-01 09:56:00,0
2706,186,G0052,2,212.87,2025-04-07 11:22:00,0
2707,158,G0080,1,138.35,2025-01-14 15:50:00,0
2708,179,G0048,2,116.64,2025-03-11 11:23:00,0
2709,127,G0033,2,217.97,2024-04-18 15:26:00,0
2710,129,G0060,2,216.3,2024-01-03 16:36:00,0
2711,285,G0008,1,134.23,2025-06-10 09:15:00,0
2712,107,G0004,3,107.07,2025-02-26 09:13:00,0
2713,52,G0058,2,231.17,2024-10-09 17:22:00,0
2714,47,G0063,1,121.9,2025-03-09 13:48:00,0
2715,279,G0002,3,51.59,2024-04-09 13:08:00,0
2716,188,G0058,1,231.17,2024-05-31 13:26:00,0
2717,56,G0044,3,283.11,2024-03-03 12:40:00,0
2718,101,G0066,1,241.7,2025-02-22 15:42:00,0
2719,127,G0007,2,55.49,2024-08-22 14:26:00,0
2720,25,G0037,2,217.09,2025-06-27 10:04:00,PROMO04
2721,154,G0026,2,81.24,2024-06-28 14:00:00,0
2722,101,G0004,1,107.07,2025-03-21 15:28:00,0
2723,273,G0068,3,125.73,2024-12-29 10:48:00,0
2724,220,G0077,2,171.46,2025-05-23 12:01:00,0
2725,62,G0072,1,366.53,2024-12-07 16:53:00,0
2726,103,G0078,2,244.12,2024-06-09 14:40:00,0
2727,226,G0033,2,217.97,2025-02-07 10:00:00,0
2728,77,G0011,2,104.53,2024-03-06 09:20:00,0
2729,71,G0061,1,172.06,2024-02-02 14:13:00,0
2730,137,G0052,2,212.87,2025-03-11 13:56:00,0
2731,170,G0076,1,255.11,2024-03-10 17:33:00,0
2732,26,G0058,3,231.17,2025-05-12 13:19:00,0
2733,64,G0033,1,217.97,2024-01-21 17:16:00,0
2734,135,G0075,1,58.76,2024-03-10 10:33:00,0
2735,289,G0035,3,169.53,2024-01-04 13:00:00,0
2736,34,G0041,1,113.26,2024-02-13 10:15:00,0
2737,257,G0005,3,289.63,2024-10-31 14:09:00,0
2738,255,G0051,3,255.86,2025-06-25 10:37:00,PROMO02
2739,34,G0026,2,81.24,2025-03-25 13:40:00,0
2740,213,G0049,3,120.16,2024-10-26 12:28:00,0
2741,196,G0013,1,273.26,2024-08-09 10:08:00,0
2742,26,G0063,2,121.9,2024-09-29 09:22:00,0
2743,90,G0042,2,256.09,2024-07-06 13:50:00,0
2744,264,G0076,3,255.11,2024-10-23 17:12:00,0
2745,59,G0079,2,243.27,2024-01-16 10:09:00,0
2746,136,G0022,2,337.9,2024-05-22 12:06:00,0
2747,240,G0007,3,55.49,2025-04-16 11:49:00,0
2748,277,G0022,1,337.9,2024-04-01 16:07:00,0
2749,82,G0004,3,107.07,2024-09-22 12:34:00,0
2750,280,G0011,1,104.53,2025-01-13 17:59:00,0
2751,293,G0066,3,241.7,2025-05-31 11:38:00,PROMO04
2752,76,G0015,1,191.62,2025-03-31 09:24:00,PROMO03
2753,261,G0004,1,107.07,2025-02-12 14:12:00,PROMO03
2754,274,G0018,1,221.9,2024-05-03 14:00:00,0
2755,183,G0067,3,207.06,2024-08-26 17:09:00,0
2756,226,G0065,2,277.19,2025-03-24 16:57:00,PROMO02
2757,32,G0004,2,107.07,2024-02-17 16:08:00,0
2758,164,G0061,3,172.06,2024-04-05 14:01:00,0
2759,93,G0025,2,216.35,2024-03-28 12:48:00,0
2760,207,G0012,3,-305.64,2024-03-27 12:25:00,PROMO04
2761,139,G0022,3,337.9,2025-03-09 10:21:00,0
2762,259,G0020,2,74.45,2025-02-05 12:43:00,0
2763,245,G0007,2,55.49,2024-02-14 12:31:00,0
2764,118,G0016,2,233.36,2024-03-31 09:54:00,0
2765,217,G0015,2,191.62,2025-03-13 10:28:00,0
2766,283,G0032,1,84.76,2025-05-14 13:42:00,0
2767,284,G0072,1,366.53,2024-12-07 12:52:00,0
2768,182,G0014,2,297.49,2025-02-11 17:27:00,0
2769,24,G0078,2,244.12,2024-10-16 13:17:00,0
2770,193,G0050,3,209.49,2024-09-11 17:58:00,0
2771,220,G0004,2,107.07,2025-04-08 14:13:00,0
2772,78,G0009,2,176.47,2024-01-12 09:02:00,0
2773,174,G0014,2,297.49,2024-05-25 10:34:00,0
2774,183,G0075,1,58.76,2025-02-20 15:59:00,0
2775,280,G0017,1,148.16,2025-05-29 13:05:00,PROMO02
2776,137,G0069,2,80.63,2025-06-29 11:50:00,0
2777,117,G0079,1,243.27,2025-03-22 13:49:00,0
2778,133,G0051,2,255.86,2024-06-03 17:55:00,PROMO04
2779,295,G0009,2,176.47,2024-01-23 12:25:00,0
2780,33,G0012,2,305.64,2024-03-16 09:15:00,0
2781,58,G0076,3,255.11,2024-09-11 11:30:00,0
2782,84,G0027,3,76.44,2025-02-21 17:08:00,0
2783,110,G0061,3,172.06,2025-02-21 15:50:00,PROMO03
2784,96,G0032,1,84.76,2024-09-17 16:39:00,0
2785,262,G0013,2,273.26,2024-12-06 17:28:00,0
2786,12,G0022,2,337.9,2024-10-12 10:30:00,0
2787,254,G0019,2,354.11,2024-05-07 11:42:00,0
2788,220,G0041,3,113.26,2024-02-02 09:31:00,PROMO03
2789,141,G0004,3,107.07,2025-03-02 09:50:00,0
2790,33,G0061,3,172.06,2025-05-10 16:55:00,PROMO01
2791,265,G0017,3,148.16,,0
2792,294,G0070,3,49.92,2024-02-12 10:37:00,0
2793,2,G0052,2,212.87,2024-05-28 15:44:00,0
2794,41,G0057,2,123.21,2025-02-27 13:18:00,0
2795,54,G0029,2,228.35,2024-07-08 09:02:00,PROMO04
2796,136,G0070,2,49.92,2024-09-11 17:24:00,0
2797,298,G0051,3,255.86,2025-03-26 16:52:00,0
2798,260,G0049,3,120.16,2024-11-15 14:08:00,0
2799,47,G0042,2,-256.09,2024-09-24 15:32:00,PROMO01
2800,57,G0016,3,233.36,2024-05-18 12:11:00,0
2801,93,G0008,3,134.23,2025-05-04 16:25:00,PROMO02
2802,196,G0006,-2,65.4,2024-04-26 13:08:00,0
2803,41,G0055,3,-207.21,2024-03-04 17:44:00,0
2804,276,G0072,2,366.53,2024-07-31 09:48:00,0
2805,128,G0053,3,64.52,2024-05-08 10:45:00,0
2806,297,G0034,2,227.51,2025-01-16 17:42:00,0
2807,195,G0063,1,121.9,2024-02-20 11:14:00,0
2808,294,G0039,1,266.45,2024-11-01 11:31:00,0
2809,298,G0033,1,217.97,2024-02-18 16:06:00,0
2810,193,G0049,3,120.16,,0
2811,286,G0079,2,243.27,2025-03-17 13:30:00,0
2812,26,G0042,2,256.09,2024-09-25 11:40:00,0
2813,160,G0041,2,113.26,2025-01-07 10:05:00,0
2814,227,G9019,3,283.11,2024-01-30 17:48:00,0
2815,158,G0041,1,113.26,2024-07-15 10:27:00,0
2816,15,G0055,1,207.21,2024-09-05 09:52:00,PROMO03
2817,133,G0052,2,212.87,2024-05-13 15:31:00,PROMO02
2818,215,G0044,3,283.11,2024-10-23 16:32:00,0
2819,204,G0043,3,253.63,2024-12-21 10:41:00,0
2820,28,G0002,3,51.59,2025-03-11 15:49:00,0
2821,926,G9012,1,233.36,2024-06-04 13:09:00,0
2822,232,G0055,2,207.21,2025-04-30 16:30:00,0
2823,69,G0041,3,113.26,2024-03-09 10:01:00,0
2824,54,G0011,1,104.53,2024-10-14 17:28:00,0
2825,52,G0012,2,305.64,,0
2826,129,G0069,3,80.63,2025-02-01 16:51:00,PROMO01
2827,275,G0002,1,51.59,2025-04-30 12:17:00,0
2828,203,G0062,3,-100.05,2025-05-21 17:23:00,PROMO02
2829,101,G0011,1,104.53,2025-01-01 14:33:00,0
2830,7,G0035,2,169.53,2024-05-18 10:23:00,PROMO04
2831,135,G0022,3,337.9,2025-03-11 17:10:00,0
2832,57,G0022,1,337.9,2024-07-27 16:18:00,0
2833,118,G0062,2,100.05,2024-08-21 11:24:00,0
2834,198,G0069,1,80.63,2025-04-17 13:31:00,0
2835,87,G0048,2,116.64,2025-06-10 12:55:00,0
2836,66,G0016,3,233.36,2024-08-26 13:32:00,0
2837,130,G0047,2,224.62,2024-02-18 17:23:00,0
2838,220,G0033,2,217.97,2025-01-11 17:39:00,0
2839,240,G0044,3,283.11,2024-05-29 10:46:00,PROMO01
2840,58,G0018,1,221.9,2024-06-06 17:25:00,PROMO04
2841,147,G0069,3,80.63,2025-05-18 12:29:00,0
2842,44,G0058,2,231.17,2025-02-11 15:13:00,0
2843,125,G0038,3,355.75,2024-06-19 15:51:00,0
2844,16,G0025,3,216.35,2025-01-23 13:52:00,0
2845,38,G0061,2,172.06,2024-01-13 13:10:00,0
2846,32,G0009,3,176.47,2025-01-31 13:20:00,PROMO01
2847,131,G0043,-3,253.63,2024-07-18 16:16:00,0
2848,118,G0042,3,256.09,2025-05-30 12:55:00,0
2849,137,G0080,1,138.35,2024-12-04 11:03:00,0
2850,157,G0002,1,51.59,2024-04-16 12:12:00,0
2851,203,G0057,2,123.21,2025-06-01 10:18:00,0
2852,35,G0055,2,207.21,2024-06-25 12:33:00,0
2853,131,G0047,2,224.62,2024-09-25 10:14:00,0
2854,273,G0027,3,76.44,2025-01-05 09:32:00,0
2855,244,G0078,3,244.12,2024-08-10 15:44:00,0
2856,283,G0014,1,297.49,2024-11-24 09:49:00,0
2857,64,G0019,3,354.11,2025-04-12 14:05:00,PROMO03
2858,276,G0050,3,209.49,2025-03-11 16:08:00,PROMO02
2859,32,G0040,2,146.36,2025-05-07 15:05:00,0
2860,69,G0062,1,100.05,2024-10-07 13:54:00,0
2861,71,G0033,2,217.97,2024-08-26 10:39:00,0
2862,46,G0077,3,-171.46,2025-01-25 17:31:00,0
2863,90,G0035,1,169.53,2024-07-27 16:47:00,0
2864,116,G0076,2,255.11,2024-06-15 14:35:00,0
2865,122,G0073,1,179.77,2024-06-03 09:14:00,PROMO04
2866,16,G0051,1,255.86,2024-08-03 09:30:00,PROMO01
2867,296,G0072,1,366.53,2024-06-20 11:42:00,0
2868,23,G0015,1,191.62,2024-07-08 10:02:00,0
2869,2,G0003,1,150.98,2025-06-18 16:36:00,0
2870,223,G0049,1,120.16,2024-02-16 10:29:00,PROMO04
2871,198,G0016,1,233.36,2024-03-26 11:04:00,0
2872,97,G0048,2,116.64,2024-04-05 17:15:00,0
2873,121,G0071,2,106.46,2024-11-22 16:26:00,0
2874,44,G0076,3,255.11,2024-02-18 10:20:00,0
2875,142,G0054,3,366.84,2024-05-21 12:17:00,0
2876,159,G0053,3,64.52,2024-11-19 13:38:00,0
2877,51,G0005,1,289.63,2024-07-22 14:24:00,0
2878,9,G0059,2,200.65,2024-07-05 17:29:00,0
2879,143,G0043,3,253.63,2025-01-23 16:47:00,0
2880,39,G0043,1,253.63,2024-02-17 17:05:00,0
2881,200,G0055,2,207.21,2024-04-04 09:21:00,0
2882,202,G0048,2,116.64,2024-03-29 11:04:00,0
2883,116,G0037,1,217.09,2025-04-02 14:55:00,0
2884,52,G0052,3,212.87,2024-10-02 09:11:00,0
2885,241,G0006,3,65.4,2024-01-16 12:49:00,0
2886,288,G0025,2,216.35,2025-03-05 10:11:00,0
2887,151,G0071,1,106.46,2025-01-21 17:19:00,0
2888,291,G0073,3,179.77,2025-02-18 09:36:00,0
2889,236,G0002,3,51.59,2024-08-27 10:49:00,0
2890,286,G0072,3,366.53,2024-05-01 10:10:00,0
2891,249,G0079,1,243.27,2025-01-07 10:12:00,0
2892,220,G0024,2,136.07,2025-04-09 14:52:00,0
2893,292,G0059,2,200.65,2024-01-24 12:19:00,0
2894,122,G0017,1,148.16,2024-03-30 17:12:00,0
2895,184,G0059,3,200.65,2025-06-18 11:44:00,0
2896,96,G0049,1,120.16,2024-11-05 13:05:00,PROMO01
2897,293,G0048,1,116.64,2024-03-15 14:52:00,0
2898,185,G0043,3,253.63,2024-11-17 14:52:00,PROMO01
2899,236,G0063,2,121.9,2024-10-24 16:51:00,0
2900,71,G0063,2,121.9,2025-01-29 10:17:00,0
2901,39,G0013,3,273.26,,0
2902,207,G0018,2,221.9,2024-09-29 16:25:00,0
2903,73,G0078,2,244.12,2024-12-08 16:20:00,0
2904,39,G0058,1,231.17,2024-09-27 14:57:00,0
2905,188,G0035,1,169.53,2024-04-17 14:37:00,0
2906,178,G0038,2,355.75,2025-05-12 16:56:00,0
2907,24,G0041,2,113.26,2025-06-01 14:45:00,0
2908,296,G0019,1,354.11,2025-01-10 17:42:00,0
2909,1,G0074,1,157.49,2024-02-20 10:06:00,0
2910,205,G0029,3,228.35,2024-12-16 12:04:00,0
2911,28,G0059,1,200.65,2024-08-04 10:02:00,0
2912,143,G0061,1,172.06,,0
2913,287,G0079,2,243.27,2024-10-13 13:12:00,0
2914,46,G0063,3,121.9,2025-06-13 11:59:00,0
2915,135,G0058,1,231.17,2024-04-02 12:07:00,0
2916,215,G0010,2,273.15,2025-01-17 12:56:00,0
2917,34,G0008,2,134.23,2024-03-01 14:40:00,0
2918,295,G0048,1,116.64,2024-07-01 17:06:00,0
2919,56,G0012,2,305.64,2024-07-09 16:03:00,0
2920,23,G0047,1,224.62,2025-03-27 12:23:00,0
2921,292,G0018,1,221.9,2024-02-14 11:20:00,0
2922,37,G0056,3,278.01,2024-11-17 15:18:00,0
2923,3,G0062,2,100.05,2024-03-29 10:31:00,PROMO03
2924,288,G0042,3,256.09,2024-10-27 13:07:00,0
2925,73,G0073,3,179.77,2025-04-24 12:07:00,0
2926,285,G0074,1,157.49,2025-02-26 10:41:00,0
2927,132,G0036,2,99.02,2024-04-28 14:59:00,0
2928,46,G0080,3,138.35,2025-06-11 11:16:00,PROMO04
2929,104,G0040,3,146.36,2024-03-25 10:55:00,0
2930,37,G0005,2,289.63,2024-12-06 14:20:00,0
2931,181,G0072,3,366.53,2025-02-16 10:20:00,0
2932,94,G0009,2,176.47,2024-10-30 15:05:00,0
2933,185,G0057,2,123.21,2025-06-20 10:25:00,0
2934,124,G0044,1,283.11,2025-03-06 12:29:00,0
2935,208,G0035,3,169.53,2025-03-21 16:39:00,0
2936,220,G0058,1,231.17,2024-08-12 11:09:00,PROMO03
2937,154,G0070,3,49.92,2024-07-18 15:11:00,0
2938,91,G0041,1,113.26,2025-01-26 15:25:00,PROMO03
2939,208,G0018,3,221.9,2024-02-18 17:04:00,0
2940,28,G0058,2,231.17,2024-10-10 10:08:00,0
2941,202,G0047,-2,224.62,2024-12-09 15:37:00,0
2942,187,G0051,1,255.86,2024-07-29 17:57:00,0
2943,5,G0077,1,171.46,2024-12-07 15:34:00,PROMO03
2944,55,G0006,2,65.4,2024-11-12 10:08:00,0
2945,53,G0030,1,212.39,2024-03-26 16:59:00,PROMO04
2946,260,G0050,1,209.49,2024-01-20 09:31:00,0
2947,152,G0057,3,123.21,2025-02-02 14:43:00,0
2948,91,G0022,3,337.9,2024-01-25 13:11:00,0
2949,190,G0030,2,212.39,2024-10-01 13:34:00,0
2950,43,G0023,1,52.23,2024-03-25 13:04:00,0
2951,94,G0057,2,123.21,2024-12-31 09:37:00,PROMO01
2952,6,G0021,2,145.46,2024-02-21 13:12:00,0
2953,57,G0044,1,283.11,2024-07-06 17:54:00,PROMO03
2954,133,G0057,3,123.21,2024-12-13 12:03:00,0
2955,145,G0006,2,65.4,2024-04-12 11:39:00,0
2956,98,G0017,2,148.16,2024-02-20 17:08:00,PROMO03
2957,15,G0030,3,212.39,2024-03-08 09:41:00,0
2958,202,G0037,3,217.09,2024-08-09 13:29:00,PROMO01
2959,105,G0075,1,58.76,2024-01-04 13:58:00,0
2960,65,G0005,1,289.63,2025-03-14 13:39:00,0
2961,146,G0009,1,176.47,2024-11-03 17:22:00,0
2962,49,G0029,3,-228.35,2024-12-10 12:05:00,PROMO02
2963,280,G0046,2,255.5,2024-09-06 17:35:00,PROMO03
2964,76,G0006,2,-65.4,2025-02-01 09:26:00,0
2965,31,G0053,2,64.52,2024-01-14 15:03:00,0
2966,204,G0074,2,157.49,2024-03-01 14:34:00,0
2967,199,G0057,2,123.21,2024-09-26 11:12:00,0
2968,124,G0062,3,100.05,2024-09-30 11:14:00,0
2969,65,G0028,3,74.77,2024-07-17 15:00:00,0
2970,148,G0040,3,146.36,2025-01-18 14:22:00,PROMO01
2971,2,G0051,2,255.86,2025-04-14 14:13:00,0
2972,81,G0043,2,253.63,2024-01-09 09:04:00,0
2973,179,G0002,1,51.59,2025-05-20 14:26:00,0
2974,195,G0041,2,113.26,2024-05-13 17:13:00,PROMO02
2975,147,G0014,2,297.49,2024-09-17 09:08:00,0
2976,32,G0024,3,136.07,2024-06-02 13:28:00,0
2977,114,G0040,2,146.36,2024-04-07 13:03:00,0
2978,17,G0074,1,157.49,2025-03-07 17:59:00,0
2979,24,G0046,1,255.5,2024-01-06 11:28:00,0
2980,277,G0072,2,366.53,2025-06-06 13:59:00,0
2981,8,G0020,1,-74.45,2024-03-31 15:52:00,0
2982,228,G0029,1,228.35,2024-01-07 09:58:00,0
2983,172,G0059,2,200.65,2025-04-06 16:32:00,0
2984,290,G0024,1,136.07,2024-06-24 16:25:00,0
2985,217,G0040,1,146.36,2025-02-08 15:43:00,0
2986,124,G0054,3,366.84,2024-07-02 14:04:00,0
2987,73,G9025,2,200.65,2024-12-28 15:50:00,0
2988,40,G0033,2,217.97,2025-04-19 16:19:00,PROMO02
2989,1,G0057,1,123.21,2024-04-03 17:00:00,0
2990,83,G0029,3,228.35,2024-01-07 12:14:00,0
2991,221,G0022,1,337.9,2024-06-24 13:14:00,0
2992,269,G0016,3,233.36,2025-05-15 14:00:00,0
2993,188,G0073,1,179.77,2025-03-20 10:40:00,0
2994,58,G0065,2,277.19,2024-08-04 16:05:00,0
2995,171,G0071,3,106.46,2024-03-24 15:50:00,0
2996,161,G0073,3,179.77,2025-04-19 14:27:00,0
2997,241,G0022,3,337.9,2024-04-06 11:43:00,0
2998,265,G0006,3,65.4,2024-02-21 12:20:00,0
2999,174,G0031,2,339.08,2024-08-09 12:07:00,0
3000,193,G0078,1,244.12,2025-06-04 14:10:00,PROMO04
3001,89,G0066,2,241.7,2024-12-05 16:38:00,PROMO03
3002,28,G0013,3,273.26,2024-05-21 15:42:00,0
3003,245,G0021,1,145.46,2024-02-25 17:16:00,0
3004,110,G0079,2,243.27,2024-05-10 17:21:00,0
3005,118,G0018,3,221.9,2024-06-08 15:56:00,0
3006,944,G0036,2,99.02,2025-05-13 12:51:00,PROMO02
3007,68,G0068,3,125.73,2024-04-22 14:24:00,0
3008,185,G0074,3,157.49,2024-07-19 12:14:00,0
3009,65,G0002,1,51.59,2024-02-06 14:18:00,0
3010,26,G0036,3,99.02,2024-06-01 16:32:00,0
3011,68,G0017,3,148.16,2025-03-25 12:34:00,0
3012,66,G0014,1,297.49,2025-01-16 13:11:00,0
3013,22,G0017,3,148.16,2024-04-05 09:03:00,0
3014,25,G0053,2,64.52,2025-02-09 15:29:00,0
3015,30,G0045,3,245.46,2024-08-24 13:47:00,PROMO04
3016,234,G0059,2,200.65,2025-02-11 13:09:00,PROMO01
3017,276,G0029,1,228.35,2024-03-13 13:24:00,0
3018,83,G0077,1,171.46,2025-03-01 10:09:00,0
3019,38,G0061,2,172.06,2025-01-22 14:14:00,PROMO01
3020,82,G0075,3,58.76,2025-06-27 15:36:00,0
3021,15,G0034,1,227.51,2024-10-09 12:17:00,0
3022,199,G0051,-1,255.86,2024-06-03 10:15:00,0
3023,104,G0016,2,233.36,2025-05-13 12:59:00,0
3024,29,G0047,2,224.62,2025-01-12 10:10:00,PROMO04
3025,202,G0059,-1,200.65,2025-01-27 12:11:00,0
3026,202,G0020,1,74.45,2025-06-08 14:55:00,0
3027,186,G0047,1,224.62,2024-11-06 10:33:00,0
3028,131,G0039,3,266.45,2024-02-07 15:02:00,0
3029,221,G0051,1,255.86,2024-11-09 11:25:00,0
3030,97,G0029,3,228.35,2025-03-02 17:33:00,0
3031,155,G0078,2,244.12,2024-06-20 15:15:00,0
3032,67,G9048,2,337.9,2024-05-17 11:32:00,0
3033,61,G0012,2,305.64,2024-05-30 14:38:00,0
3034,904,G0018,3,221.9,2024-12-17 09:15:00,PROMO03
3035,137,G0020,1,74.45,2025-06-11 09:48:00,PROMO01
3036,274,G0064,3,85.91,2024-04-10 17:27:00,0
3037,209,G0019,3,354.11,2024-09-02 16:57:00,0
3038,44,G0077,3,171.46,2025-01-24 10:05:00,0
3039,943,G0072,2,366.53,2024-09-02 11:19:00,PROMO03
3040,236,G0024,2,136.07,2024-02-28 10:43:00,0
3041,121,G0029,1,228.35,2024-09-23 12:53:00,PROMO01
3042,124,G0010,1,273.15,2025-01-09 11:13:00,0
3043,271,G0064,2,85.91,2024-01-29 11:58:00,0
3044,137,G0048,2,116.64,2025-02-03 13:11:00,PROMO03
3045,256,G0043,2,253.63,2025-02-15 10:24:00,0
3046,138,G0043,1,253.63,2025-01-04 16:18:00,PROMO04
3047,190,G0073,2,179.77,2024-10-04 15:25:00,0
3048,258,G0049,1,120.16,2025-03-17 15:54:00,0
3049,144,G0017,1,148.16,2024-06-30 10:43:00,0
3050,190,G0003,-3,150.98,2024-01-09 15:47:00,0
3051,157,G0066,1,241.7,2024-12-15 16:15:00,0
3052,205,G0077,1,171.46,2024-11-26 10:56:00,0
3053,191,G0074,2,157.49,2025-02-10 15:26:00,0
3054,229,G0024,1,136.07,2024-09-02 12:39:00,0
3055,142,G0018,1,221.9,2025-01-11 16:41:00,0
3056,61,G0035,1,169.53,2025-01-29 13:39:00,0
3057,147,G0007,3,55.49,2024-09-28 16:36:00,0
3058,299,G0026,1,81.24,2024-06-10 10:28:00,PROMO01
3059,155,G0041,2,113.26,2024-08-06 12:38:00,0
3060,29,G0058,3,231.17,2025-02-26 11:54:00,0
3061,235,G0029,1,228.35,2024-01-19 11:23:00,0
3062,63,G0064,3,85.91,2024-12-30 11:30:00,PROMO02
3063,62,G0011,2,104.53,2025-04-02 12:10:00,0
3064,286,G0036,2,99.02,2024-06-09 10:21:00,0
3065,144,G0023,2,52.23,2025-06-01 15:46:00,0
3066,133,G0035,3,169.53,2025-05-25 13:38:00,0
3067,255,G0025,3,216.35,2024-06-16 16:12:00,PROMO01
3068,271,G0053,2,64.52,2024-05-31 15:32:00,0
3069,228,G0060,2,216.3,2024-05-15 10:48:00,0
3070,205,G0042,2,256.09,2024-07-11 09:07:00,0
3071,2,G0015,2,191.62,2024-03-04 12:03:00,0
3072,24,G0046,1,255.5,2025-03-25 13:23:00,PROMO01
3073,13,G0048,2,116.64,2025-06-15 11:39:00,0
3074,24,G0005,1,289.63,2024-06-04 16:18:00,0
3075,92,G0017,1,148.16,2024-11-12 14:49:00,0
3076,238,G0025,1,216.35,2025-03-11 15:50:00,0
3077,155,G0030,3,212.39,2024-05-06 09:31:00,0
3078,112,G0051,3,255.86,2024-03-29 16:22:00,0
3079,85,G0005,-1,289.63,2024-05-04 10:02:00,0
3080,178,G0045,3,245.46,2024-06-06 13:49:00,0
3081,201,G0023,3,52.23,2024-01-28 12:53:00,0
3082,96,G0074,3,157.49,2025-05-11 16:26:00,0
3083,177,G0017,3,148.16,2025-01-17 11:30:00,PROMO03
3084,110,G0031,1,339.08,2024-06-22 11:45:00,0
3085,227,G0030,3,212.39,2024-07-13 12:41:00,PROMO02
3086,1,G0037,2,217.09,2025-04-30 12:08:00,0
3087,114,G0046,1,255.5,2024-05-12 10:40:00,0
3088,219,G0012,3,305.64,2024-12-24 10:55:00,PROMO04
3089,204,G0012,1,-305.64,2025-04-15 11:45:00,0
3090,96,G0050,3,209.49,2025-05-24 13:28:00,0
3091,62,G0065,1,277.19,2024-07-23 12:31:00,0
3092,51,G0002,2,51.59,2024-05-07 12:15:00,0
3093,52,G0046,3,255.5,2024-08-15 15:39:00,PROMO02
3094,46,G0064,3,85.91,2025-03-21 11:14:00,PROMO03
3095,274,G0034,2,227.51,2025-05-04 17:20:00,0
3096,227,G0034,1,227.51,2024-05-28 15:15:00,0
3097,111,G0020,1,74.45,2024-06-14 10:20:00,PROMO01
3098,55,G0078,2,244.12,2024-09-16 11:22:00,PROMO03
3099,287,G0073,1,179.77,2024-07-07 10:04:00,0
3100,182,G0052,1,212.87,2025-01-21 11:43:00,0
3101,173,G0028,2,74.77,2024-02-20 12:26:00,PROMO02
3102,246,G0032,1,84.76,2024-04-27 10:56:00,0
3103,140,G0051,3,255.86,2025-05-18 09:10:00,0
3104,121,G0001,2,124.6,2024-11-18 12:40:00,0
3105,287,G0040,1,146.36,2024-11-27 15:10:00,0
3106,37,G0029,2,228.35,2024-06-27 11:32:00,0
3107,30,G0066,2,241.7,2025-02-12 16:29:00,0
3108,243,G0047,2,224.62,2024-03-05 12:26:00,0
3109,142,G0061,1,172.06,2025-01-05 17:39:00,0
3110,292,G0010,1,273.15,2024-03-09 11:49:00,0
3111,220,G0035,1,169.53,2024-03-20 13:19:00,0
3112,920,G0043,2,253.63,2024-10-05 15:50:00,0
3113,47,G0074,3,157.49,2025-01-19 09:11:00,0
3114,109,G0076,2,255.11,2025-04-06 17:17:00,0
3115,184,G0024,1,136.07,2025-05-03 12:18:00,0
3116,71,G0003,2,150.98,2024-06-21 13:57:00,0
3117,903,G0002,1,51.59,2025-05-23 14:07:00,0
3118,46,G0020,2,74.45,2024-03-16 14:23:00,PROMO02
3119,221,G0080,2,138.35,2025-04-18 09:25:00,0
3120,233,G0052,1,212.87,2025-06-19 16:48:00,0
3121,38,G0022,2,337.9,2025-05-17 14:29:00,PROMO02
3122,41,G0078,1,244.12,2024-05-15 17:58:00,0
3123,200,G0004,2,107.07,2024-12-13 13:44:00,0
3124,272,G0069,3,80.63,2025-05-01 14:42:00,0
3125,216,G0046,1,255.5,2024-07-31 12:45:00,PROMO03
3126,104,G0015,3,191.62,2024-04-03 17:09:00,0
3127,196,G0043,2,253.63,2024-07-11 16:26:00,0
3128,263,G0075,3,58.76,2024-12-08 17:35:00,0
3129,64,G0019,1,354.11,2024-06-11 13:12:00,0
3130,36,G0046,1,255.5,2024-12-23 16:07:00,0
3131,194,G0035,2,169.53,2025-04-12 12:08:00,0
3132,146,G0062,1,100.05,2024-02-21 13:47:00,0
3133,216,G0072,2,366.53,2025-02-09 15:39:00,0
3134,279,G0056,2,278.01,2025-02-14 09:16:00,0
3135,230,G0076,2,255.11,2024-11-12 15:44:00,PROMO01
3136,215,G0026,2,81.24,2024-12-21 09:41:00,0
3137,18,G0033,2,217.97,2024-02-03 14:48:00,0
3138,126,G0046,2,255.5,2024-08-13 13:54:00,0
3139,20,G0076,3,255.11,2025-01-30 13:52:00,PROMO04
3140,96,G0060,2,216.3,2024-03-21 13:10:00,0
3141,290,G0046,1,255.5,2025-01-24 13:46:00,0
3142,106,G0007,3,55.49,2025-01-14 12:23:00,0
3143,5,G0023,2,52.23,2024-12-24 13:24:00,0
3144,271,G0021,2,145.46,2025-02-27 14:38:00,0
3145,219,G0039,1,266.45,2024-03-21 15:36:00,PROMO03
3146,269,G0080,3,-138.35,2024-12-09 13:25:00,0
3147,179,G0037,2,217.09,2025-03-21 14:59:00,0
3148,170,G0034,2,227.51,2024-08-14 16:10:00,0
3149,132,G0010,2,273.15,2024-05-04 17:05:00,0
3150,126,G0078,1,244.12,2024-09-21 09:01:00,0
3151,231,G0037,1,217.09,2024-10-03 15:48:00,PROMO03
3152,9,G0068,3,125.73,2024-06-24 11:24:00,0
3153,25,G0076,2,255.11,2025-05-27 10:26:00,0
3154,245,G0028,3,74.77,2025-06-29 16:38:00,0
3155,268,G0075,2,58.76,2024-04-12 09:26:00,0
3156,54,G0002,3,51.59,2025-04-01 16:34:00,0
3157,89,G0015,2,191.62,2024-02-14 15:03:00,0
3158,155,G0067,2,207.06,2024-07-16 17:09:00,0
3159,925,G0048,2,116.64,2025-04-28 15:55:00,0
3160,68,G0017,1,148.16,2024-09-07 16:27:00,0
3161,155,G0036,3,99.02,2025-03-19 10:10:00,0
3162,196,G0009,-1,176.47,2024-08-16 17:22:00,0
3163,15,G0019,3,354.11,2024-12-30 10:20:00,0
3164,59,G0027,3,76.44,2025-04-17 11:16:00,0
3165,202,G0046,3,255.5,2025-02-05 10:17:00,0
3166,299,G0044,3,283.11,2025-04-27 12:43:00,PROMO04
3167,41,G0074,3,157.49,,PROMO03
3168,185,G0071,2,106.46,2024-07-12 11:18:00,0
3169,168,G0051,2,255.86,2024-08-14 16:28:00,0
3170,115,G0070,3,49.92,2025-01-14 14:32:00,0
3171,105,G0038,1,355.75,2024-07-14 14:52:00,0
3172,81,G0018,1,221.9,2024-09-11 17:55:00,0
3173,235,G0038,1,355.75,2024-09-28 12:17:00,0
3174,56,G0003,2,150.98,2024-08-25 12:32:00,0
3175,297,G0054,3,366.84,2025-02-09 17:01:00,0
3176,277,G0004,1,107.07,2024-11-17 14:37:00,0
3177,73,G0073,2,179.77,2025-01-25 14:09:00,0
3178,26,G0020,3,74.45,2024-04-01 11:04:00,0
3179,250,G0057,2,123.21,2024-03-06 10:40:00,0
3180,97,G0005,2,289.63,2024-07-31 10:10:00,0
3181,30,G0020,1,74.45,2025-01-10 11:28:00,PROMO02
3182,83,G0072,-3,366.53,2024-10-14 10:06:00,0
3183,174,G0024,2,136.07,2024-12-10 15:44:00,0
3184,82,G0026,1,81.24,2024-05-16 09:45:00,0
3185,79,G0080,1,138.35,2024-01-10 14:34:00,0
3186,69,G0043,2,253.63,2024-04-20 17:50:00,0
3187,6,G0030,1,212.39,2024-08-12 15:26:00,0
3188,210,G0060,2,216.3,,0
3189,63,G0055,2,207.21,2025-01-08 09:09:00,PROMO01
3190,225,G0055,1,207.21,2025-05-04 16:13:00,0
3191,178,G0041,1,-113.26,2024-02-28 09:12:00,0
3192,190,G0027,1,76.44,2024-03-21 15:19:00,PROMO02
3193,119,G0075,3,58.76,2024-09-21 15:12:00,0
3194,88,G0031,1,339.08,2024-08-09 10:35:00,0
3195,68,G0006,1,65.4,2024-10-30 15:08:00,0
3196,298,G0003,1,150.98,2025-04-10 10:37:00,0
3197,84,G0017,2,148.16,2024-02-23 11:20:00,PROMO01
3198,225,G0053,2,64.52,2025-04-18 16:41:00,0
3199,53,G0061,3,172.06,2025-05-22 17:30:00,0
3200,134,G0053,1,64.52,2024-07-06 11:54:00,PROMO01
3201,198,G0047,3,224.62,2024-08-20 17:26:00,0
3202,226,G0020,3,74.45,2025-04-25 17:17:00,0
3203,174,G0065,1,277.19,2024-07-03 15:35:00,0
3204,21,G0075,3,-58.76,2024-12-17 10:39:00,0
3205,274,G0037,3,217.09,2024-09-17 11:26:00,PROMO02
3206,127,G0063,1,121.9,2024-07-11 15:33:00,0
3207,40,G0024,1,136.07,2024-05-13 17:28:00,0
3208,25,G0016,3,233.36,2025-04-13 16:18:00,PROMO01
3209,121,G0045,3,245.46,2025-03-01 12:18:00,0
3210,26,G0010,2,273.15,2024-02-20 11:54:00,PROMO04
3211,150,G0005,3,289.63,2024-08-18 17:40:00,0
3212,181,G9045,3,297.49,2024-09-14 11:05:00,0
3213,92,G0077,2,171.46,2024-04-22 12:57:00,0
3214,89,G0023,1,52.23,2025-05-19 17:42:00,PROMO03
3215,128,G0029,3,228.35,2025-04-10 14:03:00,0
3216,11,G0047,2,224.62,2024-06-02 11:43:00,0
3217,193,G0023,2,52.23,2024-11-24 09:35:00,0
3218,134,G0076,3,255.11,2025-01-26 12:54:00,0
3219,99,G0025,3,216.35,2024-01-02 17:29:00,0
3220,101,G0026,2,81.24,,0
3221,10,G0040,3,146.36,2025-06-15 15:18:00,0
3222,298,G0043,1,253.63,2024-10-04 11:19:00,0
3223,86,G0002,2,51.59,2025-01-21 15:37:00,0
3224,179,G0010,3,273.15,2024-11-16 15:49:00,0
3225,230,G0064,2,85.91,2024-07-05 14:53:00,0
3226,108,G0021,3,145.46,2024-11-20 15:46:00,0
3227,138,G0024,2,136.07,2025-05-24 14:36:00,0
3228,88,G0021,2,145.46,2024-06-06 12:30:00,0
3229,42,G0052,2,212.87,2024-03-26 15:20:00,0
3230,69,G0004,3,107.07,2025-01-12 16:46:00,0
3231,81,G0020,3,74.45,2024-10-19 16:19:00,0
3232,166,G0053,1,64.52,2024-02-13 10:16:00,0
3233,163,G0041,3,113.26,2025-02-15 15:52:00,0
3234,126,G0060,3,216.3,2024-06-06 09:35:00,0
3235,89,G0080,3,138.35,2024-10-30 14:21:00,0
3236,93,G0006,2,65.4,2025-01-21 14:51:00,0
3237,133,G0080,3,138.35,2024-01-28 12:57:00,0
3238,283,G0044,1,283.11,2024-07-18 17:19:00,0
3239,55,G0029,3,228.35,2024-02-11 16:31:00,0
3240,294,G0069,1,80.63,2024-06-09 09:29:00,0
3241,43,G0023,1,52.23,2024-04-06 10:42:00,PROMO02
3242,40,G0048,3,116.64,2024-10-30 10:57:00,0
3243,58,G0048,3,116.64,2024-06-06 17:32:00,PROMO04
3244,275,G0064,2,85.91,2024-11-01 13:47:00,PROMO01
3245,299,G0015,3,191.62,2024-11-30 15:35:00,0
3246,276,G0008,2,134.23,2024-11-12 16:53:00,PROMO02
3247,1,G0006,2,65.4,2024-06-30 15:24:00,0
3248,258,G0064,2,85.91,2025-06-21 09:23:00,0
3249,161,G0067,2,207.06,2025-02-01 10:25:00,0
3250,145,G0052,3,212.87,2024-11-14 12:59:00,0
3251,61,G0077,2,171.46,2024-05-12 12:36:00,0
3252,93,G0015,3,191.62,2024-05-24 15:09:00,0
3253,224,G0019,1,354.11,2024-03-17 10:02:00,0
3254,9,G0040,3,146.36,2024-03-06 12:31:00,0
3255,84,G0079,2,243.27,2025-06-28 11:48:00,0
3256,58,G0037,3,217.09,2025-05-12 10:28:00,PROMO01
3257,47,G0061,3,172.06,2025-04-02 10:33:00,0
3258,209,G0076,3,255.11,2024-10-11 10:47:00,0
3259,270,G0013,3,273.26,2024-06-13 14:30:00,0
3260,102,G0015,3,191.62,2024-01-21 12:54:00,0
3261,222,G0055,2,207.21,2024-01-22 12:38:00,0
3262,87,G0001,1,124.6,2024-01-06 13:43:00,0
3263,101,G0021,3,145.46,2024-12-10 15:46:00,0
3264,203,G0025,1,216.35,2024-01-04 16:37:00,0
3265,24,G0042,1,256.09,2024-10-03 13:03:00,0
3266,272,G0031,3,339.08,2024-01-02 14:25:00,PROMO02
3267,214,G0079,1,243.27,2024-03-04 15:08:00,0
3268,204,G0069,3,80.63,2025-03-18 15:30:00,0
3269,235,G0056,1,278.01,2024-08-20 10:08:00,0
3270,285,G0027,3,76.44,2025-01-29 17:30:00,0
3271,105,G0028,2,74.77,2025-02-21 10:20:00,PROMO01
3272,259,G0044,3,283.11,2024-04-26 12:01:00,PROMO04
3273,91,G0051,2,255.86,2024-04-17 14:07:00,0
3274,283,G0040,1,146.36,2024-01-01 12:30:00,PROMO02
3275,80,G0065,1,277.19,2024-07-24 11:04:00,PROMO02
3276,51,G0070,3,49.92,2024-08-17 17:51:00,0
3277,96,G0060,3,216.3,2024-03-05 09:45:00,0
3278,167,G0003,2,150.98,2025-05-08 11:42:00,0
3279,49,G0006,2,65.4,2025-01-14 17:10:00,0
3280,86,G0001,3,124.6,2025-06-19 15:47:00,0
3281,137,G0032,1,84.76,2024-05-10 09:38:00,0
3282,228,G0053,1,64.52,2025-04-16 15:23:00,PROMO01
3283,181,G0076,2,255.11,2024-09-09 17:00:00,0
3284,154,G0045,3,245.46,2025-05-24 09:31:00,0
3285,9,G0020,3,74.45,2025-02-04 12:47:00,0
3286,205,G0069,2,80.63,2024-06-23 13:02:00,0
3287,182,G0074,1,157.49,2024-05-21 10:03:00,0
3288,105,G0040,3,146.36,2025-06-03 10:22:00,0
3289,84,G0044,2,283.11,2024-08-16 10:30:00,0
3290,223,G0002,2,51.59,2024-11-01 10:28:00,PROMO01
3291,228,G0035,3,169.53,2025-05-01 12:25:00,0
3292,211,G0055,3,207.21,2024-11-07 13:15:00,0
3293,225,G0074,3,157.49,2025-02-09 11:03:00,0
3294,288,G0001,3,124.6,2025-04-13 11:01:00,0
3295,255,G0033,3,217.97,2024-12-26 10:05:00,0
3296,293,G0037,2,217.09,2024-10-09 16:41:00,0
3297,261,G0025,3,216.35,2025-05-31 10:47:00,0
3298,58,G0053,2,64.52,2024-09-05 17:26:00,0
3299,235,G0067,3,207.06,2024-12-17 13:04:00,0
3300,298,G0069,3,80.63,2024-04-19 16:24:00,PROMO03
3301,300,G0069,1,80.63,2024-09-28 14:59:00,0
3302,6,G0078,1,244.12,2025-06-11 11:14:00,0
3303,6,G0042,1,256.09,2024-05-01 14:29:00,0
3304,17,G0021,2,145.46,2024-05-22 11:32:00,PROMO01
3305,204,G0052,2,212.87,2024-03-03 10:19:00,0
3306,279,G0023,2,52.23,2024-09-15 11:26:00,0
3307,54,G0029,1,-228.35,2024-07-13 11:28:00,PROMO01
3308,169,G0062,2,100.05,2024-08-30 10:28:00,0
3309,243,G0034,3,227.51,2024-04-18 09:43:00,0
3310,213,G0031,1,339.08,2024-06-01 17:34:00,PROMO04
3311,190,G0002,1,51.59,2024-01-01 13:03:00,0
3312,177,G0050,3,209.49,2025-02-16 12:00:00,0
3313,183,G0027,1,-76.44,2025-01-01 17:24:00,0
3314,50,G0072,2,366.53,2024-07-15 11:54:00,0
3315,278,G0038,2,355.75,2025-04-04 12:02:00,0
3316,258,G0062,3,100.05,2024-01-20 16:04:00,0
3317,272,G0061,1,172.06,2025-02-28 14:40:00,PROMO01
3318,16,G0015,3,191.62,2024-07-27 12:27:00,0
3319,63,G0007,1,55.49,2024-10-04 11:13:00,PROMO03
3320,130,G0017,3,148.16,2024-02-14 09:12:00,0
3321,141,G0044,2,283.11,2025-02-14 09:39:00,0
3322,192,G0022,-2,337.9,2024-02-09 10:31:00,0
3323,65,G0015,2,191.62,2024-12-18 16:38:00,0
3324,224,G0062,1,100.05,2024-11-18 14:16:00,PROMO02
3325,95,G0024,1,136.07,2024-01-09 12:31:00,0
3326,111,G0038,2,355.75,2024-01-31 16:51:00,0
3327,158,G0062,2,100.05,2024-11-06 10:18:00,0
3328,167,G0048,3,116.64,2024-08-16 10:23:00,0
3329,168,G0022,1,337.9,2024-08-25 12:09:00,0
3330,161,G0001,2,124.6,2024-03-24 17:38:00,PROMO03
3331,171,G0045,1,245.46,2024-04-14 14:01:00,0
3332,29,G0001,3,124.6,2024-09-12 16:14:00,0
3333,95,G0012,1,305.64,2025-04-28 11:42:00,0
3334,74,G0060,2,216.3,2024-06-09 16:01:00,0
3335,139,G9047,3,80.63,2024-09-09 09:59:00,0
3336,285,G0042,3,256.09,2024-11-24 11:24:00,0
3337,88,G0024,3,136.07,2024-11-08 13:23:00,0
3338,178,G0018,3,221.9,2024-11-16 09:32:00,0
3339,60,G0065,2,277.19,2025-05-15 16:38:00,0
3340,44,G0058,1,231.17,2024-02-26 16:27:00,0
3341,27,G0068,-3,125.73,2024-02-18 13:53:00,0
3342,48,G0034,2,227.51,2025-04-10 11:57:00,0
3343,242,G0030,2,212.39,2024-08-07 09:12:00,0
3344,73,G0039,2,266.45,2025-06-25 14:42:00,0
3345,152,G0015,2,191.62,2024-05-01 13:18:00,0
3346,154,G0074,2,157.49,2024-07-23 15:59:00,0
3347,105,G0005,2,289.63,2024-08-24 14:15:00,0
3348,274,G0004,1,107.07,2024-07-18 10:17:00,0
3349,112,G0054,1,366.84,2024-03-11 10:42:00,0
3350,123,G0067,3,207.06,2024-07-05 16:47:00,0
3351,20,G0066,2,241.7,2025-06-02 10:07:00,0
3352,90,G9006,-1,366.53,2024-12-27 17:33:00,0
3353,246,G0070,2,49.92,2024-07-20 09:20:00,0
3354,285,G0056,1,278.01,2024-11-19 15:36:00,0
3355,161,G0024,1,136.07,2025-03-31 17:33:00,0
3356,210,G0042,3,256.09,2024-08-05 12:59:00,PROMO02
3357,248,G0066,1,241.7,2024-04-13 09:56:00,0
3358,55,G0046,2,255.5,2025-05-04 16:39:00,0
3359,143,G0049,2,120.16,2024-03-30 10:40:00,0
3360,227,G0049,1,120.16,2025-02-11 13:53:00,0
3361,34,G0040,1,146.36,2024-08-02 17:11:00,0
3362,70,G0076,3,255.11,2024-09-20 15:43:00,PROMO04
3363,135,G0044,1,283.11,2024-01-30 09:46:00,0
3364,58,G0007,3,55.49,2024-12-14 16:07:00,0
3365,296,G0003,3,150.98,2024-08-27 10:52:00,0
3366,175,G0021,1,145.46,2024-03-28 15:41:00,0
3367,210,G0067,2,207.06,2024-10-21 14:20:00,0
3368,151,G0050,2,209.49,2025-06-10 11:29:00,0
3369,153,G0080,3,138.35,2025-04-13 12:29:00,0
3370,225,G0022,3,337.9,2025-01-14 10:55:00,0
3371,252,G0043,3,253.63,2024-12-22 17:58:00,0
3372,65,G0067,3,207.06,2024-04-23 11:48:00,0
3373,27,G0023,1,52.23,2024-03-14 11:39:00,0
3374,299,G0060,3,216.3,2024-03-16 13:06:00,0
3375,154,G0068,3,125.73,2024-07-11 15:54:00,0
3376,232,G0011,2,104.53,2024-01-15 13:08:00,PROMO03
3377,135,G0043,1,253.63,2024-09-29 13:10:00,0
3378,106,G0055,2,207.21,2024-06-12 14:04:00,0
3379,201,G0067,1,207.06,2024-03-25 16:56:00,0
3380,112,G0004,1,107.07,2025-06-24 12:29:00,0
3381,223,G0069,1,80.63,2024-03-24 16:14:00,0
3382,252,G0069,1,80.63,2024-10-08 16:04:00,PROMO03
3383,296,G0002,1,51.59,2024-06-19 17:24:00,0
3384,228,G0060,3,216.3,2024-02-18 17:43:00,0
3385,76,G0072,2,366.53,2025-03-09 16:59:00,0
3386,114,G0048,1,116.64,2024-11-16 11:33:00,0
3387,276,G0003,3,150.98,2025-04-20 15:36:00,PROMO01
3388,164,G0025,1,216.35,2025-02-08 15:50:00,0
3389,905,G0016,3,233.36,2024-09-03 11:54:00,0
3390,41,G0002,1,51.59,2025-06-29 15:16:00,0
3391,294,G0061,2,172.06,2024-05-17 11:59:00,0
3392,162,G0045,1,245.46,2024-09-06 13:31:00,0
3393,22,G0074,1,157.49,2025-06-27 16:55:00,0
3394,274,G0013,3,273.26,2024-05-05 10:07:00,0
3395,168,G0008,1,134.23,2024-11-02 12:05:00,0
3396,237,G0027,2,76.44,2024-03-12 16:53:00,PROMO04
3397,106,G0049,2,120.16,2024-05-23 13:40:00,PROMO01
3398,112,G0045,3,245.46,2025-02-14 17:10:00,0
3399,108,G0046,1,255.5,2024-03-02 09:53:00,0
3400,171,G0070,2,49.92,2025-03-16 15:06:00,0
3401,150,G0058,3,231.17,2024-09-09 16:40:00,0
3402,172,G0050,2,209.49,2024-09-02 17:12:00,0
3403,291,G0024,2,136.07,2024-12-21 10:04:00,0
3404,60,G0013,2,273.26,2024-10-24 17:48:00,0
3405,22,G0018,3,221.9,2024-09-02 12:50:00,0
3406,94,G0059,1,200.65,2024-06-11 12:06:00,0
3407,216,G0049,2,120.16,2024-01-05 12:05:00,0
3408,128,G0038,1,355.75,2025-06-17 14:36:00,0
3409,131,G0033,1,217.97,2025-02-26 14:01:00,0
3410,54,G0080,3,138.35,2025-04-17 13:44:00,PROMO03
3411,105,G0043,3,253.63,2024-11-02 09:54:00,0
3412,136,G0006,2,65.4,2024-05-07 17:45:00,0
3413,287,G0070,1,49.92,2024-05-18 10:13:00,0
3414,110,G0002,2,51.59,2024-05-26 09:11:00,0
3415,107,G0055,1,207.21,2025-06-05 14:40:00,PROMO03
3416,133,G0035,2,169.53,2024-04-28 12:03:00,0
3417,297,G0030,3,212.39,2024-11-20 14:32:00,0
3418,12,G0074,2,157.49,2024-02-15 16:26:00,0
3419,206,G0034,3,227.51,2024-01-04 09:44:00,0
3420,89,G0065,3,277.19,2024-10-11 11:12:00,PROMO04
3421,139,G0041,2,113.26,2024-04-24 13:45:00,PROMO02
3422,169,G0069,3,80.63,2025-04-09 16:41:00,0
3423,252,G0016,2,233.36,2024-09-29 14:14:00,PROMO01
3424,218,G0071,3,106.46,2024-05-02 12:21:00,0
3425,197,G0035,3,169.53,2024-02-05 14:03:00,0
3426,107,G0076,3,255.11,2025-06-19 17:26:00,PROMO04
3427,106,G0071,2,106.46,2025-03-29 13:15:00,0
3428,184,G0066,1,241.7,2024-08-27 16:06:00,0
3429,146,G0061,2,172.06,2024-01-15 16:33:00,0
3430,49,G0030,3,212.39,2024-01-09 11:34:00,0
3431,58,G0045,1,245.46,2025-06-08 11:05:00,0
3432,215,G0003,1,150.98,2024-05-10 15:11:00,0
3433,179,G0034,1,227.51,2024-02-10 10:04:00,PROMO01
3434,88,G0030,1,212.39,2024-02-05 12:40:00,0
3435,183,G0058,2,231.17,2024-05-17 11:20:00,0
3436,144,G0009,1,176.47,2024-02-27 14:04:00,0
3437,254,G0076,3,255.11,2024-10-05 11:11:00,0
3438,111,G0021,2,145.46,2025-01-15 14:58:00,PROMO02
3439,283,G0010,1,273.15,2025-05-09 17:15:00,0
3440,159,G0013,3,273.26,2024-05-27 16:41:00,0
3441,142,G0070,2,49.92,2024-01-29 17:28:00,0
3442,286,G0061,1,172.06,2025-02-03 09:10:00,PROMO04
3443,105,G0024,1,136.07,2025-01-17 13:18:00,0
3444,254,G0039,1,266.45,2024-07-08 10:00:00,0
3445,136,G0028,1,74.77,2025-03-05 17:44:00,0
3446,274,G0080,1,138.35,2024-02-06 15:20:00,0
3447,196,G0068,2,125.73,2024-04-11 11:29:00,0
3448,111,G0007,2,55.49,2024-01-13 14:09:00,0
3449,205,G0058,3,231.17,2024-06-22 14:49:00,0
3450,78,G0005,1,289.63,2024-12-09 13:13:00,0
3451,122,G0051,2,255.86,2024-05-18 13:33:00,0
3452,185,G0026,2,81.24,2024-02-01 09:52:00,0
3453,239,G0061,3,172.06,2024-11-16 13:42:00,0
3454,50,G0064,1,85.91,2024-05-19 12:36:00,0
3455,289,G0002,1,51.59,2025-04-17 16:53:00,0
3456,237,G0012,1,305.64,2024-02-05 16:10:00,0
3457,88,G0021,-1,145.46,2024-04-21 15:57:00,0
3458,195,G0073,1,179.77,2025-06-05 09:33:00,0
3459,39,G0050,2,209.49,2024-05-25 16:24:00,0
3460,13,G0033,2,217.97,2024-10-13 12:15:00,0
3461,58,G0064,1,85.91,2024-06-20 12:44:00,0
3462,36,G0061,1,172.06,2025-04-10 17:58:00,0
3463,126,G0053,1,64.52,2024-05-28 16:41:00,0
3464,155,G0038,1,355.75,2024-07-07 09:01:00,0
3465,48,G0051,1,255.86,2024-05-27 12:28:00,0
3466,110,G0076,2,255.11,2024-03-25 15:43:00,0
3467,9,G0075,2,58.76,2024-11-08 13:23:00,0
3468,229,G0061,1,172.06,2025-01-19 11:46:00,0
3469,107,G0024,2,136.07,2024-12-27 13:42:00,0
3470,116,G0017,2,148.16,2025-02-22 16:04:00,0
3471,239,G0078,2,244.12,2024-01-25 11:33:00,PROMO02
3472,139,G0045,3,-245.46,2025-01-02 15:10:00,0
3473,180,G0015,2,191.62,2024-02-07 15:29:00,0
3474,55,G0074,3,157.49,2024-04-23 16:23:00,0
3475,275,G0075,1,58.76,2024-06-23 11:48:00,0
3476,277,G0052,3,212.87,,0
3477,275,G0053,2,64.52,2025-05-05 13:27:00,0
3478,264,G0054,1,366.84,2024-08-07 13:32:00,0
3479,31,G0002,3,51.59,2025-06-22 12:37:00,0
3480,234,G0034,1,227.51,2025-06-07 16:39:00,0
3481,225,G0072,1,366.53,2024-04-22 16:38:00,0
3482,252,G0038,3,355.75,2024-05-13 11:46:00,0
3483,154,G0006,1,65.4,2025-02-17 16:58:00,0
3484,271,G0026,2,81.24,2024-05-10 11:49:00,0
3485,167,G0030,2,212.39,2024-10-02 12:08:00,0
3486,139,G0058,1,231.17,2025-05-31 09:28:00,0
3487,115,G0074,3,157.49,2025-02-24 12:27:00,0
3488,222,G0024,1,136.07,2024-01-10 17:30:00,0
3489,86,G0026,3,81.24,2025-05-18 12:31:00,0
3490,76,G0002,2,51.59,2024-12-02 15:43:00,0
3491,107,G0028,1,74.77,2024-03-03 09:25:00,0
3492,281,G0067,2,207.06,2024-09-11 14:15:00,0
3493,207,G0059,1,200.65,2024-04-23 12:27:00,0
3494,2,G0067,3,207.06,2024-04-02 15:51:00,0
3495,61,G0052,1,212.87,2024-01-24 17:18:00,0
3496,48,G0050,3,209.49,2024-06-04 13:01:00,0
3497,72,G0064,1,85.91,2025-04-12 09:58:00,0
3498,298,G0069,3,80.63,2025-04-15 13:11:00,0
3499,23,G0050,1,209.49,2024-12-10 10:36:00,0
3500,43,G0071,2,106.46,2025-05-06 13:48:00,PROMO04
3501,126,G0006,1,65.4,2024-01-24 09:16:00,PROMO03
3502,113,G0032,2,84.76,2024-05-01 14:20:00,PROMO02
3503,229,G0011,1,104.53,2025-06-19 11:16:00,PROMO03
3504,48,G0078,3,244.12,2025-01-13 10:08:00,0
3505,169,G0065,1,277.19,2024-11-12 09:09:00,0
3506,10,G0025,3,216.35,2024-09-23 16:11:00,0
3507,7,G0009,2,176.47,2024-07-27 16:27:00,0
3508,123,G0036,2,99.02,2025-02-24 16:31:00,0
3509,165,G0049,3,120.16,2024-09-13 09:00:00,0
3510,140,G0052,2,212.87,2025-03-28 12:50:00,0
3511,28,G0013,1,273.26,,0
3512,9,G0018,3,221.9,2024-04-03 14:04:00,0
3513,78,G0018,3,221.9,2024-08-15 10:50:00,0
3514,148,G0001,1,124.6,2025-02-04 10:01:00,0
3515,272,G0045,3,245.46,2024-03-12 11:33:00,0
3516,167,G0018,2,221.9,2024-08-20 17:27:00,0
3517,184,G0025,2,216.35,2024-11-15 10:30:00,0
3518,114,G0045,2,245.46,,0
3519,45,G0021,3,145.46,2024-04-06 15:55:00,PROMO02
3520,283,G0043,1,253.63,2024-04-28 17:16:00,0
3521,36,G0023,3,52.23,2024-12-01 16:34:00,0
3522,10,G0037,3,217.09,2025-02-11 11:57:00,0
3523,17,G0008,2,134.23,2024-06-26 16:43:00,0
3524,136,G0055,2,207.21,2024-01-25 10:53:00,0
3525,66,G0072,1,366.53,2025-06-18 11:26:00,0
3526,45,G0004,1,107.07,2024-06-28 10:16:00,0
3527,66,G0073,3,179.77,2025-03-13 10:30:00,0
3528,46,G0017,1,148.16,2024-09-27 09:49:00,PROMO03
3529,6,G0064,3,85.91,,0
3530,167,G0029,3,-228.35,2024-09-21 10:41:00,0
3531,24,G0040,3,146.36,2024-06-30 12:42:00,PROMO04
3532,215,G0029,3,228.35,2024-11-03 09:30:00,0
3533,13,G0014,3,297.49,2024-03-31 09:19:00,0
3534,4,G0047,2,224.62,2024-07-28 17:25:00,PROMO03
3535,252,G0020,2,74.45,,0
3536,216,G0011,2,104.53,2025-02-23 09:48:00,0
3537,84,G0041,1,113.26,2024-05-09 09:33:00,0
3538,94,G0051,2,255.86,2024-01-04 10:47:00,0
3539,215,G0050,2,209.49,2025-02-13 13:01:00,PROMO02
3540,142,G0010,3,273.15,,PROMO04
3541,280,G0057,3,123.21,2024-10-03 15:30:00,0
3542,151,G0061,2,172.06,2024-03-23 14:59:00,0
3543,297,G0008,3,134.23,2024-07-31 09:28:00,0
3544,19,G0053,-1,64.52,2025-06-06 15:28:00,0
3545,290,G0062,2,100.05,2024-05-29 09:07:00,0
3546,161,G0035,1,169.53,2024-11-10 14:48:00,0
3547,215,G0049,3,120.16,2024-06-05 12:42:00,PROMO02
3548,45,G0044,3,283.11,2025-03-19 16:51:00,0
3549,183,G0021,2,145.46,2024-09-19 11:05:00,0
3550,89,G0003,2,150.98,2024-10-10 14:12:00,0
3551,46,G0016,1,233.36,2025-05-19 12:52:00,0
3552,280,G0071,1,106.46,2025-06-27 13:02:00,0
3553,128,G0001,3,124.6,2025-03-15 17:30:00,0
3554,116,G0044,3,283.11,2024-10-21 15:24:00,0
3555,258,G0023,3,52.23,2024-03-07 12:56:00,0
3556,142,G0076,2,255.11,2024-01-24 13:51:00,PROMO04
3557,133,G0003,2,150.98,2024-04-10 15:53:00,0
3558,23,G0024,1,136.07,2024-06-13 12:17:00,0
3559,190,G0040,1,146.36,2024-10-12 10:35:00,0
3560,96,G0032,1,84.76,2024-05-01 13:42:00,0
3561,27,G0040,3,146.36,2025-06-24 09:58:00,0
3562,123,G0064,1,85.91,2024-04-12 10:00:00,0
3563,259,G0050,1,209.49,2024-02-29 12:58:00,0
3564,32,G0026,1,81.24,2025-04-02 16:21:00,0
3565,26,G0011,1,104.53,2024-10-09 16:07:00,0
3566,7,G0027,2,76.44,2025-05-01 11:36:00,0
3567,124,G0014,3,297.49,2025-05-23 12:46:00,0
3568,239,G0072,2,366.53,2024-02-16 10:07:00,0
3569,54,G0050,1,209.49,2024-12-29 15:02:00,0
3570,27,G0065,2,277.19,2024-04-10 11:53:00,0
3571,146,G0060,3,216.3,2024-12-02 16:56:00,PROMO01
3572,62,G0010,1,273.15,2025-03-24 16:09:00,0
3573,173,G0068,1,125.73,2024-05-02 15:54:00,0
3574,86,G0072,3,366.53,2025-03-30 11:54:00,0
3575,2,G0061,1,172.06,2025-04-24 17:59:00,0
3576,29,G0030,2,212.39,2024-04-24 15:12:00,PROMO01
3577,219,G0004,3,107.07,2025-06-08 14:34:00,0
3578,241,G0020,1,74.45,2024-07-26 16:59:00,0
3579,197,G0033,2,217.97,2025-05-17 16:54:00,0
3580,275,G0026,2,81.24,2024-12-12 09:36:00,0
3581,21,G0058,2,231.17,2024-04-18 16:11:00,PROMO01
3582,94,G0037,3,217.09,2024-01-16 15:05:00,0
3583,282,G0047,2,224.62,2025-04-21 10:15:00,PROMO01
3584,8,G0022,3,337.9,2024-09-20 11:03:00,0
3585,151,G0025,1,216.35,2024-08-06 15:11:00,PROMO02
3586,84,G0016,-2,233.36,2024-02-08 10:04:00,0
3587,197,G0078,3,244.12,2025-01-26 13:45:00,0
3588,234,G0034,2,227.51,2025-04-28 15:35:00,0
3589,227,G0046,1,255.5,2025-03-23 14:31:00,0
3590,61,G0032,3,84.76,2025-01-08 17:48:00,0
3591,73,G0012,2,305.64,2024-02-26 10:24:00,0
3592,209,G0039,1,266.45,2025-02-01 11:24:00,0
3593,246,G0002,1,51.59,2024-07-21 17:12:00,0
3594,268,G0034,1,227.51,2024-10-15 14:26:00,0
3595,58,G0080,3,138.35,2024-08-15 11:10:00,0
3596,148,G0070,2,49.92,2025-05-30 11:35:00,0
3597,13,G0002,2,51.59,2024-04-19 12:59:00,0
3598,39,G0002,2,51.59,2024-08-22 13:31:00,0
3599,52,G0048,1,116.64,2025-01-21 11:17:00,0
3600,187,G0071,-2,106.46,2024-10-24 14:41:00,0
3601,126,G0030,3,212.39,2024-12-03 13:49:00,0
3602,282,G0012,1,305.64,2024-01-04 14:28:00,0
3603,61,G0036,2,99.02,2025-03-06 10:15:00,0
3604,80,G0063,3,121.9,2025-03-10 14:42:00,PROMO01
3605,164,G0061,1,172.06,2024-12-11 17:11:00,0
3606,57,G0018,3,221.9,2024-03-19 10:59:00,PROMO04
3607,169,G0013,1,273.26,2024-08-27 11:19:00,0
3608,289,G0064,3,85.91,2024-04-10 15:21:00,0
3609,133,G0020,2,74.45,2024-02-16 14:43:00,0
3610,237,G0021,1,145.46,2025-01-27 15:00:00,0
3611,152,G0038,2,355.75,2025-01-13 14:12:00,0
3612,217,G0060,2,216.3,2024-05-24 15:07:00,0
3613,34,G0057,1,123.21,2024-01-28 14:23:00,0
3614,32,G0065,2,277.19,2024-05-05 09:33:00,0
3615,135,G0062,3,100.05,2024-08-23 15:10:00,0
3616,32,G0028,1,74.77,2025-05-13 13:20:00,0
3617,117,G0068,1,125.73,2024-07-09 09:46:00,PROMO03
3618,38,G0039,3,266.45,2024-11-28 12:56:00,0
3619,93,G0050,1,209.49,2024-06-14 12:00:00,0
3620,171,G0034,2,227.51,2025-06-24 09:37:00,0
3621,76,G0058,1,231.17,2025-06-12 17:01:00,0
3622,24,G9029,2,231.17,2025-03-14 11:31:00,0
3623,6,G0058,3,231.17,2025-01-21 11:52:00,0
3624,74,G0062,1,100.05,2024-07-30 12:47:00,PROMO02
3625,281,G0052,2,212.87,2025-03-03 16:13:00,0
3626,184,G0078,1,244.12,2024-08-11 15:15:00,PROMO04
3627,259,G0061,3,172.06,2024-02-23 15:47:00,0
3628,16,G0034,3,227.51,2025-06-19 11:49:00,PROMO02
3629,91,G0008,3,134.23,2024-12-08 16:16:00,0
3630,121,G0034,1,227.51,2024-12-21 16:00:00,0
3631,269,G0078,1,244.12,2025-04-30 13:26:00,0
3632,215,G0011,2,104.53,2025-04-05 13:37:00,0
3633,132,G0002,2,51.59,2024-07-15 09:26:00,0
3634,165,G0053,2,64.52,2024-02-29 15:56:00,0
3635,257,G0077,2,171.46,2025-05-26 17:48:00,0
3636,177,G0033,1,217.97,2025-03-22 13:47:00,PROMO01
3637,124,G0068,2,125.73,2024-05-30 13:01:00,0
3638,245,G0027,2,-76.44,2024-05-13 13:51:00,0
3639,106,G0024,1,136.07,2024-06-29 09:45:00,0
3640,76,G0062,1,100.05,2024-04-18 14:23:00,0
3641,238,G0048,3,116.64,2025-05-16 15:35:00,0
3642,62,G0063,1,121.9,2025-03-09 17:49:00,0
3643,151,G0021,3,145.46,2025-01-15 17:54:00,0
3644,138,G0071,2,106.46,2024-08-26 13:33:00,0
3645,90,G0014,2,297.49,2024-01-09 17:02:00,0
3646,92,G0024,1,136.07,,0
3647,292,G0071,1,106.46,2024-04-07 14:40:00,PROMO03
3648,95,G0051,2,255.86,2025-05-22 14:03:00,0
3649,32,G0055,3,207.21,2024-01-26 17:49:00,PROMO04
3650,937,G0003,1,150.98,2024-03-23 15:12:00,0
3651,100,G0058,1,231.17,2024-12-16 10:53:00,0
3652,17,G0038,3,355.75,2024-07-22 09:33:00,0
3653,212,G0059,1,200.65,2024-09-16 12:19:00,PROMO04
3654,296,G0029,1,228.35,2025-03-27 13:03:00,0
3655,143,G0057,2,123.21,2024-09-04 15:01:00,PROMO01
3656,277,G0029,3,228.35,2024-02-03 13:44:00,0
3657,167,G0034,1,227.51,2024-06-09 13:22:00,PROMO03
3658,56,G0078,1,244.12,2024-08-18 17:50:00,0
3659,81,G0064,1,85.91,2024-03-30 12:13:00,0
3660,294,G0016,2,233.36,2024-08-15 13:55:00,0
3661,25,G0039,3,266.45,2025-03-15 14:56:00,0
3662,221,G0054,2,366.84,2025-02-08 13:06:00,0
3663,88,G0059,1,200.65,2024-11-07 17:38:00,0
3664,106,G0076,2,255.11,2024-09-28 17:56:00,0
3665,192,G0003,2,150.98,2024-01-01 13:19:00,0
3666,280,G0056,2,278.01,2024-01-03 13:04:00,0
3667,254,G0047,2,224.62,2024-01-23 14:52:00,0
3668,280,G0002,3,51.59,2024-04-15 10:28:00,0
3669,88,G0077,1,171.46,2024-06-18 12:01:00,0
3670,40,G0048,2,116.64,2024-08-31 10:50:00,0
3671,144,G0034,3,227.51,2024-02-05 10:40:00,0
3672,89,G0021,2,145.46,2024-07-16 09:04:00,0
3673,89,G0001,1,124.6,2024-09-07 14:15:00,0
3674,21,G0020,2,-74.45,2024-12-05 09:01:00,0
3675,31,G0015,3,191.62,2024-08-19 14:57:00,PROMO03
3676,169,G0005,1,289.63,2025-02-18 12:01:00,0
3677,284,G0072,2,366.53,2024-08-01 12:47:00,0
3678,126,G0025,1,216.35,2024-10-28 15:30:00,0
3679,202,G0021,3,145.46,2025-03-12 13:34:00,0
3680,276,G0004,2,107.07,2024-08-24 15:48:00,0
3681,138,G0035,1,169.53,2024-06-14 15:53:00,PROMO01
3682,228,G0043,3,253.63,2025-02-06 09:07:00,0
3683,69,G0008,-1,134.23,2024-05-26 10:01:00,0
3684,255,G0052,1,212.87,2024-03-18 14:07:00,0
3685,159,G0076,2,255.11,2024-10-11 17:40:00,0
3686,8,G0050,1,209.49,2024-10-01 10:34:00,0
3687,290,G0027,2,76.44,2024-12-16 09:05:00,0
3688,51,G0076,1,255.11,2024-07-04 17:14:00,0
3689,39,G0030,1,212.39,2025-05-08 17:32:00,0
3690,206,G0017,2,148.16,2024-10-07 10:43:00,0
3691,78,G0066,3,241.7,2025-02-12 12:20:00,0
3692,53,G0019,3,354.11,2024-01-27 14:56:00,PROMO04
3693,62,G0058,1,231.17,2024-01-28 10:59:00,0
3694,82,G0069,2,80.63,2024-11-18 11:45:00,PROMO03
3695,32,G0025,1,216.35,2024-04-18 12:27:00,0
3696,118,G0043,2,253.63,,0
3697,139,G0027,3,76.44,2024-05-22 11:43:00,0
3698,54,G0039,1,266.45,2024-02-20 12:31:00,0
3699,227,G0063,3,121.9,2025-04-17 11:26:00,0
3700,134,G0060,3,216.3,2024-05-09 15:49:00,0
3701,129,G0017,1,148.16,2024-04-05 10:33:00,0
3702,121,G0033,3,217.97,2024-11-25 11:10:00,0
3703,277,G0015,3,191.62,2024-07-03 11:59:00,0
3704,4,G0039,3,266.45,2025-05-09 17:04:00,0
3705,221,G0064,3,85.91,2025-01-26 17:41:00,0
3706,102,G0027,1,76.44,2024-06-23 13:39:00,0
3707,286,G0056,2,278.01,2024-04-07 10:35:00,0
3708,30,G0022,2,337.9,2025-04-23 15:03:00,0
3709,149,G0056,2,-278.01,2024-02-28 13:29:00,PROMO03
3710,258,G0046,3,255.5,2025-06-23 16:53:00,0
3711,278,G0022,2,337.9,2025-03-23 12:14:00,0
3712,245,G0018,2,221.9,2024-06-25 17:41:00,0
3713,261,G0035,2,169.53,2025-05-08 16:51:00,0
3714,300,G0022,2,337.9,2024-11-08 11:57:00,PROMO03
3715,192,G0011,3,104.53,2025-02-05 15:30:00,0
3716,82,G0023,1,52.23,2024-12-24 11:18:00,0
3717,55,G0069,1,80.63,2024-12-27 12:41:00,0
3718,208,G0022,2,337.9,2025-04-02 11:29:00,0
3719,211,G0025,3,216.35,2024-09-14 15:37:00,PROMO01
3720,47,G9027,1,337.9,2024-09-08 11:44:00,PROMO01
3721,148,G0073,3,179.77,2024-06-28 14:42:00,0
3722,7,G0078,3,244.12,2025-03-03 14:14:00,0
3723,228,G0006,1,65.4,2025-02-23 15:45:00,0
3724,135,G0044,1,283.11,2025-01-04 17:32:00,0
3725,95,G0009,2,176.47,2024-10-18 09:55:00,0
3726,10,G0030,3,212.39,2024-03-17 17:39:00,0
3727,44,G0074,1,157.49,2024-09-08 09:53:00,0
3728,103,G0069,3,80.63,2024-06-30 13:58:00,0
3729,153,G0060,1,216.3,,PROMO02
3730,196,G0001,3,124.6,2024-02-17 14:44:00,0
3731,11,G0068,1,125.73,2025-04-17 15:35:00,0
3732,20,G0042,2,256.09,2024-10-14 16:07:00,0
3733,215,G0008,2,134.23,2025-03-22 12:23:00,PROMO04
3734,145,G0028,3,74.77,2025-06-22 17:28:00,0
3735,182,G0002,1,51.59,2024-11-29 11:46:00,0
3736,89,G0026,2,81.24,2025-03-09 10:35:00,0
3737,218,G0019,1,354.11,2024-04-23 12:26:00,0
3738,102,G0053,1,64.52,2024-01-13 13:08:00,0
3739,133,G0037,3,217.09,2024-04-05 15:42:00,PROMO03
3740,71,G0026,3,81.24,2024-04-11 16:25:00,0
3741,142,G0037,1,217.09,2024-07-20 11:02:00,0
3742,238,G0061,3,172.06,2025-02-01 11:17:00,0
3743,245,G0054,1,366.84,2025-03-08 17:52:00,PROMO02
3744,129,G0078,2,244.12,2024-07-03 12:07:00,0
3745,24,G0036,2,99.02,2024-03-12 11:24:00,0
3746,175,G0013,3,273.26,2025-03-27 17:30:00,0
3747,45,G0064,3,85.91,2024-07-12 13:05:00,0
3748,94,G0006,1,65.4,2024-10-20 17:09:00,0
3749,228,G0040,2,146.36,2024-09-30 17:56:00,0
3750,255,G0022,1,337.9,2024-10-02 17:35:00,0
3751,172,G0026,3,81.24,2025-02-02 14:12:00,0
3752,230,G0073,1,179.77,2024-06-18 16:10:00,0
3753,151,G0069,-2,80.63,2024-08-18 17:25:00,0
3754,71,G0054,3,366.84,2024-02-12 11:43:00,0
3755,240,G0023,1,52.23,2025-06-12 09:43:00,0
3756,137,G0009,3,176.47,2024-01-13 11:11:00,PROMO01
3757,174,G0030,3,212.39,2024-12-11 14:43:00,0
3758,161,G0062,3,100.05,2024-10-01 13:53:00,0
3759,201,G0036,1,99.02,2024-11-24 09:13:00,0
3760,9,G0005,3,289.63,2024-08-13 14:01:00,0
3761,40,G0034,3,227.51,2025-03-13 10:57:00,0
3762,251,G0053,3,64.52,2024-04-06 13:31:00,0
3763,234,G0065,3,277.19,2024-09-25 14:46:00,0
3764,235,G0007,2,55.49,2025-01-19 14:19:00,0
3765,232,G0045,2,245.46,2024-09-19 12:17:00,PROMO04
3766,68,G0050,1,209.49,2025-02-17 12:13:00,0
3767,35,G0048,3,116.64,2024-10-31 15:13:00,PROMO01
3768,266,G0048,3,116.64,2024-02-04 15:28:00,PROMO02
3769,232,G0061,3,172.06,2024-06-19 16:06:00,0
3770,57,G0002,3,51.59,2024-11-11 12:50:00,0
3771,233,G0072,2,366.53,2024-01-21 12:30:00,0
3772,121,G0047,2,224.62,2025-03-14 11:54:00,0
3773,19,G0030,3,212.39,2024-09-10 13:30:00,0
3774,218,G0076,-3,255.11,2024-09-08 10:18:00,0
3775,203,G0062,3,100.05,2025-03-26 12:30:00,0
3776,12,G0052,2,212.87,2024-05-03 10:09:00,0
3777,70,G0024,3,136.07,,0
3778,244,G0074,3,157.49,2024-10-14 16:43:00,0
3779,9,G0066,2,241.7,2025-06-04 17:08:00,0
3780,221,G0043,1,253.63,2025-05-29 13:34:00,0
3781,24,G0050,2,209.49,2024-07-29 09:32:00,0
3782,105,G0039,3,266.45,2024-06-22 11:12:00,0
3783,258,G0062,2,100.05,2024-01-25 09:07:00,0
3784,162,G0042,1,256.09,2024-11-05 15:45:00,0
3785,72,G0016,3,233.36,2025-04-11 17:15:00,0
3786,288,G0055,3,207.21,2024-03-20 13:31:00,0
3787,206,G0057,1,123.21,2025-02-20 10:14:00,0
3788,96,G0008,1,134.23,2025-02-15 09:39:00,0
3789,296,G0002,2,51.59,2024-07-15 17:02:00,PROMO02
3790,261,G0079,1,243.27,2024-06-12 11:21:00,0
3791,288,G0020,2,74.45,2024-11-26 10:32:00,PROMO02
3792,120,G0060,1,216.3,2025-04-13 10:26:00,0
3793,4,G0069,2,80.63,2024-11-11 11:36:00,0
3794,88,G0052,3,212.87,2024-10-25 14:10:00,0
3795,106,G0076,3,255.11,2024-08-28 17:26:00,PROMO01
3796,122,G0042,2,256.09,2024-01-20 11:45:00,0
3797,184,G0073,3,179.77,2025-03-04 15:20:00,0
3798,195,G0077,1,171.46,2024-03-06 09:09:00,0
3799,276,G0057,1,123.21,2024-01-03 09:50:00,0
3800,272,G0021,2,145.46,2024-08-25 09:46:00,0
3801,263,G0036,3,99.02,2024-09-08 17:40:00,0
3802,76,G0010,2,-273.15,2024-04-24 14:47:00,0
3803,258,G0001,2,124.6,2025-01-20 16:46:00,PROMO03
3804,114,G0015,2,191.62,2025-06-24 09:44:00,0
3805,27,G0014,2,297.49,2024-09-15 09:30:00,PROMO02
3806,262,G0012,2,305.64,,0
3807,230,G0006,1,65.4,2025-05-02 09:35:00,0
3808,80,G0053,3,64.52,2024-11-01 10:16:00,0
3809,25,G0027,1,76.44,2025-06-09 13:46:00,0
3810,17,G0067,3,207.06,2024-03-08 14:28:00,0
3811,206,G0020,3,74.45,2024-06-18 11:54:00,0
3812,213,G0071,1,106.46,2024-10-30 13:35:00,0
3813,270,G0042,1,256.09,2024-01-20 15:33:00,0
3814,265,G0065,3,277.19,2024-12-13 12:55:00,PROMO02
3815,240,G0036,1,99.02,2024-03-18 12:28:00,0
3816,2,G0055,3,207.21,2024-04-25 09:22:00,0
3817,198,G0015,1,191.62,2025-04-28 13:22:00,0
3818,68,G0002,3,51.59,2024-02-03 16:52:00,0
3819,9,G0031,3,339.08,2024-05-02 14:45:00,0
3820,90,G0054,1,366.84,2024-09-27 17:09:00,0
3821,112,G0042,3,256.09,2025-01-25 10:29:00,0
3822,95,G0033,2,217.97,2025-06-18 09:22:00,0
3823,249,G0001,1,124.6,2024-07-01 13:38:00,0
3824,152,G0019,2,354.11,2024-06-15 10:03:00,0
3825,192,G0028,2,74.77,2024-01-20 14:42:00,0
3826,80,G0029,2,228.35,2025-01-07 17:44:00,0
3827,94,G0071,2,106.46,2025-04-07 12:13:00,0
3828,31,G0032,3,84.76,2025-01-20 13:09:00,0
3829,230,G0001,1,124.6,2024-10-27 15:37:00,0
3830,163,G0018,3,221.9,2024-11-11 10:15:00,0
3831,182,G0029,3,228.35,2025-03-11 17:56:00,0
3832,41,G0069,2,80.63,2025-01-11 10:46:00,0
3833,143,G0003,1,150.98,2025-02-13 16:57:00,0
3834,140,G0066,3,241.7,2024-05-30 14:32:00,0
3835,292,G0058,2,231.17,2024-09-11 10:56:00,0
3836,142,G0052,2,212.87,2024-06-04 15:00:00,PROMO02
3837,119,G0055,1,207.21,2025-01-25 10:17:00,0
3838,238,G0078,3,244.12,2025-06-25 14:00:00,0
3839,300,G0010,1,273.15,2025-01-16 17:40:00,0
3840,291,G0063,3,121.9,2024-06-27 17:30:00,0
3841,26,G9020,1,217.97,2025-06-21 16:17:00,0
3842,85,G0053,3,64.52,2024-05-11 13:18:00,0
3843,214,G0051,1,255.86,2025-04-09 14:38:00,PROMO04
3844,91,G0025,2,216.35,2025-01-21 11:10:00,0
3845,80,G0076,3,255.11,2024-09-10 17:30:00,0
3846,284,G0062,2,100.05,2025-06-11 13:36:00,0
3847,254,G0058,3,231.17,2024-07-10 15:14:00,0
3848,223,G0002,2,51.59,2024-05-04 12:13:00,0
3849,269,G0023,1,52.23,2025-06-19 15:21:00,PROMO03
3850,127,G0013,-2,273.26,2024-07-23 11:35:00,0
3851,98,G0077,1,171.46,2024-06-07 15:15:00,PROMO04
3852,6,G0004,1,107.07,2024-03-09 09:22:00,0
3853,26,G0060,2,216.3,2024-05-30 09:32:00,0
3854,35,G0040,3,146.36,2024-08-20 12:11:00,PROMO03
3855,289,G0010,1,273.15,2024-11-03 13:34:00,0
3856,105,G0067,3,207.06,2025-05-22 15:08:00,0
3857,279,G0061,1,172.06,2024-02-03 12:08:00,0
3858,277,G0056,3,278.01,2024-12-01 09:14:00,0
3859,197,G0039,1,266.45,2024-05-18 11:17:00,0
3860,6,G0043,3,253.63,2024-06-03 12:01:00,0
3861,94,G0030,2,212.39,2024-08-25 13:57:00,0
3862,249,G0055,2,207.21,2024-04-14 14:18:00,0
3863,134,G0072,-3,366.53,2025-02-14 11:48:00,0
3864,292,G0070,1,49.92,2025-01-13 14:54:00,0
3865,68,G0001,1,124.6,2025-04-30 14:48:00,0
3866,126,G0001,2,124.6,2025-02-22 15:49:00,0
3867,270,G0056,3,278.01,2024-12-07 13:06:00,PROMO02
3868,149,G0001,2,124.6,2024-09-10 16:22:00,0
3869,158,G0063,2,121.9,2024-05-03 10:44:00,0
3870,163,G0029,1,228.35,2024-07-17 15:34:00,0
3871,162,G0052,1,212.87,2024-01-14 09:00:00,0
3872,251,G0064,1,85.91,2024-06-22 09:34:00,0
3873,180,G0008,1,134.23,2025-03-05 16:48:00,0
3874,295,G0023,1,52.23,2024-05-30 13:49:00,0
3875,916,G0077,3,171.46,2024-03-13 14:23:00,0
3876,265,G0062,1,100.05,2024-08-03 14:14:00,0
3877,98,G0039,3,266.45,2024-07-07 15:18:00,0
3878,159,G0036,2,99.02,2024-10-20 11:17:00,0
3879,1,G0035,2,169.53,2025-03-17 10:20:00,0
3880,274,G0054,1,366.84,2024-08-18 09:18:00,0
3881,34,G0001,3,124.6,2025-04-26 16:27:00,0
3882,40,G0078,1,-244.12,2025-04-27 11:02:00,0
3883,286,G0046,1,255.5,2025-05-09 14:16:00,0
3884,86,G0069,3,80.63,2024-12-21 13:18:00,0
3885,181,G0050,1,209.49,2024-09-18 10:09:00,0
3886,38,G0072,2,366.53,2025-06-05 12:52:00,0
3887,178,G0070,3,-49.92,2024-03-21 09:40:00,0
3888,49,G0042,2,256.09,2024-09-23 10:54:00,0
3889,201,G0047,1,224.62,2024-04-29 10:33:00,PROMO01
3890,252,G0061,1,172.06,2024-02-21 16:06:00,0
3891,126,G0002,3,51.59,2024-11-14 14:54:00,0
3892,160,G0016,3,233.36,2024-10-09 17:27:00,PROMO02
3893,280,G0020,1,74.45,2024-03-24 12:41:00,0
3894,13,G0027,3,76.44,2025-01-26 10:22:00,0
3895,83,G0006,1,65.4,2025-06-10 14:29:00,0
3896,279,G0071,2,106.46,2024-10-12 17:29:00,0
3897,11,G0057,3,123.21,2024-01-13 13:17:00,0
3898,165,G0021,3,145.46,2024-12-12 09:33:00,0
3899,196,G0037,3,217.09,2025-03-23 11:44:00,0
3900,106,G0027,3,76.44,2024-08-30 17:01:00,0
3901,214,G0017,1,148.16,2024-02-26 13:07:00,PROMO04
3902,154,G0034,1,227.51,2025-05-30 17:50:00,PROMO01
3903,222,G0063,1,121.9,2025-06-01 13:34:00,0
3904,286,G0062,1,100.05,2024-06-21 09:58:00,0
3905,61,G0077,3,171.46,2024-04-04 16:36:00,0
3906,145,G0029,1,228.35,2024-04-04 15:39:00,0
3907,75,G0050,-2,209.49,2024-04-12 15:53:00,0
3908,276,G0036,3,99.02,2024-12-12 17:39:00,0
3909,176,G0021,2,145.46,2024-09-03 10:19:00,0
3910,62,G0015,3,191.62,2025-02-16 17:31:00,0
3911,233,G0021,1,145.46,2024-01-19 11:14:00,0
3912,241,G0001,2,124.6,2025-05-03 17:20:00,PROMO03
3913,143,G0038,2,355.75,2024-02-28 10:40:00,PROMO02
3914,101,G0011,2,104.53,2024-03-06 13:08:00,0
3915,38,G0080,3,138.35,2024-12-13 16:40:00,0
3916,296,G0035,2,169.53,2025-05-12 09:35:00,0
3917,209,G0017,2,148.16,2024-07-03 09:18:00,0
3918,296,G0049,1,120.16,2025-01-07 16:02:00,0
3919,7,G0018,3,221.9,2025-01-28 09:42:00,0
3920,274,G0039,1,266.45,2024-05-12 14:49:00,0
3921,285,G0058,1,231.17,2024-08-09 17:43:00,PROMO04
3922,25,G0043,1,253.63,2025-02-06 14:25:00,0
3923,203,G0051,1,255.86,2025-03-20 13:39:00,0
3924,190,G0006,1,65.4,2025-06-27 12:24:00,PROMO01
3925,220,G0035,1,169.53,2024-05-03 14:21:00,0
3926,111,G0076,1,255.11,2024-05-01 14:19:00,PROMO01
3927,122,G0004,1,107.07,2025-01-08 13:12:00,0
3928,135,G0044,1,283.11,2024-07-23 10:58:00,0
3929,236,G0048,3,116.64,2025-04-23 14:39:00,0
3930,188,G0030,1,212.39,2024-07-10 15:10:00,PROMO01
3931,26,G0080,3,138.35,2025-03-16 15:51:00,0
3932,238,G0045,2,245.46,2024-10-29 09:09:00,0
3933,132,G0035,3,169.53,2024-05-20 15:35:00,0
3934,147,G0072,3,366.53,2024-10-15 15:09:00,0
3935,169,G0029,3,228.35,2024-04-02 10:21:00,0
3936,9,G0072,1,366.53,2025-02-02 16:39:00,0
3937,180,G0068,1,125.73,2024-10-17 13:59:00,PROMO03
3938,170,G0051,2,255.86,2024-06-09 13:59:00,PROMO03
3939,77,G0016,2,233.36,2025-05-21 15:53:00,0
3940,209,G0049,1,120.16,2024-08-28 13:14:00,PROMO04
3941,53,G0054,1,366.84,2024-11-13 13:05:00,0
3942,16,G0058,1,231.17,2024-10-30 11:54:00,0
3943,79,G0054,2,366.84,2024-01-17 17:55:00,0
3944,181,G0009,2,176.47,2025-05-31 17:16:00,0
3945,37,G0048,1,-116.64,2024-01-05 10:01:00,0
3946,118,G0012,2,305.64,2025-05-23 15:38:00,0
3947,162,G0055,1,207.21,2024-12-21 09:04:00,0
3948,293,G0008,2,134.23,2024-05-12 12:02:00,0
3949,155,G0010,1,273.15,2024-09-08 17:56:00,0
3950,158,G0057,3,123.21,2024-09-28 10:29:00,0
3951,193,G0034,3,227.51,2025-01-09 12:06:00,0
3952,164,G0060,3,216.3,2024-02-25 10:39:00,0
3953,236,G0016,3,233.36,2024-03-22 15:22:00,0
3954,269,G0074,3,-157.49,2025-02-11 13:32:00,0
3955,154,G0052,3,212.87,2024-08-07 14:53:00,0
3956,199,G0016,3,233.36,2024-08-28 17:14:00,0
3957,166,G0078,2,244.12,2024-09-27 13:38:00,0
3958,287,G0059,2,200.65,2024-01-08 15:49:00,0
3959,240,G0007,1,55.49,2024-09-05 09:25:00,PROMO04
3960,243,G0012,3,305.64,2024-09-28 10:58:00,0
3961,4,G0013,3,273.26,2024-07-09 17:26:00,0
3962,185,G0056,2,278.01,2024-09-04 16:27:00,0
3963,74,G0078,3,244.12,2025-05-05 14:53:00,0
3964,69,G0027,3,76.44,2025-02-18 12:38:00,0
3965,21,G0024,3,136.07,2024-05-16 10:52:00,0
3966,84,G0051,2,255.86,,0
3967,96,G0034,1,227.51,2025-03-25 16:42:00,0
3968,122,G0080,3,138.35,2024-06-12 11:14:00,0
3969,274,G0044,3,283.11,2024-05-24 14:23:00,0
3970,123,G0024,1,136.07,2024-04-06 14:51:00,0
3971,1,G0009,2,176.47,2024-07-12 13:36:00,0
3972,90,G0067,2,207.06,2024-10-27 17:16:00,0
3973,153,G0064,3,85.91,2024-03-13 10:19:00,0
3974,269,G0020,3,74.45,2024-01-10 11:46:00,0
3975,248,G0043,2,253.63,2024-03-27 09:10:00,0
3976,138,G0044,1,283.11,2025-02-02 15:06:00,0
3977,227,G0042,2,256.09,2024-03-12 14:45:00,0
3978,114,G0016,1,233.36,2024-01-04 17:17:00,0
3979,202,G0037,1,217.09,2024-08-06 13:45:00,0
3980,95,G0056,3,278.01,2024-06-03 10:32:00,PROMO04
3981,231,G0060,2,216.3,2024-08-11 13:59:00,0
3982,39,G0054,3,366.84,2025-06-02 09:31:00,0
3983,18,G0051,2,255.86,2024-11-01 15:52:00,0
3984,15,G0057,1,123.21,2024-07-31 15:51:00,0
3985,27,G0031,2,339.08,2024-02-05 16:12:00,0
3986,161,G0022,3,337.9,2025-05-30 12:59:00,0
3987,70,G0037,1,217.09,2024-02-08 11:44:00,0
3988,153,G0007,1,55.49,2025-05-22 09:06:00,0
3989,223,G0061,2,172.06,2025-06-02 12:00:00,0
3990,233,G0054,1,366.84,2025-01-15 13:16:00,0
3991,2,G0056,1,278.01,2024-01-15 15:00:00,0
3992,126,G0052,1,212.87,2025-06-04 15:21:00,0
3993,183,G0052,2,212.87,2025-02-25 10:59:00,0
3994,145,G9024,2,157.49,2024-09-30 11:28:00,0
3995,249,G0076,1,255.11,,0
3996,112,G0076,3,255.11,2025-05-11 12:29:00,0
3997,278,G0036,3,99.02,2024-03-20 09:13:00,0
3998,260,G0055,1,207.21,2024-11-18 16:51:00,0
3999,8,G0037,3,217.09,2024-07-31 15:05:00,0
4000,214,G0056,2,278.01,2024-08-09 13:46:00,0
4001,114,G0076,2,255.11,2025-01-25 11:26:00,0
4002,52,G0021,3,145.46,2024-03-17 16:01:00,0
4003,54,G0043,3,253.63,2024-10-22 09:40:00,0
4004,174,G0030,2,212.39,2024-01-17 13:27:00,0
4005,38,G0024,3,136.07,2025-04-06 16:46:00,0
4006,84,G0018,1,221.9,2025-06-27 17:37:00,0
4007,156,G0064,2,85.91,2024-06-25 11:47:00,0
4008,83,G0044,2,283.11,2025-04-17 14:27:00,0
4009,252,G0009,3,176.47,2025-05-28 10:00:00,0
4010,66,G0027,2,76.44,2025-06-22 10:07:00,0
4011,248,G0008,2,134.23,2024-10-24 12:27:00,0
4012,268,G9040,2,55.49,2024-03-19 16:23:00,PROMO02
4013,131,G0074,3,157.49,2025-01-13 15:47:00,0
4014,240,G0074,3,157.49,2024-10-04 13:24:00,0
4015,167,G0066,2,241.7,2025-03-30 11:51:00,0
4016,291,G0050,1,209.49,2024-09-04 10:11:00,PROMO04
4017,79,G0026,2,81.24,2024-05-02 11:23:00,0
4018,279,G0008,3,134.23,2024-05-24 10:45:00,0
4019,197,G0052,1,212.87,2024-01-08 10:07:00,0
4020,166,G0046,2,255.5,2025-04-05 15:19:00,0
4021,209,G0036,2,99.02,2025-05-26 10:45:00,0
4022,268,G0052,2,212.87,2024-12-01 09:35:00,0
4023,184,G0064,2,85.91,2024-04-12 13:46:00,PROMO02
4024,131,G0061,2,172.06,2024-10-08 11:30:00,0
4025,27,G0050,3,209.49,2025-04-02 13:51:00,0
4026,213,G0068,1,125.73,2024-10-25 10:52:00,0
4027,183,G0010,2,273.15,2025-01-26 10:58:00,0
4028,167,G0014,1,297.49,,PROMO03
4029,134,G0009,3,176.47,2025-04-28 15:35:00,PROMO01
4030,74,G0026,1,81.24,2025-06-25 12:06:00,0
4031,274,G0055,1,207.21,2025-06-08 13:13:00,0
4032,163,G0061,1,172.06,2024-03-06 13:18:00,0
4033,126,G0053,1,64.52,2024-02-16 11:38:00,PROMO03
4034,138,G0020,1,74.45,2025-06-08 11:25:00,0
4035,32,G0023,1,52.23,2024-12-06 12:51:00,0
4036,277,G0079,3,243.27,2024-08-16 09:17:00,0
4037,143,G0009,1,176.47,2024-10-02 15:37:00,0
4038,7,G0075,2,58.76,2024-03-08 14:45:00,0
4039,244,G0077,2,171.46,2025-05-13 11:58:00,0
4040,140,G0044,1,283.11,2024-10-02 12:14:00,0
4041,186,G0050,3,209.49,2024-10-03 11:44:00,0
4042,153,G0041,1,113.26,2025-04-20 14:05:00,0
4043,194,G0063,2,121.9,2025-06-05 15:32:00,PROMO01
4044,294,G0042,2,256.09,2024-08-16 09:24:00,0
4045,10,G0044,3,283.11,2024-02-16 12:57:00,0
4046,222,G0001,1,124.6,2024-09-13 09:46:00,0
4047,23,G0030,1,212.39,2024-12-28 13:55:00,PROMO02
4048,171,G0067,2,207.06,2024-01-18 11:51:00,0
4049,160,G0020,1,74.45,2024-08-20 12:24:00,0
4050,226,G0059,2,200.65,2024-10-19 13:44:00,0
4051,236,G0047,3,224.62,2025-01-09 11:01:00,PROMO01
4052,159,G0009,3,176.47,2025-03-11 12:33:00,0
4053,268,G0021,1,145.46,2024-01-04 15:02:00,0
4054,67,G0078,2,244.12,2025-06-16 16:43:00,PROMO03
4055,55,G0074,2,157.49,2024-06-11 09:58:00,0
4056,113,G0022,2,337.9,2024-02-01 12:40:00,0
4057,185,G0071,2,106.46,2024-10-13 16:50:00,0
4058,216,G0062,2,100.05,2025-06-12 13:14:00,0
4059,228,G0025,3,216.35,2024-01-03 10:59:00,0
4060,94,G0076,1,255.11,2024-03-29 14:33:00,0
4061,272,G0012,2,-305.64,2025-05-27 10:40:00,0
4062,76,G0049,2,120.16,2024-12-14 09:46:00,0
4063,213,G0080,3,138.35,2024-01-24 14:38:00,PROMO02
4064,121,G0018,2,221.9,2024-05-27 13:19:00,0
4065,243,G0016,2,233.36,2025-05-29 15:36:00,PROMO01
4066,78,G0022,1,337.9,2025-04-27 12:39:00,0
4067,294,G0008,-1,134.23,2025-03-14 16:51:00,0
4068,140,G0070,3,49.92,2025-04-03 12:28:00,0
4069,283,G0036,2,99.02,2025-04-02 15:30:00,0
4070,133,G0010,3,273.15,2025-03-31 09:30:00,0
4071,161,G0041,1,113.26,2025-06-21 09:06:00,0
4072,279,G0070,3,49.92,2024-02-10 16:05:00,0
4073,108,G0060,3,216.3,2024-03-08 16:01:00,0
4074,34,G0042,2,256.09,2024-02-29 17:39:00,0
4075,155,G0048,3,116.64,2025-02-03 11:25:00,0
4076,282,G0027,3,76.44,2024-09-26 09:51:00,0
4077,227,G0053,1,64.52,2025-06-21 17:42:00,0
4078,80,G0003,3,150.98,2025-05-05 14:08:00,0
4079,78,G0031,3,339.08,2025-02-12 11:06:00,0
4080,93,G0015,3,191.62,2024-01-29 15:21:00,0
4081,171,G0012,3,305.64,2024-04-12 17:55:00,0
4082,291,G0070,3,49.92,2025-01-31 11:02:00,0
4083,51,G0066,1,241.7,2024-01-28 15:11:00,0
4084,251,G0001,2,124.6,2025-02-01 16:01:00,0
4085,19,G0016,1,233.36,2025-04-10 13:24:00,0
4086,113,G0062,1,100.05,2024-05-27 14:59:00,0
4087,119,G0029,2,228.35,2025-06-07 11:41:00,0
4088,224,G0039,3,266.45,2025-04-10 17:29:00,PROMO02
4089,162,G0006,2,65.4,2025-05-17 17:08:00,0
4090,262,G0079,2,243.27,2025-06-15 17:21:00,0
4091,116,G0025,2,216.35,2024-12-28 15:31:00,0
4092,7,G0063,2,121.9,2024-08-29 09:16:00,0
4093,88,G0028,1,74.77,2024-11-26 12:42:00,0
4094,22,G0041,2,113.26,2024-02-03 13:58:00,0
4095,48,G0068,2,125.73,2024-08-15 17:12:00,0
4096,144,G0034,1,227.51,2024-11-14 13:15:00,0
4097,261,G0069,1,80.63,2024-04-17 13:07:00,PROMO03
4098,33,G0040,2,146.36,2024-02-22 10:43:00,0
4099,53,G0020,1,74.45,2024-11-26 16:27:00,PROMO02
4100,206,G0069,2,80.63,2024-04-26 12:17:00,0
4101,912,G0069,3,80.63,2024-03-17 09:13:00,0
4102,299,G0057,2,123.21,2025-04-02 17:04:00,0
4103,73,G0030,3,212.39,2024-11-05 10:28:00,0
4104,137,G0046,2,255.5,2025-06-08 09:40:00,0
4105,211,G0061,3,172.06,2024-10-27 09:14:00,0
4106,119,G0055,3,207.21,2025-03-13 13:00:00,PROMO01
4107,34,G0056,1,278.01,2024-05-17 09:28:00,0
4108,246,G0028,2,74.77,2025-06-02 16:40:00,0
4109,61,G0046,3,255.5,2025-05-25 13:20:00,0
4110,83,G0077,3,171.46,2024-05-30 11:15:00,0
4111,120,G0014,3,297.49,2025-02-06 09:09:00,PROMO02
4112,20,G0018,3,221.9,2024-03-31 13:44:00,0
4113,189,G0039,3,266.45,2024-06-16 10:51:00,PROMO02
4114,117,G0023,2,52.23,2024-04-02 17:46:00,0
4115,191,G0009,3,176.47,2024-12-21 11:31:00,0
4116,131,G0069,1,80.63,2025-03-19 13:43:00,0
4117,13,G0060,1,216.3,2024-11-03 09:23:00,0
4118,197,G0061,3,172.06,2024-09-17 10:01:00,0
4119,63,G0045,3,245.46,2024-12-31 10:22:00,0
4120,43,G0063,2,121.9,2024-04-27 09:42:00,0
4121,227,G0001,2,124.6,2024-01-14 15:38:00,PROMO02
4122,40,G0066,-3,241.7,2024-04-06 17:59:00,0
4123,283,G0010,3,273.15,2024-10-20 17:59:00,PROMO01
4124,117,G0039,2,266.45,2025-05-06 11:14:00,0
4125,30,G0076,2,255.11,2024-07-27 16:00:00,0
4126,231,G0037,1,217.09,2024-05-11 13:16:00,0
4127,65,G0069,2,80.63,2024-10-22 09:52:00,0
4128,124,G9037,1,81.24,2024-06-04 09:48:00,0
4129,179,G0004,3,107.07,2025-01-28 13:05:00,0
4130,96,G0015,3,191.62,2024-07-12 12:09:00,0
4131,232,G0059,1,200.65,2025-01-21 09:33:00,PROMO04
4132,223,G0010,1,273.15,2024-05-22 17:39:00,PROMO04
4133,124,G0036,1,99.02,2024-02-02 15:58:00,0
4134,66,G0018,3,221.9,2024-08-13 13:45:00,0
4135,279,G0006,1,65.4,2024-08-01 17:12:00,0
4136,217,G0071,1,106.46,2025-03-07 17:02:00,0
4137,9,G0013,2,273.26,2025-04-08 17:38:00,0
4138,168,G0020,3,74.45,2024-11-07 11:33:00,0
4139,207,G0016,2,233.36,2024-10-27 16:55:00,0
4140,85,G0028,1,74.77,2024-12-24 13:34:00,0
4141,156,G0051,2,255.86,2025-03-20 15:30:00,PROMO02
4142,193,G0007,1,55.49,2025-01-27 16:18:00,0
4143,66,G0049,1,120.16,2024-03-09 10:05:00,0
4144,183,G0049,3,120.16,2024-12-08 13:52:00,0
4145,81,G0024,2,136.07,2025-03-25 10:49:00,0
4146,135,G0012,2,305.64,2024-02-16 11:09:00,0
4147,281,G0042,1,256.09,2024-07-02 12:42:00,0
4148,172,G0044,1,283.11,2024-08-01 16:21:00,0
4149,139,G0037,3,217.09,2024-09-18 16:26:00,PROMO04
4150,247,G0019,1,354.11,2024-08-22 12:50:00,0
4151,154,G0061,1,172.06,2024-08-27 11:50:00,0
4152,185,G0036,2,99.02,2024-03-26 13:11:00,0
4153,247,G0038,3,355.75,2024-07-21 17:18:00,0
4154,48,G0015,-2,191.62,2025-04-13 17:49:00,0
4155,239,G0076,2,255.11,2024-08-06 11:55:00,0
4156,5,G0038,1,355.75,2024-11-25 10:04:00,0
4157,226,G0064,3,85.91,2025-03-21 15:50:00,0
4158,264,G0025,1,216.35,2025-06-25 11:29:00,0
4159,258,G0007,1,55.49,2024-04-12 10:35:00,0
4160,275,G0062,1,100.05,2024-03-28 09:04:00,0
4161,299,G0011,2,104.53,2024-04-04 12:40:00,PROMO03
4162,118,G0056,2,278.01,2025-02-26 12:40:00,0
4163,54,G0002,2,51.59,2024-03-20 14:39:00,0
4164,50,G0006,3,65.4,2025-02-19 10:47:00,0
4165,164,G0055,2,207.21,2024-05-11 15:56:00,0
4166,233,G0007,2,55.49,2024-01-03 15:50:00,0
4167,220,G0075,3,58.76,2024-07-21 13:44:00,0
4168,37,G9017,2,116.64,2024-07-02 10:58:00,0
4169,101,G0002,2,51.59,2024-02-04 13:40:00,0
4170,100,G0007,1,55.49,2025-05-29 15:40:00,0
4171,172,G0043,3,253.63,,0
4172,942,G0022,2,337.9,2024-04-07 11:46:00,0
4173,79,G0004,2,107.07,2025-02-22 13:04:00,0
4174,53,G0041,1,113.26,2024-09-19 12:30:00,0
4175,290,G0019,1,354.11,2024-04-07 12:25:00,PROMO04
4176,218,G0032,1,84.76,2025-06-15 12:54:00,0
4177,70,G0018,2,221.9,2024-02-08 11:04:00,0
4178,164,G0030,3,212.39,2024-05-13 15:38:00,0
4179,91,G0007,2,55.49,2025-01-21 13:11:00,0
4180,15,G0013,3,273.26,2024-02-17 13:53:00,PROMO01
4181,107,G0033,3,217.97,2024-11-10 14:51:00,0
4182,295,G9008,1,273.26,2024-08-21 12:14:00,0
4183,187,G0024,3,136.07,2025-01-22 09:52:00,PROMO01
4184,110,G0021,-1,145.46,2024-09-17 16:29:00,0
4185,211,G0037,2,217.09,2024-05-09 09:58:00,0
4186,96,G0065,2,277.19,2024-11-01 14:43:00,0
4187,153,G0079,2,243.27,2025-03-14 11:02:00,0
4188,89,G0034,3,227.51,2025-06-08 10:12:00,0
4189,99,G0035,1,169.53,2024-02-25 09:24:00,0
4190,299,G0046,1,255.5,2025-03-23 17:12:00,0
4191,243,G0032,2,84.76,2025-01-04 12:07:00,0
4192,242,G0030,2,212.39,2025-02-18 12:58:00,0
4193,48,G0043,3,253.63,2024-06-30 15:52:00,PROMO04
4194,190,G0043,3,253.63,2024-03-08 09:26:00,0
4195,200,G0021,2,145.46,2024-09-09 14:12:00,PROMO01
4196,214,G0054,2,366.84,2024-04-17 13:10:00,0
4197,190,G0029,1,228.35,2025-02-18 13:54:00,0
4198,190,G0021,2,145.46,2025-03-28 10:19:00,0
4199,139,G0051,2,255.86,2024-11-21 17:00:00,0
4200,174,G0027,3,76.44,2025-02-21 11:23:00,0
4201,296,G0071,2,106.46,2024-09-12 15:27:00,0
4202,104,G0050,2,209.49,2024-06-03 15:37:00,0
4203,174,G0061,1,172.06,2024-06-09 12:20:00,0
4204,215,G0026,3,81.24,2024-08-17 10:55:00,0
4205,109,G0037,2,217.09,2024-12-02 11:38:00,0
4206,220,G0032,3,84.76,2024-01-27 16:59:00,0
4207,52,G0051,3,255.86,2024-05-30 17:22:00,0
4208,241,G0076,3,255.11,2024-08-30 17:39:00,0
4209,280,G0010,2,273.15,2024-04-08 11:21:00,0
4210,115,G0065,1,277.19,2024-04-13 14:41:00,0
4211,264,G0026,3,81.24,2025-04-17 10:44:00,0
4212,126,G0003,2,150.98,2024-08-01 15:19:00,0
4213,195,G0008,2,134.23,2024-06-19 12:56:00,0
4214,3,G0013,2,273.26,2025-03-09 15:51:00,0
4215,284,G0003,3,150.98,2024-05-23 15:53:00,0
4216,141,G0074,1,157.49,2024-04-30 17:13:00,0
4217,63,G0037,2,217.09,2024-07-20 13:43:00,0
4218,153,G0057,2,123.21,2024-07-07 12:06:00,0
4219,143,G0019,3,354.11,2024-06-17 13:06:00,0
4220,152,G0045,2,245.46,,PROMO02
4221,56,G0059,1,200.65,2024-11-03 10:09:00,0
4222,203,G0074,2,157.49,2025-06-01 13:51:00,0
4223,41,G0015,1,191.62,2025-02-27 16:25:00,0
4224,197,G0038,3,355.75,2025-04-16 13:18:00,0
4225,210,G0058,3,231.17,2024-01-27 16:04:00,0
4226,282,G0029,1,228.35,2024-12-02 10:40:00,0
4227,57,G0005,1,289.63,2025-02-02 13:43:00,0
4228,180,G0074,1,157.49,2024-04-26 14:28:00,0
4229,127,G0073,3,179.77,2024-10-05 12:48:00,0
4230,18,G0011,1,104.53,,0
4231,140,G0028,2,74.77,2025-03-05 09:33:00,0
4232,106,G0036,3,99.02,2024-04-12 17:17:00,0
4233,289,G0070,3,49.92,2024-09-28 14:34:00,0
4234,32,G0010,2,273.15,2025-05-20 11:08:00,0
4235,20,G0010,2,-273.15,2024-04-03 11:28:00,0
4236,6,G0037,3,217.09,2024-03-26 09:32:00,0
4237,25,G0040,3,146.36,2024-06-14 17:33:00,PROMO01
4238,78,G0068,3,125.73,2025-03-03 09:26:00,PROMO01
4239,207,G0070,1,49.92,2024-03-15 15:38:00,PROMO01
4240,127,G0038,1,355.75,2024-05-04 11:30:00,PROMO02
4241,133,G0065,3,277.19,2024-12-03 12:16:00,0
4242,134,G0020,1,74.45,2024-08-02 11:12:00,0
4243,39,G0055,1,207.21,2025-05-04 16:38:00,0
4244,50,G0063,3,121.9,2024-04-12 09:56:00,0
4245,279,G0049,1,120.16,2024-03-22 12:45:00,0
4246,247,G0013,3,273.26,2024-03-29 11:38:00,0
4247,60,G0027,1,76.44,2024-04-10 11:55:00,0
4248,159,G0003,1,150.98,2024-11-06 10:53:00,PROMO01
4249,83,G0067,3,207.06,,0
4250,62,G0017,3,148.16,2025-04-15 12:06:00,PROMO03
4251,163,G0018,2,221.9,2024-03-17 12:38:00,0
4252,110,G0056,2,278.01,2025-06-06 12:37:00,0
4253,195,G0038,2,355.75,2024-07-11 17:16:00,0
4254,123,G0071,1,106.46,2024-02-08 12:50:00,PROMO04
4255,155,G0079,1,243.27,2025-01-23 12:52:00,0
4256,296,G0037,1,217.09,2024-09-12 11:19:00,0
4257,61,G0045,2,245.46,2024-02-19 11:28:00,0
4258,122,G0011,-2,104.53,2024-08-11 09:11:00,0
4259,211,G0077,3,171.46,2025-03-19 14:10:00,PROMO02
4260,199,G9011,2,176.47,2024-09-16 09:15:00,0
4261,173,G0022,2,337.9,2024-06-28 11:21:00,0
4262,255,G0040,1,146.36,2024-01-03 10:16:00,0
4263,187,G0037,2,217.09,2024-03-07 11:09:00,PROMO04
4264,299,G0070,3,49.92,2024-10-09 15:26:00,0
4265,913,G0055,2,207.21,2024-10-16 14:37:00,0
4266,114,G0008,1,134.23,2025-01-13 17:19:00,0
4267,175,G0056,2,278.01,2024-12-22 12:32:00,PROMO04
4268,107,G0047,2,224.62,2025-05-31 17:16:00,0
4269,75,G0024,2,136.07,2024-03-29 09:42:00,0
4270,200,G0052,1,212.87,2025-01-05 13:38:00,0
4271,14,G0034,2,227.51,2024-01-09 16:57:00,0
4272,22,G0011,2,104.53,2024-10-08 13:03:00,0
4273,114,G0001,2,124.6,2025-06-05 17:51:00,0
4274,216,G0024,2,136.07,2024-02-11 11:20:00,0
4275,263,G0057,1,123.21,2024-01-06 09:03:00,0
4276,211,G0053,3,64.52,2024-03-01 15:41:00,0
4277,52,G0063,1,-121.9,2024-05-24 09:10:00,0
4278,209,G0022,1,337.9,2025-05-28 15:10:00,0
4279,63,G0045,3,245.46,2024-06-14 15:58:00,0
4280,74,G0071,1,106.46,2024-07-04 16:13:00,0
4281,80,G0037,1,217.09,2024-10-11 13:32:00,0
4282,80,G0068,1,125.73,2025-01-01 17:12:00,PROMO03
4283,17,G0001,2,124.6,2024-04-04 10:07:00,0
4284,284,G0035,2,169.53,2024-04-28 12:00:00,0
4285,53,G0015,1,191.62,2024-12-21 10:00:00,0
4286,161,G0025,2,216.35,2025-03-29 15:28:00,PROMO02
4287,272,G0076,1,255.11,2024-01-08 15:26:00,0
4288,224,G0038,1,355.75,2025-01-03 16:02:00,PROMO01
4289,238,G0068,1,125.73,2024-01-30 15:20:00,0
4290,277,G0003,1,150.98,2024-01-25 11:16:00,PROMO01
4291,148,G0043,1,253.63,2024-11-04 09:34:00,0
4292,171,G0017,3,148.16,2024-04-07 17:59:00,PROMO03
4293,148,G0061,3,172.06,2025-02-23 13:41:00,0
4294,148,G0017,3,148.16,2024-02-07 09:55:00,0
4295,262,G0072,3,366.53,2024-08-16 17:11:00,0
4296,114,G0045,2,245.46,2024-01-26 17:12:00,0
4297,117,G0060,3,216.3,2024-04-28 13:45:00,0
4298,50,G0029,3,228.35,2025-03-31 15:18:00,0
4299,123,G0052,3,212.87,2024-01-15 09:50:00,0
4300,170,G0071,2,106.46,2024-12-18 09:27:00,PROMO03
4301,293,G0040,3,146.36,2024-01-22 11:12:00,0
4302,143,G0024,3,136.07,2024-01-01 14:50:00,0
4303,221,G0073,3,-179.77,2024-02-20 10:33:00,0
4304,184,G0020,3,74.45,2025-03-15 09:48:00,0
4305,35,G0007,2,55.49,2024-12-05 15:27:00,0
4306,124,G0030,2,212.39,2024-10-06 15:07:00,0
4307,23,G0011,2,104.53,2024-11-21 15:40:00,0
4308,213,G0012,1,305.64,2025-03-04 16:07:00,0
4309,36,G0039,3,266.45,2024-02-29 16:39:00,0
4310,113,G0003,3,150.98,2024-10-14 14:25:00,0
4311,205,G0079,3,243.27,2024-06-13 13:47:00,0
4312,204,G0038,2,355.75,2024-11-04 16:52:00,0
4313,256,G0024,2,136.07,2024-01-10 12:24:00,0
4314,95,G0031,3,339.08,2024-05-24 09:52:00,PROMO02
4315,109,G0039,3,266.45,2024-01-05 15:06:00,0
4316,141,G0011,-2,104.53,2024-05-09 11:06:00,0
4317,170,G0044,1,283.11,2025-02-11 17:59:00,0
4318,168,G0069,2,80.63,2024-11-18 12:34:00,0
4319,300,G0004,2,107.07,2024-06-27 16:27:00,0
4320,289,G0049,1,120.16,2024-06-15 09:09:00,0
4321,189,G0058,1,231.17,2024-09-01 14:17:00,PROMO02
4322,114,G0019,3,354.11,2024-12-12 13:41:00,0
4323,150,G0046,1,255.5,2024-08-15 13:49:00,0
4324,165,G0069,1,80.63,2025-06-21 11:54:00,0
4325,24,G0036,1,99.02,2024-05-23 17:24:00,0
4326,201,G0024,3,136.07,2024-04-02 12:27:00,0
4327,51,G0063,2,121.9,2024-06-09 16:09:00,0
4328,68,G0004,2,107.07,2024-03-30 12:04:00,0
4329,278,G0023,1,52.23,2025-01-02 09:26:00,0
4330,91,G0052,2,212.87,2024-08-02 16:34:00,0
4331,3,G0051,1,255.86,2024-05-09 10:06:00,0
4332,17,G0028,1,74.77,2024-08-24 11:24:00,0
4333,257,G0006,2,65.4,2025-06-28 16:38:00,0
4334,184,G0001,1,124.6,2024-06-03 17:48:00,0
4335,49,G0075,1,58.76,2024-04-18 17:56:00,0
4336,125,G0028,2,74.77,2024-08-19 12:20:00,0
4337,250,G0011,3,104.53,2024-03-04 15:23:00,0
4338,12,G0024,3,136.07,2024-12-15 11:52:00,0
4339,193,G0019,1,354.11,2024-12-14 15:41:00,0
4340,144,G0064,1,85.91,,0
4341,182,G0077,2,171.46,2024-01-03 09:41:00,0
4342,297,G0080,1,138.35,2024-08-20 12:09:00,0
4343,177,G0028,1,74.77,2024-08-27 13:26:00,0
4344,198,G0060,2,216.3,2024-03-18 11:18:00,0
4345,193,G0038,2,355.75,2024-10-21 12:59:00,0
4346,228,G0002,3,51.59,2024-05-01 13:02:00,0
4347,181,G0026,3,81.24,2024-04-16 09:51:00,PROMO04
4348,256,G0055,2,207.21,,0
4349,177,G0023,3,52.23,2025-04-27 15:02:00,0
4350,215,G0009,1,176.47,2024-01-28 12:39:00,0
4351,82,G0071,1,106.46,2024-11-24 14:40:00,0
4352,29,G0053,3,64.52,2024-03-16 14:08:00,0
4353,31,G0020,1,74.45,2024-09-08 13:02:00,0
4354,59,G0051,2,255.86,2025-03-28 12:06:00,0
4355,245,G0055,1,207.21,2024-12-09 13:24:00,0
4356,78,G0026,3,81.24,2025-05-12 16:07:00,0
4357,183,G0075,1,58.76,2024-03-14 17:42:00,PROMO04
4358,265,G0037,3,217.09,2025-06-08 11:04:00,0
4359,113,G0064,1,85.91,2024-03-26 15:47:00,0
4360,78,G0078,2,244.12,2024-07-16 17:52:00,0
4361,15,G0032,2,84.76,2024-12-10 09:43:00,0
4362,126,G0073,3,179.77,2024-06-01 16:56:00,PROMO01
4363,107,G0019,2,354.11,2025-03-23 13:56:00,0
4364,258,G0049,2,120.16,2024-08-01 17:02:00,0
4365,246,G0069,3,80.63,2024-09-21 14:20:00,0
4366,284,G0026,3,81.24,2025-05-23 16:45:00,0
4367,911,G0010,2,273.15,2024-08-03 10:20:00,PROMO02
4368,22,G0013,1,273.26,2024-10-08 10:44:00,0
4369,16,G0050,2,209.49,2024-06-16 17:46:00,0
4370,202,G0038,1,355.75,2025-03-17 13:59:00,0
4371,113,G0048,1,116.64,2024-05-27 14:19:00,0
4372,144,G0041,2,113.26,2024-08-13 10:20:00,PROMO02
4373,251,G0047,3,224.62,2025-02-05 11:01:00,0
4374,198,G0079,2,243.27,2025-02-24 16:17:00,0
4375,226,G0066,2,241.7,2025-03-12 11:16:00,0
4376,143,G0074,2,157.49,2025-01-11 14:27:00,0
4377,12,G0040,2,146.36,2024-05-21 11:25:00,0
4378,212,G0075,1,58.76,2025-03-04 11:51:00,0
4379,274,G0043,1,253.63,2024-05-26 10:46:00,0
4380,28,G0054,1,366.84,2025-04-03 17:43:00,PROMO04
4381,92,G0077,1,171.46,2024-11-23 17:00:00,0
4382,226,G0075,1,58.76,2024-09-20 10:28:00,0
4383,138,G0018,1,221.9,2024-05-14 12:43:00,0
4384,155,G0056,3,278.01,2025-01-15 14:14:00,PROMO02
4385,76,G0026,2,81.24,2025-05-20 12:25:00,0
4386,4,G0037,2,217.09,2025-05-19 15:43:00,0
4387,238,G0018,2,221.9,2024-04-29 11:47:00,PROMO03
4388,27,G0059,1,200.65,2024-07-27 09:51:00,0
4389,272,G0018,1,221.9,2024-10-26 12:25:00,0
4390,74,G0032,1,84.76,2025-03-31 14:23:00,0
4391,80,G0008,3,134.23,2024-10-03 10:22:00,0
4392,203,G0063,2,121.9,2025-03-31 16:40:00,0
4393,101,G0053,3,64.52,2024-08-12 09:25:00,0
4394,267,G0055,1,207.21,2024-01-05 09:24:00,0
4395,71,G0020,1,74.45,2024-02-20 13:10:00,PROMO03
4396,258,G0035,-1,169.53,2025-02-01 13:28:00,0
4397,279,G0027,1,76.44,2024-08-05 11:14:00,0
4398,232,G0074,2,157.49,2024-01-24 11:31:00,PROMO02
4399,277,G0078,2,244.12,2025-05-25 09:53:00,0
4400,44,G0027,2,76.44,2024-01-09 14:46:00,PROMO03
4401,147,G0056,3,278.01,2024-05-16 12:28:00,0
4402,190,G0054,2,366.84,2024-02-23 10:58:00,0
4403,97,G0019,2,354.11,2025-01-13 12:58:00,0
4404,48,G0073,1,179.77,2025-01-18 17:26:00,0
4405,1,G0010,1,273.15,2024-12-05 11:45:00,0
4406,57,G0061,2,172.06,2025-06-27 17:20:00,0
4407,31,G0070,1,49.92,2024-08-09 11:52:00,PROMO01
4408,147,G0033,3,217.97,2024-03-10 10:22:00,0
4409,32,G0035,1,169.53,2024-03-06 11:15:00,0
4410,198,G0066,2,241.7,2024-03-18 11:08:00,0
4411,170,G0025,3,216.35,2024-04-15 10:50:00,0
4412,112,G0062,2,100.05,2025-04-14 14:17:00,0
4413,259,G0007,1,55.49,2024-02-13 12:48:00,0
4414,7,G0014,2,297.49,2025-06-12 15:05:00,PROMO04
4415,145,G0058,1,231.17,2025-05-13 13:30:00,0
4416,231,G0071,2,106.46,2024-02-06 12:25:00,0
4417,20,G0020,2,74.45,2024-04-15 13:26:00,0
4418,270,G0072,3,366.53,2024-07-28 10:10:00,0
4419,53,G0056,1,278.01,2024-04-19 15:04:00,0
4420,200,G0055,3,207.21,2025-03-08 09:20:00,0
4421,292,G0074,2,157.49,2025-01-29 15:28:00,0
4422,297,G0067,1,207.06,2024-07-22 17:47:00,0
4423,34,G0061,1,172.06,2024-11-24 15:27:00,PROMO03
4424,275,G0027,2,76.44,2024-07-13 13:14:00,0
4425,277,G0009,3,176.47,2024-12-22 11:15:00,0
4426,226,G0020,3,74.45,2025-01-13 16:36:00,0
4427,123,G0032,3,84.76,2025-06-05 11:26:00,0
4428,82,G0050,2,209.49,2024-05-25 13:54:00,0
4429,247,G0043,3,253.63,2024-02-14 15:26:00,0
4430,170,G0070,2,49.92,2025-03-11 17:34:00,0
4431,249,G0078,1,244.12,2024-01-05 17:03:00,0
4432,104,G0001,1,124.6,2025-06-11 09:11:00,0
4433,81,G0060,1,216.3,2025-05-05 17:51:00,0
4434,221,G0076,3,255.11,2024-08-15 10:20:00,0
4435,36,G0048,3,116.64,2024-03-03 14:25:00,0
4436,65,G0067,2,207.06,2024-11-03 17:35:00,0
4437,123,G0001,3,124.6,2025-04-23 14:03:00,0
4438,4,G0069,3,80.63,2025-04-28 17:30:00,0
4439,5,G0059,1,200.65,2024-06-19 12:20:00,PROMO04
4440,241,G0059,3,200.65,2024-04-28 11:08:00,0
4441,257,G0038,1,355.75,2024-11-22 11:25:00,0
4442,247,G0065,2,277.19,2024-07-22 12:26:00,0
4443,32,G0002,2,51.59,2024-03-25 15:11:00,0
4444,25,G0019,3,354.11,2024-10-12 13:32:00,0
4445,152,G0038,2,355.75,2024-08-09 15:44:00,PROMO01
4446,179,G0062,3,100.05,2025-04-02 12:16:00,PROMO01
4447,219,G0016,3,233.36,2025-05-01 11:57:00,0
4448,187,G0079,2,243.27,2024-12-24 10:36:00,0
4449,207,G0059,2,200.65,2024-10-30 13:46:00,0
4450,194,G0068,1,125.73,2024-07-18 17:04:00,0
4451,137,G0003,1,150.98,2025-01-10 16:46:00,0
4452,145,G0018,3,221.9,2025-01-23 11:20:00,0
4453,187,G0026,2,81.24,2024-07-24 13:42:00,PROMO02
4454,66,G0012,3,305.64,2024-03-18 15:48:00,0
4455,125,G0080,3,138.35,2024-01-14 14:15:00,0
4456,186,G0037,2,217.09,2024-09-06 09:15:00,0
4457,59,G0043,2,253.63,2024-04-27 14:03:00,0
4458,169,G0005,3,289.63,2024-04-08 09:36:00,0
4459,204,G0020,2,74.45,2024-01-10 10:46:00,0
4460,17,G0018,2,221.9,2024-12-23 14:24:00,0
4461,107,G0034,2,227.51,2024-12-10 09:09:00,0
4462,285,G0027,1,76.44,2024-11-22 12:18:00,0
4463,257,G0027,2,76.44,2025-05-18 14:24:00,PROMO02
4464,56,G0037,3,217.09,2025-02-16 14:54:00,0
4465,47,G0033,2,217.97,2024-09-05 13:07:00,PROMO04
4466,199,G0037,3,217.09,2024-09-02 09:20:00,0
4467,12,G0027,1,76.44,2025-05-21 16:38:00,0
4468,209,G0055,2,207.21,2024-05-29 17:14:00,0
4469,73,G0040,2,146.36,2024-12-07 16:53:00,0
4470,86,G0064,3,85.91,2024-05-11 15:54:00,0
4471,21,G0005,3,289.63,2024-05-24 12:22:00,0
4472,201,G0007,1,55.49,2024-11-07 16:44:00,0
4473,194,G0003,2,150.98,2024-03-29 13:45:00,0
4474,287,G0044,2,283.11,2024-08-01 10:40:00,0
4475,254,G0015,2,191.62,2024-07-26 16:11:00,0
4476,102,G0031,2,339.08,2025-03-06 11:02:00,0
4477,112,G0049,3,120.16,2024-07-24 17:20:00,0
4478,46,G0008,1,134.23,2024-02-08 12:07:00,0
4479,270,G0077,3,171.46,2024-08-28 16:17:00,0
4480,228,G0067,1,207.06,2024-01-04 13:38:00,0
4481,159,G0069,1,80.63,2024-06-26 13:35:00,0
4482,119,G0043,3,253.63,2024-10-12 11:12:00,0
4483,279,G0077,1,171.46,2024-02-21 16:01:00,0
4484,118,G0007,2,55.49,2024-08-13 09:13:00,0
4485,214,G0055,1,207.21,2024-09-05 13:27:00,0
4486,202,G0022,3,337.9,2024-01-26 12:46:00,0
4487,43,G0018,1,221.9,2025-03-15 13:21:00,0
4488,179,G0074,2,157.49,2025-04-14 11:17:00,PROMO03
4489,235,G0001,2,124.6,2024-08-13 14:33:00,0
4490,46,G0005,2,289.63,2024-08-05 12:04:00,0
4491,126,G0002,3,51.59,2025-03-19 10:13:00,0
4492,104,G0078,2,244.12,2025-05-30 10:02:00,0
4493,72,G0013,3,273.26,2024-05-07 15:31:00,0
4494,72,G0055,3,207.21,2024-08-26 11:26:00,0
4495,209,G0046,3,255.5,2024-01-30 11:34:00,0
4496,54,G0052,2,212.87,2025-03-13 14:37:00,0
4497,51,G0066,2,241.7,2025-05-05 11:23:00,0
4498,65,G0068,3,125.73,2024-08-09 12:52:00,0
4499,121,G0056,3,278.01,2025-06-22 11:55:00,PROMO03
4500,13,G0012,3,305.64,2025-02-10 12:06:00,PROMO02
4501,236,G0052,1,212.87,2024-06-11 15:55:00,0
4502,222,G0056,2,278.01,2025-06-11 13:11:00,0
4503,264,G0002,3,51.59,2024-07-18 17:14:00,0
4504,204,G0011,2,104.53,2024-11-28 15:31:00,0
4505,282,G0078,3,244.12,2024-01-01 09:01:00,0
4506,298,G0075,1,58.76,2024-11-21 12:21:00,0
4507,55,G0018,2,221.9,2024-12-15 11:11:00,0
4508,246,G0060,1,216.3,2025-03-20 14:28:00,0
4509,254,G0049,2,120.16,2024-01-26 11:48:00,0
4510,97,G0072,2,366.53,2025-06-28 17:55:00,0
4511,16,G0010,3,273.15,2024-10-24 11:12:00,0
4512,226,G0014,2,297.49,2024-12-03 13:32:00,0
4513,299,G0025,3,216.35,2024-03-12 10:28:00,PROMO02
4514,181,G0051,2,255.86,2024-04-05 17:24:00,0
4515,226,G0011,3,104.53,2024-04-26 17:37:00,0
4516,158,G0068,2,125.73,,0
4517,185,G0006,1,65.4,2024-07-07 12:24:00,0
4518,93,G0067,2,207.06,2025-05-18 09:03:00,0
4519,238,G0007,3,55.49,2024-08-26 15:54:00,0
4520,73,G0076,1,255.11,2024-01-19 12:55:00,0
4521,77,G0044,3,283.11,2024-01-14 17:19:00,0
4522,260,G0051,3,255.86,2024-02-06 15:30:00,0
4523,88,G0074,1,157.49,2025-02-15 13:51:00,0
4524,177,G0020,1,74.45,2024-06-14 17:30:00,0
4525,97,G0053,3,64.52,2024-08-03 16:28:00,0
4526,288,G0003,2,150.98,2024-06-21 13:55:00,PROMO01
4527,256,G0026,1,81.24,2024-05-19 09:49:00,0
4528,89,G0050,3,209.49,2025-03-09 09:30:00,0
4529,294,G0058,2,231.17,2024-09-01 12:09:00,0
4530,148,G0004,3,107.07,2024-11-30 14:26:00,0
4531,48,G0036,2,99.02,2025-02-04 09:40:00,PROMO03
4532,209,G0064,2,85.91,2024-02-20 10:16:00,0
4533,278,G0064,1,85.91,2025-01-05 15:32:00,0
4534,130,G0048,1,116.64,2024-09-17 15:39:00,0
4535,34,G0036,2,99.02,2025-03-15 09:05:00,PROMO04
4536,182,G0066,1,241.7,2024-10-01 13:34:00,0
4537,152,G0072,3,366.53,2024-08-22 09:44:00,0
4538,181,G0071,2,106.46,2024-06-12 15:12:00,PROMO04
4539,111,G0056,2,278.01,2024-11-02 16:32:00,0
4540,124,G0020,1,74.45,2025-04-16 16:42:00,0
4541,269,G0061,1,172.06,2025-06-04 14:02:00,PROMO03
4542,125,G0021,3,145.46,2025-02-22 14:38:00,0
4543,288,G0028,3,74.77,2024-09-14 17:15:00,0
4544,221,G0077,3,171.46,2024-12-11 14:23:00,PROMO01
4545,183,G0004,3,107.07,2024-11-08 13:38:00,0
4546,31,G0047,3,224.62,2024-02-02 15:00:00,0
4547,273,G0035,2,169.53,2025-04-19 14:01:00,0
4548,5,G0007,2,55.49,2024-07-20 16:26:00,0
4549,101,G0073,1,179.77,2025-04-23 13:56:00,0
4550,251,G0019,3,354.11,2024-11-18 16:00:00,0
4551,177,G0001,1,124.6,2024-01-30 09:47:00,0
4552,71,G0043,3,253.63,2024-12-25 09:04:00,0
4553,20,G0017,3,148.16,2024-01-05 09:29:00,0
4554,176,G0003,3,150.98,2024-07-08 14:25:00,PROMO01
4555,160,G0027,2,76.44,2024-08-20 15:28:00,PROMO02
4556,238,G0077,2,171.46,2024-08-26 10:04:00,0
4557,252,G0080,2,138.35,,0
4558,52,G0015,1,191.62,2024-09-01 16:16:00,0
4559,295,G0004,2,107.07,2024-06-19 15:46:00,0
4560,95,G0059,2,200.65,2024-06-01 14:39:00,0
4561,195,G0024,3,136.07,2024-12-18 13:33:00,0
4562,27,G0068,2,125.73,2025-05-22 12:18:00,0
4563,99,G0071,3,106.46,2024-12-24 09:39:00,0
4564,176,G0011,2,104.53,2025-03-17 10:59:00,PROMO01
4565,300,G0030,2,212.39,2024-04-06 17:55:00,0
4566,156,G0045,2,245.46,2024-11-16 12:54:00,0
4567,113,G0059,3,200.65,2024-02-02 15:13:00,PROMO04
4568,70,G0061,1,172.06,2024-04-20 15:35:00,0
4569,103,G0032,2,-84.76,2024-09-13 11:23:00,0
4570,72,G0012,3,305.64,2024-11-21 10:58:00,0
4571,192,G0055,3,207.21,2024-06-19 15:57:00,0
4572,132,G0013,1,273.26,2025-03-10 09:52:00,0
4573,132,G0068,1,125.73,2025-06-07 13:09:00,PROMO04
4574,201,G0021,1,145.46,2024-03-01 16:19:00,0
4575,120,G0011,3,104.53,2025-03-17 15:42:00,0
4576,121,G0080,3,138.35,2024-12-10 15:44:00,PROMO04
4577,253,G0008,2,134.23,2024-12-09 09:21:00,0
4578,169,G0079,3,243.27,2024-05-26 10:08:00,PROMO02
4579,215,G0057,1,123.21,2024-04-12 11:08:00,PROMO02
4580,144,G0030,3,212.39,2025-06-27 11:41:00,PROMO03
4581,934,G0045,1,245.46,2024-10-25 10:27:00,0
4582,30,G9041,2,354.11,2024-09-05 17:29:00,0
4583,188,G0006,3,65.4,2024-05-28 10:48:00,0
4584,122,G0014,1,297.49,2024-09-18 15:01:00,0
4585,186,G0048,2,116.64,2025-01-22 14:45:00,0
4586,33,G0015,3,191.62,2024-12-05 14:16:00,0
4587,13,G0037,3,217.09,2024-09-21 10:55:00,0
4588,44,G0067,3,207.06,2024-07-26 11:57:00,0
4589,128,G0056,3,278.01,2025-01-16 14:30:00,0
4590,44,G0005,3,289.63,2024-06-09 11:18:00,0
4591,300,G0062,2,100.05,2024-05-01 15:13:00,0
4592,55,G0042,1,256.09,2025-02-21 09:10:00,0
4593,300,G0015,3,191.62,2025-04-23 09:59:00,0
4594,200,G0044,1,283.11,2025-04-07 15:11:00,0
4595,83,G0066,1,241.7,2025-03-13 14:26:00,0
4596,43,G0007,3,55.49,2025-05-30 09:28:00,0
4597,80,G0021,1,145.46,2024-09-09 17:40:00,0
4598,39,G9039,2,256.09,2024-08-11 09:50:00,0
4599,223,G0062,1,100.05,2024-01-28 17:33:00,0
4600,290,G0066,3,241.7,2025-04-07 15:45:00,0
4601,227,G0038,2,355.75,2024-03-23 17:34:00,0
4602,101,G0008,2,134.23,2024-10-07 17:26:00,0
4603,6,G0023,1,52.23,2024-05-14 11:09:00,0
4604,194,G0067,1,207.06,2025-05-21 15:12:00,0
4605,18,G0028,3,74.77,2024-11-13 10:25:00,0
4606,29,G0022,3,337.9,2024-11-19 13:02:00,0
4607,232,G0051,1,255.86,2024-08-31 11:18:00,0
4608,25,G0035,1,169.53,2024-07-29 13:27:00,0
4609,236,G0045,2,245.46,2024-03-11 16:28:00,0
4610,75,G0031,2,339.08,2025-06-01 12:48:00,0
4611,39,G0032,3,-84.76,2024-05-15 09:58:00,0
4612,37,G0007,2,-55.49,2024-04-12 11:43:00,0
4613,144,G0049,1,120.16,2024-04-12 16:04:00,0
4614,82,G0020,1,74.45,2024-04-10 13:24:00,0
4615,281,G0022,2,337.9,2024-08-29 14:43:00,0
4616,282,G0026,-3,81.24,2024-03-19 12:35:00,PROMO04
4617,268,G0016,3,233.36,2025-02-24 11:27:00,0
4618,5,G0031,3,339.08,2024-03-29 14:26:00,0
4619,246,G0032,3,84.76,,0
4620,239,G0066,3,241.7,2024-11-09 17:34:00,0
4621,220,G0062,1,100.05,2024-02-17 14:10:00,0
4622,182,G0017,1,-148.16,2024-09-20 17:31:00,0
4623,52,G0007,2,55.49,2024-01-10 16:12:00,0
4624,223,G0031,2,339.08,2025-01-08 09:40:00,PROMO01
4625,273,G0078,2,244.12,2024-04-16 12:51:00,0
4626,235,G0001,3,124.6,2025-01-15 12:30:00,0
4627,57,G0075,1,58.76,2024-09-28 09:23:00,0
4628,156,G0047,2,224.62,2025-01-07 10:56:00,0
4629,242,G0019,-3,354.11,2025-02-08 15:39:00,0
4630,200,G0015,3,191.62,2024-07-09 12:25:00,0
4631,256,G0011,1,104.53,2025-03-25 10:01:00,0
4632,60,G0065,3,277.19,2025-03-01 11:00:00,0
4633,218,G0031,3,339.08,2024-12-28 11:13:00,0
4634,69,G0052,2,212.87,2025-03-27 10:14:00,0
4635,13,G0048,2,116.64,2025-05-21 09:43:00,0
4636,51,G0026,-3,81.24,2025-06-21 15:30:00,0
4637,147,G0006,1,65.4,2024-05-23 16:59:00,0
4638,148,G0049,1,120.16,2024-11-05 13:32:00,0
4639,201,G0049,1,-120.16,2025-05-21 14:54:00,0
4640,112,G0001,2,124.6,2024-04-23 17:33:00,0
4641,235,G0054,1,366.84,2024-11-01 16:21:00,0
4642,53,G0048,1,-116.64,2024-10-29 09:42:00,0
4643,58,G0077,2,171.46,2025-06-28 17:26:00,0
4644,107,G0054,2,366.84,2025-05-05 09:16:00,0
4645,129,G0050,2,209.49,2025-01-21 09:28:00,0
4646,290,G0050,3,209.49,2025-06-06 12:39:00,PROMO01
4647,111,G0049,3,120.16,2024-08-24 15:22:00,0
4648,143,G0070,1,49.92,2025-05-13 09:42:00,0
4649,117,G0052,3,212.87,2024-08-20 11:58:00,0
4650,41,G0045,3,245.46,2024-07-04 11:24:00,0
4651,75,G0077,1,171.46,2024-06-20 12:17:00,0
4652,30,G0050,2,209.49,2024-08-16 17:24:00,0
4653,23,G0034,1,227.51,2025-01-21 11:50:00,0
4654,75,G0075,1,58.76,2024-03-24 10:10:00,0
4655,88,G0017,3,148.16,2024-06-09 10:58:00,0
4656,64,G0067,1,207.06,2024-01-21 10:24:00,0
4657,59,G0058,3,231.17,2025-02-14 10:50:00,0
4658,246,G0043,3,253.63,2025-04-03 14:47:00,0
4659,267,G0033,3,217.97,2025-05-03 12:47:00,PROMO04
4660,30,G0041,1,113.26,2024-05-18 13:54:00,0
4661,64,G0015,2,191.62,2025-02-23 16:11:00,0
4662,214,G0046,3,255.5,2024-04-07 14:35:00,0
4663,274,G0014,1,297.49,2025-03-19 10:05:00,0
4664,109,G0041,2,113.26,,0
4665,209,G0026,1,81.24,2024-06-21 11:02:00,0
4666,188,G0046,2,255.5,2024-07-01 16:40:00,0
4667,213,G0014,2,297.49,2024-11-08 11:36:00,0
4668,112,G0063,3,121.9,2025-06-03 10:44:00,0
4669,294,G0028,3,74.77,2024-02-24 15:10:00,0
4670,86,G0007,1,55.49,2024-07-31 12:19:00,0
4671,7,G0064,1,85.91,2025-03-12 09:40:00,PROMO03
4672,931,G0022,1,337.9,2025-02-02 15:49:00,0
4673,100,G0054,1,366.84,2024-09-04 10:53:00,0
4674,270,G0043,2,253.63,2024-02-07 16:04:00,0
4675,24,G0040,3,146.36,2024-02-27 16:24:00,0
4676,84,G0077,2,171.46,2024-10-29 12:00:00,0
4677,171,G0065,1,277.19,,0
4678,121,G0077,3,171.46,2024-05-06 14:07:00,0
4679,143,G0028,3,74.77,2024-06-06 14:49:00,0
4680,165,G0044,1,283.11,,0
4681,940,G0077,3,171.46,2024-07-07 11:00:00,0
4682,35,G0033,2,217.97,2025-03-07 10:52:00,PROMO01
4683,94,G0025,2,216.35,2024-02-08 15:26:00,0
4684,278,G0051,1,255.86,2024-09-24 09:25:00,0
4685,51,G0027,-3,76.44,2024-09-14 13:38:00,0
4686,49,G0041,2,113.26,2024-08-10 15:16:00,0
4687,125,G0002,2,51.59,2025-02-13 17:41:00,0
4688,173,G0080,1,138.35,2025-03-14 11:25:00,0
4689,157,G0047,3,224.62,2025-04-20 09:16:00,0
4690,143,G0005,3,289.63,2024-06-29 15:23:00,0
4691,236,G0062,3,100.05,2024-07-11 09:00:00,0
4692,48,G0054,2,366.84,2025-06-04 09:18:00,0
4693,106,G0028,3,74.77,2025-04-26 17:35:00,0
4694,220,G0058,1,231.17,2025-05-04 16:08:00,0
4695,62,G0062,3,100.05,2024-08-19 15:07:00,0
4696,6,G0024,2,136.07,2024-05-15 16:39:00,0
4697,88,G0035,1,169.53,2025-06-21 09:25:00,PROMO02
4698,32,G0053,3,64.52,2024-09-08 09:08:00,0
4699,121,G0056,2,278.01,2024-11-11 11:44:00,PROMO01
4700,279,G0013,3,273.26,2024-11-13 09:46:00,0
4701,87,G0038,3,355.75,2024-10-04 16:02:00,0
4702,16,G0021,3,145.46,2024-10-13 09:12:00,0
4703,189,G0001,3,124.6,2024-11-11 13:22:00,0
4704,180,G0012,1,305.64,2025-06-11 16:43:00,0
4705,34,G0044,2,283.11,2024-10-07 15:04:00,0
4706,295,G0037,1,217.09,2024-11-12 11:48:00,0
4707,99,G9007,3,138.35,2024-03-07 13:19:00,PROMO04
4708,20,G0041,2,113.26,2024-05-17 13:07:00,0
4709,167,G0012,3,305.64,2024-02-27 15:51:00,0
4710,92,G0050,1,209.49,2024-03-13 12:05:00,0
4711,103,G0041,2,113.26,2024-11-23 11:07:00,0
4712,93,G0074,3,-157.49,2024-06-28 16:56:00,0
4713,90,G0031,2,339.08,2025-01-26 16:31:00,0
4714,222,G0075,3,58.76,2025-03-09 13:27:00,0
4715,86,G0073,2,179.77,2024-08-27 09:41:00,0
4716,197,G0012,3,305.64,2024-09-13 13:37:00,0
4717,34,G0070,1,49.92,2024-01-17 17:36:00,0
4718,119,G0040,1,146.36,2024-10-14 17:01:00,0
4719,77,G0038,1,355.75,2025-01-22 12:33:00,0
4720,91,G0066,3,241.7,2024-07-11 10:16:00,0
4721,98,G0026,2,81.24,2025-06-13 14:48:00,0
4722,118,G0031,2,339.08,2024-08-01 16:30:00,0
4723,53,G0068,2,125.73,2025-03-22 17:07:00,PROMO03
4724,20,G0065,2,277.19,2025-01-05 09:53:00,0
4725,90,G0037,-1,217.09,2024-06-29 11:17:00,0
4726,69,G0071,2,106.46,2024-12-17 13:16:00,0
4727,138,G0027,2,76.44,2024-01-23 09:56:00,0
4728,178,G0021,3,145.46,,0
4729,192,G0078,2,244.12,2025-05-06 10:51:00,0
4730,5,G0032,3,84.76,2025-03-13 14:39:00,0
4731,217,G0037,2,217.09,2024-08-02 17:54:00,0
4732,50,G0061,2,172.06,2024-12-02 15:06:00,0
4733,235,G0016,3,233.36,2025-06-19 15:35:00,0
4734,20,G0076,3,255.11,2024-12-14 11:17:00,0
4735,282,G0066,2,241.7,2024-08-05 16:23:00,PROMO03
4736,206,G0049,3,120.16,2025-03-20 12:14:00,0
4737,276,G0079,3,243.27,2024-09-21 09:12:00,0
4738,210,G0014,2,297.49,2024-01-23 12:26:00,PROMO04
4739,300,G0007,1,55.49,2024-09-24 12:55:00,0
4740,43,G0011,1,104.53,2024-08-08 13:38:00,0
4741,134,G0058,-1,231.17,,0
4742,184,G0054,2,366.84,2024-11-29 13:26:00,0
4743,174,G0010,3,273.15,2025-06-01 12:31:00,0
4744,11,G0013,2,273.26,2025-05-18 11:14:00,0
4745,134,G0073,3,179.77,2024-07-04 15:31:00,0
4746,107,G0048,3,116.64,,0
4747,168,G0003,2,150.98,2024-11-27 15:14:00,0
4748,9,G0043,2,253.63,2025-02-22 11:35:00,PROMO02
4749,249,G0044,2,283.11,2024-02-16 16:42:00,0
4750,136,G0023,3,52.23,2025-03-21 12:31:00,0
4751,275,G0076,1,255.11,2024-12-05 09:17:00,0
4752,64,G0039,1,266.45,2024-05-13 10:33:00,0
4753,124,G0069,2,80.63,2025-05-17 16:47:00,0
4754,89,G0049,2,120.16,2025-06-10 16:13:00,PROMO01
4755,211,G0032,3,84.76,2024-10-21 10:34:00,0
4756,209,G0072,1,366.53,2025-01-29 14:40:00,0
4757,263,G0045,1,245.46,2024-01-20 14:19:00,0
4758,44,G0003,1,150.98,2024-05-24 10:23:00,0
4759,296,G0049,3,120.16,2024-12-07 13:53:00,0
4760,107,G0001,2,124.6,2025-05-30 15:21:00,PROMO02
4761,251,G0059,2,200.65,2025-06-20 17:35:00,0
4762,244,G0007,1,55.49,2025-01-31 16:08:00,0
4763,76,G0007,1,55.49,2025-03-08 09:55:00,0
4764,156,G0037,1,217.09,2024-09-21 11:35:00,0
4765,194,G0032,1,84.76,2024-04-17 12:45:00,0
4766,78,G0026,1,81.24,2025-01-14 10:36:00,0
4767,216,G0012,2,305.64,2024-02-18 14:21:00,0
4768,113,G0016,-2,233.36,2024-11-04 09:20:00,0
4769,183,G0060,2,216.3,2025-03-14 10:42:00,0
4770,212,G0018,2,221.9,2024-09-07 09:51:00,PROMO04
4771,276,G0041,3,113.26,2024-02-12 11:07:00,0
4772,284,G0078,2,244.12,2025-05-22 15:50:00,0
4773,922,G0048,3,116.64,2024-10-06 10:49:00,0
4774,123,G0037,3,217.09,2024-12-08 17:06:00,0
4775,182,G0025,2,216.35,2025-04-15 11:06:00,0
4776,15,G0031,2,339.08,2025-02-02 09:41:00,0
4777,286,G0061,2,172.06,2024-01-26 12:50:00,0
4778,77,G0003,2,150.98,2025-03-07 15:23:00,0
4779,42,G0040,3,146.36,2025-03-31 09:38:00,0
4780,153,G0012,1,305.64,2024-11-20 09:59:00,0
4781,107,G0027,1,76.44,2024-02-29 16:19:00,0
4782,24,G0074,2,157.49,2024-02-04 14:13:00,0
4783,191,G0051,2,255.86,2025-06-02 12:59:00,0
4784,149,G0034,2,227.51,2024-09-07 15:16:00,0
4785,171,G0055,2,207.21,2024-09-08 16:28:00,0
4786,93,G0026,3,81.24,2024-05-13 12:26:00,PROMO04
4787,17,G0002,1,51.59,2024-09-23 14:31:00,0
4788,293,G0011,1,104.53,2024-03-02 09:16:00,0
4789,158,G0075,3,58.76,2025-01-05 11:40:00,0
4790,40,G0011,3,104.53,2025-05-28 14:41:00,0
4791,205,G0041,1,113.26,2024-03-29 10:12:00,0
4792,163,G0065,1,277.19,2025-04-03 17:28:00,0
4793,142,G0052,2,212.87,2024-03-19 17:03:00,0
4794,157,G0061,2,172.06,2025-03-11 11:13:00,PROMO04
4795,262,G0063,3,121.9,2024-01-01 12:59:00,0
4796,237,G0075,2,58.76,2025-02-13 10:30:00,0
4797,197,G0071,1,106.46,2024-01-17 13:37:00,0
4798,69,G0048,-2,116.64,2024-12-17 10:53:00,PROMO03
4799,9,G0068,3,125.73,2024-03-10 12:42:00,0
4800,85,G0030,3,212.39,2024-08-25 13:47:00,0
4801,93,G0074,3,157.49,2024-07-09 14:42:00,0
4802,147,G0003,2,150.98,2024-10-11 14:29:00,0
4803,124,G0080,3,138.35,2025-03-08 10:37:00,0
4804,80,G0009,2,176.47,2024-02-26 16:17:00,0
4805,111,G0012,3,305.64,2025-02-01 15:53:00,0
4806,158,G0063,2,121.9,2025-04-06 15:10:00,PROMO02
4807,283,G0076,1,255.11,2024-09-16 13:53:00,0
4808,257,G0044,1,283.11,2024-09-24 17:52:00,0
4809,155,G0017,1,148.16,2024-07-11 12:08:00,0
4810,135,G0037,1,217.09,2024-01-18 16:42:00,PROMO02
4811,116,G0065,2,277.19,2024-08-19 10:59:00,0
4812,43,G0069,3,80.63,2025-02-20 11:34:00,0
4813,255,G0062,2,100.05,2024-04-07 13:20:00,0
4814,105,G0047,1,224.62,2025-06-01 14:52:00,0
4815,5,G0019,2,354.11,2025-06-10 15:30:00,0
4816,137,G0054,2,366.84,2024-03-21 11:07:00,0
4817,270,G0069,2,80.63,2024-06-20 16:14:00,0
4818,251,G0071,3,106.46,2024-12-01 11:40:00,0
4819,30,G0074,3,157.49,2024-11-06 13:27:00,0
4820,39,G0022,3,337.9,2025-01-19 17:13:00,0
4821,266,G0015,2,191.62,2025-04-16 13:47:00,0
4822,92,G0028,3,74.77,2024-07-29 15:07:00,PROMO01
4823,113,G0040,3,146.36,2024-04-03 17:13:00,0
4824,22,G0008,1,134.23,2025-06-29 17:27:00,0
4825,133,G0050,1,209.49,2024-09-22 13:02:00,0
4826,89,G0040,1,-146.36,2024-04-15 12:23:00,0
4827,190,G0074,2,157.49,2024-09-04 10:54:00,PROMO01
4828,53,G0023,1,52.23,2025-06-11 13:56:00,0
4829,242,G0025,2,216.35,2024-04-02 17:52:00,PROMO03
4830,206,G0012,1,305.64,2024-09-12 13:19:00,0
4831,183,G0047,1,224.62,,PROMO03
4832,115,G0005,1,289.63,2024-03-01 09:48:00,0
4833,152,G0002,2,51.59,2025-03-27 12:22:00,0
4834,52,G0007,3,55.49,2025-02-21 11:44:00,0
4835,282,G0039,3,266.45,2024-11-16 17:07:00,0
4836,209,G0056,1,278.01,2024-11-08 13:40:00,0
4837,156,G0016,3,233.36,2024-07-07 10:35:00,0
4838,51,G0019,2,354.11,2024-09-30 09:55:00,0
4839,29,G0054,2,366.84,2024-03-25 16:06:00,PROMO01
4840,12,G0054,1,366.84,2025-01-26 17:24:00,PROMO04
4841,48,G0003,1,150.98,2025-06-23 15:59:00,0
4842,82,G0033,1,217.97,2024-05-06 10:23:00,0
4843,73,G0054,-3,366.84,2024-05-08 09:39:00,0
4844,43,G0064,2,85.91,2025-02-15 10:09:00,0
4845,196,G0080,3,138.35,2025-01-25 15:43:00,PROMO01
4846,271,G0025,3,216.35,2024-10-04 15:16:00,0
4847,45,G0001,1,124.6,,0
4848,72,G0046,2,255.5,2024-05-12 09:52:00,0
4849,283,G0059,1,200.65,2024-07-25 10:39:00,0
4850,16,G0006,3,65.4,2025-04-19 17:28:00,PROMO03
4851,287,G0044,3,283.11,2025-05-20 17:11:00,0
4852,131,G0025,3,-216.35,2025-04-19 15:20:00,PROMO02
4853,180,G0012,2,305.64,2024-12-08 09:50:00,0
4854,23,G0043,3,253.63,2025-06-08 09:12:00,PROMO01
4855,76,G0067,2,207.06,2024-01-17 09:39:00,0
4856,23,G0037,3,217.09,2024-01-30 15:29:00,0
4857,949,G0034,1,227.51,2025-03-04 16:19:00,0
4858,154,G0062,2,100.05,2025-04-06 14:42:00,PROMO04
4859,175,G0006,3,65.4,2024-01-24 11:21:00,0
4860,43,G0065,3,277.19,2025-06-01 15:17:00,0
4861,201,G0034,1,227.51,2024-02-06 09:31:00,0
4862,200,G0043,3,253.63,2024-12-28 16:45:00,0
4863,69,G0029,3,228.35,,0
4864,262,G0057,3,123.21,2025-01-25 15:37:00,0
4865,122,G0010,1,273.15,2025-02-02 16:39:00,0
4866,27,G0054,3,366.84,2024-05-11 14:47:00,PROMO02
4867,12,G0012,-1,305.64,2024-07-17 13:16:00,0
4868,5,G0036,2,99.02,2024-10-10 11:15:00,0
4869,229,G0011,3,104.53,2024-01-16 17:29:00,0
4870,9,G0027,2,76.44,2024-05-04 15:37:00,0
4871,132,G0067,3,207.06,2024-11-26 10:38:00,0
4872,287,G0022,3,337.9,2024-10-23 17:09:00,0
4873,63,G0034,2,227.51,2024-02-18 09:46:00,PROMO02
4874,158,G0057,1,123.21,2024-09-02 14:21:00,0
4875,48,G0053,2,64.52,2024-08-08 10:52:00,0
4876,289,G0043,3,253.63,2024-08-14 14:43:00,0
4877,202,G0064,1,85.91,2024-09-18 12:58:00,PROMO04
4878,271,G0053,2,64.52,2025-01-24 12:37:00,0
4879,77,G0076,1,255.11,2025-01-11 15:31:00,0
4880,274,G0024,1,136.07,2025-06-22 15:11:00,PROMO01
4881,57,G0068,1,125.73,2024-06-06 12:23:00,0
4882,108,G0006,2,65.4,2025-06-06 17:51:00,0
4883,219,G0069,3,-80.63,2024-11-01 13:22:00,0
4884,217,G0063,2,121.9,2025-05-22 10:03:00,0
4885,205,G0036,2,99.02,2024-08-12 09:14:00,0
4886,138,G0036,3,99.02,2024-11-29 10:35:00,0
4887,244,G0043,1,253.63,2024-03-22 15:37:00,0
4888,103,G0011,2,104.53,2024-11-26 13:59:00,PROMO03
4889,82,G0065,3,277.19,2025-05-15 12:56:00,0
4890,235,G0036,1,99.02,2024-03-06 13:31:00,0
4891,150,G0068,2,125.73,2024-06-09 16:33:00,0
4892,166,G0016,3,233.36,2024-04-30 14:48:00,0
4893,253,G0055,2,207.21,2024-12-08 09:02:00,0
4894,209,G0046,2,255.5,2024-03-14 09:35:00,0
4895,224,G0040,1,146.36,2025-02-16 13:28:00,0
4896,219,G0031,3,339.08,2024-01-09 12:46:00,PROMO01
4897,290,G0027,2,76.44,2025-05-31 16:48:00,0
4898,32,G0015,2,191.62,2024-07-15 14:39:00,0
4899,44,G0042,3,256.09,2025-05-01 15:39:00,0
4900,80,G0023,2,52.23,2024-05-28 14:41:00,0
4901,144,G0070,3,49.92,2024-08-08 12:34:00,0
4902,86,G0062,2,100.05,2025-02-24 14:13:00,0
4903,291,G0067,2,207.06,2025-03-22 14:17:00,0
4904,26,G0011,3,104.53,2025-06-02 15:44:00,PROMO03
4905,5,G0027,1,76.44,2024-11-03 10:37:00,0
4906,37,G0043,1,253.63,2025-03-25 14:14:00,0
4907,192,G0068,2,125.73,2025-02-13 11:52:00,PROMO04
4908,54,G0045,2,245.46,2024-09-24 16:58:00,0
4909,9,G0045,1,245.46,2024-06-06 16:37:00,PROMO01
4910,224,G0063,2,121.9,2025-02-16 14:13:00,0
4911,71,G0064,1,85.91,,0
4912,106,G0051,3,255.86,2024-11-02 13:14:00,0
4913,33,G0014,3,297.49,2024-06-05 09:25:00,0
4914,179,G0053,2,64.52,2024-06-06 14:51:00,0
4915,187,G0006,1,65.4,2024-03-28 15:31:00,PROMO03
4916,165,G0028,3,74.77,2024-09-08 09:14:00,PROMO04
4917,233,G0044,2,283.11,2024-05-22 09:04:00,0
4918,82,G0050,1,209.49,2025-03-02 11:21:00,0
4919,190,G0051,2,255.86,2025-06-08 16:40:00,0
4920,203,G0001,2,124.6,2024-01-23 13:42:00,0
4921,176,G0011,3,104.53,2024-04-12 17:13:00,0
4922,34,G0059,2,200.65,2025-01-18 16:09:00,0
4923,79,G0074,3,157.49,2024-10-10 13:42:00,0
4924,158,G0078,1,244.12,2024-12-13 15:09:00,0
4925,52,G0055,2,207.21,,0
4926,126,G0067,3,207.06,2024-12-10 09:29:00,0
4927,244,G0035,2,169.53,2025-03-31 12:34:00,0
4928,195,G0041,3,113.26,2024-02-07 14:14:00,0
4929,186,G0042,2,256.09,2024-09-26 10:12:00,0
4930,108,G0040,1,146.36,2025-03-18 10:14:00,0
4931,253,G0014,2,297.49,2025-02-24 09:20:00,0
4932,90,G0019,3,354.11,2024-01-03 15:00:00,0
4933,137,G0079,1,243.27,2025-05-13 17:00:00,0
4934,124,G0039,1,266.45,2024-12-20 16:22:00,0
4935,238,G0060,1,216.3,2024-02-22 12:01:00,0
4936,57,G0016,2,233.36,2024-09-15 14:19:00,0
4937,118,G0037,3,217.09,2024-09-26 17:34:00,0
4938,37,G0034,3,227.51,2025-05-10 14:01:00,0
4939,181,G0047,2,224.62,2025-05-27 11:37:00,0
4940,131,G0014,1,297.49,2024-12-16 12:37:00,0
4941,250,G0040,1,146.36,2025-02-06 15:34:00,0
4942,192,G0060,1,216.3,2024-11-17 13:37:00,0
4943,75,G0069,2,80.63,2025-01-16 16:48:00,0
4944,10,G0075,2,58.76,2025-05-12 16:04:00,0
4945,155,G0063,2,121.9,2025-05-28 09:10:00,0
4946,210,G0052,1,212.87,2024-06-08 15:19:00,0
4947,272,G0034,3,227.51,2024-04-30 12:41:00,0
4948,211,G0022,1,337.9,2024-08-06 13:52:00,0
4949,155,G0057,1,123.21,2024-11-03 11:55:00,0
4950,53,G0033,2,217.97,2025-03-31 12:34:00,0
4951,50,G0033,3,217.97,2025-05-19 11:24:00,0
4952,251,G0032,2,84.76,2024-05-07 09:24:00,0
4953,164,G0074,2,157.49,2024-02-12 16:03:00,0
4954,111,G0064,2,85.91,2025-01-16 10:27:00,0
4955,207,G0005,1,289.63,2025-04-17 12:30:00,0
4956,199,G9038,1,273.26,2024-03-20 10:12:00,0
4957,16,G0006,1,65.4,2025-03-24 10:46:00,0
4958,197,G0059,3,-200.65,2024-10-03 12:48:00,0
4959,251,G0070,2,49.92,2024-07-01 17:18:00,PROMO03
4960,161,G0013,2,273.26,2024-06-08 17:54:00,0
4961,187,G0075,1,58.76,2025-03-10 12:06:00,0
4962,128,G0046,1,255.5,2025-03-14 13:54:00,0
4963,123,G0048,3,116.64,2024-12-30 17:46:00,0
4964,209,G0006,2,65.4,2024-02-29 11:13:00,0
4965,69,G0069,3,80.63,2024-08-07 17:39:00,0
4966,44,G0028,1,74.77,2024-12-19 09:18:00,0
4967,100,G0079,-1,243.27,2024-03-17 11:47:00,0
4968,25,G0078,2,244.12,2024-11-13 12:09:00,0
4969,159,G0079,1,243.27,2025-03-18 09:14:00,0
4970,116,G0041,2,113.26,2025-02-27 16:18:00,0
4971,33,G0035,3,169.53,2024-01-23 16:11:00,0
4972,6,G0007,2,55.49,2024-08-21 12:19:00,0
4973,224,G0047,3,224.62,2024-06-06 16:36:00,0
4974,13,G0066,1,241.7,2024-12-16 15:37:00,0
4975,213,G0031,3,339.08,2025-04-27 16:33:00,0
4976,136,G0009,1,176.47,2025-06-02 16:11:00,PROMO04
4977,220,G0075,1,58.76,2024-03-31 14:12:00,0
4978,66,G0026,1,81.24,2024-03-18 09:55:00,0
4979,86,G0042,1,256.09,2025-01-21 17:15:00,0
4980,56,G0075,2,58.76,2024-05-30 14:06:00,0
4981,157,G0051,2,255.86,2025-04-07 17:27:00,PROMO03
4982,194,G0048,3,116.64,2024-08-07 17:00:00,0
4983,163,G0036,2,99.02,2024-03-19 10:20:00,0
4984,50,G0069,3,80.63,2024-12-16 12:51:00,0
4985,196,G0058,1,231.17,2025-06-07 10:16:00,PROMO03
4986,74,G0008,1,134.23,2024-04-12 09:42:00,0
4987,111,G0057,3,123.21,2025-03-15 17:29:00,0
4988,52,G0069,2,80.63,2025-05-23 17:21:00,PROMO03
4989,900,G0018,1,221.9,2024-01-29 17:39:00,PROMO03
4990,268,G0032,1,84.76,2024-09-05 16:35:00,0
4991,31,G0013,1,273.26,,0
4992,278,G0027,2,-76.44,2024-01-12 13:13:00,0
4993,261,G0062,2,100.05,2024-10-25 17:55:00,0
4994,248,G0006,3,65.4,2024-01-11 13:10:00,PROMO04
4995,223,G0014,3,297.49,2024-08-30 14:57:00,0
4996,194,G0019,3,354.11,2025-01-17 10:28:00,0
4997,216,G0062,3,100.05,2024-03-08 15:59:00,0
4998,95,G0013,2,273.26,2024-05-30 16:21:00,0
4999,280,G0068,3,125.73,2025-02-08 15:33:00,0
5000,154,G0014,3,297.49,2025-02-03 13:36:00,0
