order_id,member_id,game_id,quantity,unit_price,order_date,promotion_id
1,106,G0067,2,207.06,2025-02-01,
2,233,G0006,1,65.4,2024-11-27,
3,267,G0036,3,99.02,2024-09-26,
4,292,G0023,2,52.23,2025-01-22,
5,40,G0067,2,207.06,2025-01-20,PROMO02
6,265,G0052,2,212.87,2024-12-19,
7,247,G0078,1,244.12,2025-05-28,PROMO04
8,85,G0030,1,212.39,2025-06-10,
9,109,G0020,1,74.45,2024-06-10,
10,61,G0030,2,212.39,2024-12-04,
11,247,G0062,2,100.05,2024-08-03,
12,211,G0003,1,150.98,2024-02-14,
13,83,G0018,3,221.9,2025-06-08,
14,294,G0019,1,354.11,2024-06-19,
15,93,G0067,2,207.06,2024-01-20,PROMO03
16,44,G0028,2,74.77,2025-04-27,PROMO02
17,113,G0053,3,64.52,2024-05-26,
18,94,G0080,3,138.35,2025-06-07,
19,176,G0059,3,200.65,2024-03-11,
20,198,G0017,1,148.16,2024-01-17,
21,259,G0054,1,366.84,2024-04-08,
22,20,G0069,3,80.63,2024-04-30,
23,67,G0078,3,244.12,2024-01-02,PROMO04
24,268,G0054,-2,366.84,2024-02-14,
25,220,G0030,2,212.39,2025-01-25,
26,295,G0013,2,273.26,2024-05-17,
27,120,G0011,2,104.53,2025-02-22,
28,3,G0001,3,124.6,2025-06-19,
29,4,G0049,3,120.16,2024-07-29,
30,162,G0053,-2,64.52,2024-04-19,
31,300,G0033,2,217.97,2025-03-09,
32,142,G0051,1,255.86,2025-02-27,
33,286,G0062,1,100.05,2025-01-14,
34,248,G0033,2,217.97,2024-12-18,
35,204,G0018,3,221.9,2024-05-01,
36,229,G0021,1,145.46,2024-08-07,
37,174,G0071,3,106.46,2024-02-23,
38,3,G0012,1,305.64,2025-04-27,PROMO04
39,46,G0009,2,176.47,2024-08-15,
40,20,G0050,2,209.49,2025-06-17,
41,30,G0023,3,52.23,2025-05-21,
42,104,G0067,2,207.06,2024-07-18,
43,262,G0067,3,207.06,2024-08-25,
44,19,G0047,1,224.62,2024-01-01,PROMO01
45,142,G0052,2,212.87,2025-02-08,
46,103,G0067,1,207.06,2024-03-11,PROMO03
47,287,G0075,2,58.76,2024-12-21,PROMO03
48,116,G0078,1,244.12,2025-04-10,PROMO01
49,134,G0023,2,52.23,2025-06-02,
50,38,G0065,2,277.19,2024-12-14,PROMO03
51,276,G0074,2,157.49,2025-03-29,PROMO04
52,125,G0044,2,283.11,2025-04-16,PROMO01
53,247,G0015,2,191.62,2024-03-10,
54,113,G0030,2,212.39,2025-02-26,PROMO01
55,135,G0032,2,84.76,2024-04-05,
56,176,G0010,3,273.15,2024-07-01,
57,182,G0028,3,74.77,2024-10-02,
58,98,G0064,3,85.91,2024-07-23,
59,124,G0034,1,227.51,2024-08-22,
60,128,G0080,2,138.35,2024-06-08,
61,62,G0011,3,104.53,2025-05-19,
62,278,G0006,2,65.4,2025-01-15,
63,253,G0074,2,157.49,2025-05-17,
64,262,G0036,2,99.02,2024-08-15,
65,66,G0007,3,55.49,2025-03-09,
66,277,G0005,-3,289.63,2024-12-21,
67,90,G0059,1,200.65,2025-06-14,
68,5,G0002,3,51.59,2024-08-03,
69,52,G0042,2,256.09,2024-09-22,
70,135,G0031,2,339.08,2025-04-27,PROMO03
71,188,G0024,2,136.07,2025-03-10,
72,191,G0047,2,224.62,2024-10-13,
73,293,G0017,3,148.16,2024-08-22,
74,139,G0031,3,339.08,2025-03-18,PROMO02
75,75,G0020,2,74.45,2024-01-10,
76,256,G0018,3,221.9,2025-06-13,
77,162,G0063,2,121.9,2024-09-13,
78,291,G0007,2,55.49,2024-04-11,
79,31,G0028,2,74.77,2025-05-02,
80,50,G0058,-3,231.17,2024-12-08,
81,185,G0072,3,366.53,2024-09-20,
82,211,G0016,2,233.36,2024-07-22,
83,276,G0023,2,52.23,2024-14-05,
84,262,G0063,3,121.9,2025-04-02,PROMO04
85,147,G0060,-3,216.3,2024-05-28,PROMO03
86,216,G0079,3,243.27,2025-02-18,
87,37,G0011,1,104.53,2024-12-17,
88,163,G0038,3,355.75,2024-09-30,
89,203,G0035,2,169.53,2025-01-06,
90,267,G0058,2,231.17,2024-06-20,
91,12,G0017,3,148.16,2024-08-28,
92,41,G0027,1,76.44,2025-02-10,
93,33,G0061,3,172.06,2024-02-25,
94,204,G9004,1,125.73,2024-04-16,
95,80,G0011,3,104.53,2025-02-03,
96,127,G0037,2,217.09,2024-05-09,
97,88,G0004,1,107.07,2024-12-31,PROMO03
98,244,G0060,3,216.3,2024-10-05,
99,70,G0070,1,49.92,2025-04-12,
100,289,G0056,3,278.01,2024-11-13,PROMO04
101,277,G0030,1,212.39,2025-03-28,
102,212,G0034,1,227.51,2024-11-06,
103,938,G0018,2,221.9,2024-10-20,
104,5,G0063,2,121.9,2024-11-02,
105,221,G0038,3,355.75,2024-08-24,
106,281,G0048,1,116.64,2025-02-25,PROMO04
107,203,G0032,-1,84.76,2025-02-03,
108,113,G0034,1,227.51,2025-03-08,
109,265,G0079,3,243.27,2024-10-05,
110,273,G0035,2,169.53,2024-07-11,PROMO02
111,70,G0038,1,355.75,2025-04-11,
112,140,G0080,2,138.35,2024-07-11,
113,78,G0007,3,55.49,2024-01-23,
114,53,G0037,2,217.09,2024-05-08,
115,5,G0030,1,212.39,2024-06-03,
116,112,G0044,2,283.11,2024-11-15,
117,256,G0048,2,116.64,2024-02-02,
118,75,G0008,2,134.23,2025-02-05,
119,241,G0024,1,136.07,2024-09-13,
120,7,G0016,3,233.36,2024-09-11,
121,227,G0032,3,84.76,2024-02-04,
122,49,G0067,3,207.06,2024-08-01,
123,160,G0042,1,256.09,2024-02-13,
124,282,G0067,1,207.06,2024-09-16,
125,153,G0026,2,81.24,2024-02-23,PROMO02
126,58,G0031,3,339.08,2025-03-20,
127,86,G0036,3,99.02,2024-05-02,
128,125,G0002,1,51.59,2025-05-01,
129,80,G0048,1,116.64,2024-09-11,
130,47,G0080,2,138.35,2024-03-02,
131,79,G0069,1,80.63,2024-05-08,
132,163,G0072,3,366.53,2024-12-21,
133,225,G0025,1,216.35,2025-01-21,
134,69,G0033,1,217.97,2025-05-11,
135,287,G0038,3,355.75,2025-05-16,
136,96,G0070,2,49.92,2024-11-27,
137,141,G0077,3,171.46,2024-06-13,
138,80,G0058,2,231.17,2024-09-26,
139,233,G0001,3,124.6,2025-06-02,
140,95,G0003,3,150.98,2025-01-07,
141,123,G0042,3,256.09,2024-03-05,
142,276,G0050,1,209.49,2024-14-05,
143,283,G0020,3,74.45,2024-10-16,
144,165,G0015,1,191.62,2025-06-19,
145,23,G0017,1,148.16,2024-02-02,
146,249,G0025,1,216.35,2024-02-02,
147,199,G0063,3,-121.9,2024-09-19,
148,114,G0078,3,244.12,2024-03-13,
149,107,G0063,1,121.9,2025-04-24,
150,32,G0047,3,224.62,2025-03-01,
151,30,G0079,2,243.27,2025-06-25,
152,37,G0039,1,266.45,2024-08-09,PROMO01
153,52,G0030,3,212.39,2025-01-29,
154,270,G0032,3,84.76,2024-07-02,
155,286,G0054,3,366.84,2024-04-18,
156,296,G0046,3,255.5,2025-04-14,
157,219,G0014,1,297.49,2024-07-03,
158,259,G0044,-3,283.11,2024-06-10,
159,227,G0046,2,255.5,2024-11-28,
160,212,G0056,3,278.01,2024-11-27,
161,289,G0070,1,49.92,2025-01-19,
162,131,G0047,2,224.62,2025-04-03,PROMO01
163,18,G0037,3,217.09,2024-01-17,
164,155,G0001,2,124.6,2024-08-15,
165,162,G0003,3,150.98,2024-10-09,PROMO02
166,49,G0005,2,289.63,2024-12-30,
167,136,G0047,3,224.62,2024-09-12,
168,154,G0012,3,305.64,2025-02-13,
169,112,G0010,-3,273.15,2024-11-28,
170,89,G0063,3,121.9,2024-04-07,
171,946,G0005,3,289.63,2025-01-25,
172,29,G0043,2,253.63,2025-03-20,
173,62,G0030,3,212.39,2024-01-12,
174,196,G0007,2,55.49,2025-06-20,
175,277,G0073,1,179.77,2024-11-30,
176,114,G0020,1,74.45,2025-02-06,PROMO01
177,114,G0056,2,278.01,2025-02-07,
178,173,G0011,2,104.53,2024-02-20,
179,135,G0011,2,104.53,2025-05-28,
180,67,G0018,2,221.9,2024-07-21,
181,293,G0026,3,81.24,2025-06-20,
182,37,G0035,2,169.53,2024-11-27,
183,295,G0012,1,305.64,2025-02-27,
184,179,G0025,2,216.35,2024-12-18,
185,13,G0040,1,146.36,2024-12-24,
186,948,G0080,1,138.35,2024-02-30,
187,120,G9018,3,81.24,2025-01-17,
188,44,G0015,3,191.62,2024-02-25,
189,76,G0037,1,217.09,2024-12-17,
190,57,G0040,2,146.36,2025-04-27,
191,108,G0069,1,80.63,2024-07-27,
192,133,G0071,2,106.46,2024-05-24,
193,10,G0049,3,120.16,2025-06-23,
194,88,G0008,2,134.23,2024-07-24,
195,139,G0007,2,55.49,2024-01-09,
196,139,G0047,1,224.62,2024-01-20,
197,198,G0030,2,212.39,2025-06-04,PROMO01
198,162,G9046,3,121.9,2025-06-28,
199,102,G0065,2,277.19,2024-01-23,
200,272,G0040,2,146.36,2025-05-16,
201,81,G0003,2,150.98,2024-12-26,
202,155,G0031,3,339.08,2024-10-09,
203,132,G0050,1,209.49,2024-10-13,
204,175,G0051,3,255.86,2024-05-20,
205,196,G0067,3,207.06,2024-08-20,
206,294,G0020,2,74.45,2024-11-15,PROMO03
207,230,G0070,1,49.92,2024-07-30,
208,298,G0070,3,49.92,2024-07-26,PROMO03
209,269,G0018,2,221.9,2024-05-28,
210,290,G0021,2,145.46,2024-03-10,
211,61,G0024,2,136.07,2024-05-29,
212,164,G0053,2,64.52,2024-11-06,
213,141,G0020,1,74.45,2024-04-19,
214,14,G0079,3,243.27,2024-09-30,
215,119,G0077,1,171.46,2024-08-24,
216,184,G0011,3,104.53,2025-05-03,
217,241,G0048,1,116.64,2025-01-31,
218,71,G0021,1,145.46,2024-08-19,
219,8,G0035,2,169.53,2024-08-15,
220,104,G0027,1,76.44,2024-06-30,PROMO04
221,251,G0042,2,256.09,2024-09-09,
222,22,G0078,3,244.12,2025-01-24,
223,202,G0079,3,243.27,2025-06-21,
224,20,G0067,1,207.06,2025-04-07,
225,22,G0032,3,84.76,2025-02-09,PROMO01
226,286,G0050,3,209.49,2024-02-20,
227,226,G0051,2,255.86,2024-14-05,
228,217,G0038,-3,355.75,2024-02-25,
229,73,G0060,-3,216.3,2025-04-07,
230,257,G0015,1,191.62,2024-05-18,
231,166,G0058,1,231.17,2024-07-02,
232,104,G0059,1,200.65,2024-09-13,
233,84,G0016,1,233.36,2024-04-26,
234,186,G0011,3,104.53,2025-01-28,
235,262,G0079,1,243.27,2025-01-22,
236,23,G0022,2,337.9,2024-06-02,
237,75,G0023,3,52.23,2024-02-22,
238,159,G0058,2,231.17,2024-07-04,
239,68,G0026,1,81.24,2024-09-16,
240,255,G0064,3,85.91,2024-01-06,
241,253,G0031,1,339.08,2025-05-02,
242,227,G0011,3,104.53,2024-01-07,
243,281,G0036,3,99.02,2024-07-31,
244,76,G0008,3,134.23,2024-12-23,
245,17,G0074,3,-157.49,2024-11-01,
246,45,G0007,1,55.49,2025-03-02,PROMO02
247,146,G0079,3,243.27,2024-06-30,PROMO03
248,19,G0012,2,305.64,2024-11-26,
249,195,G0009,2,176.47,2024-03-07,
250,69,G0016,3,233.36,2024-10-08,
251,212,G0068,1,125.73,2024-08-02,
252,56,G0074,3,157.49,2025-06-25,PROMO04
253,148,G0055,3,207.21,2024-11-20,
254,295,G0080,2,138.35,2024-05-12,
255,255,G0067,3,207.06,2025-05-24,
256,93,G0079,1,243.27,2024-10-24,PROMO01
257,61,G0004,2,-107.07,2024-04-30,
258,107,G9005,2,243.27,2025-02-27,
259,180,G0072,3,366.53,2024-08-05,
260,104,G0037,2,217.09,2024-03-10,
261,260,G0071,2,106.46,2024-01-07,
262,171,G0044,2,283.11,2024-01-30,
263,100,G0043,2,253.63,2025-05-05,PROMO01
264,70,G0062,1,100.05,2025-04-16,PROMO03
265,237,G0053,3,64.52,2024-02-27,
266,154,G0073,3,179.77,2024-11-19,
267,10,G0027,3,76.44,2024-12-05,
268,182,G0009,1,176.47,2024-10-14,
269,174,G0049,3,120.16,2024-06-18,
270,200,G0024,3,136.07,2024-04-29,PROMO03
271,162,G0005,2,289.63,2025-02-27,
272,122,G0048,2,116.64,2023-00-10,
273,155,G0023,1,52.23,2025-01-18,
274,104,G0012,2,305.64,2025-06-02,
275,248,G0065,1,277.19,2024-07-13,
276,248,G0068,2,125.73,2024-12-01,
277,51,G0067,3,207.06,2024-05-15,
278,19,G0059,2,200.65,2025-06-18,
279,160,G0006,3,65.4,2024-03-30,
280,24,G0014,3,297.49,2024-11-15,
281,160,G0027,2,76.44,2024-07-24,
282,142,G0069,2,80.63,2025-03-27,
283,140,G0020,1,74.45,2024-10-07,
284,287,G0066,1,241.7,2024-07-30,
285,282,G0041,2,113.26,2024-05-24,PROMO03
286,294,G9022,1,84.76,2024-03-13,
287,174,G0070,2,49.92,2024-02-21,
288,242,G0007,1,55.49,2025-01-27,
289,219,G0051,1,255.86,2025-04-01,
290,910,G0043,1,253.63,2024-03-21,PROMO04
291,291,G0017,1,148.16,2025-04-24,
292,159,G0060,2,216.3,2024-08-25,PROMO02
293,133,G0047,2,224.62,2024-07-06,
294,170,G0042,2,256.09,2025-05-14,
295,244,G0015,2,191.62,2025-05-05,
296,88,G0037,2,217.09,2024-05-10,
297,208,G0014,-2,297.49,2024-03-13,
298,273,G0060,2,216.3,2025-02-27,
299,125,G0071,1,106.46,2025-05-08,
300,175,G0027,3,76.44,2025-03-17,
301,223,G0073,2,179.77,2024-08-29,
302,40,G0074,2,157.49,2024-04-27,
303,238,G0042,3,256.09,2024-04-09,
304,91,G0040,2,146.36,2024-03-12,
305,195,G0042,2,256.09,2024-03-03,
306,72,G0075,3,58.76,2024-01-01,
307,77,G0058,3,231.17,2024-10-25,
308,296,G0058,1,231.17,2024-07-29,
309,163,G0039,3,266.45,2024-11-07,PROMO04
310,177,G0012,3,305.64,2024-01-09,
311,262,G0052,1,212.87,2024-10-28,
312,282,G0007,1,55.49,2025-01-02,
313,145,G0004,1,107.07,2025-03-18,
314,202,G0041,3,113.26,2025-01-26,
315,223,G0070,1,49.92,2024-06-26,
316,97,G0072,2,366.53,2024-02-30,
317,79,G0037,3,217.09,2024-05-08,
318,37,G0003,1,150.98,2025-05-13,
319,70,G0011,1,104.53,2025-03-01,PROMO04
320,93,G0059,3,200.65,2025-03-10,
321,231,G0050,2,209.49,2024-08-19,
322,4,G0074,2,157.49,2024-08-30,
323,138,G0053,3,64.52,2025-01-10,
324,20,G0073,2,179.77,2025-01-12,
325,247,G0011,1,104.53,2025-06-23,PROMO03
326,239,G0067,1,207.06,2025-06-19,PROMO01
327,126,G0061,3,172.06,2024-03-20,
328,277,G0075,2,58.76,2024-02-24,PROMO01
329,241,G0059,3,200.65,2025-04-25,
330,170,G0054,2,366.84,2024-10-28,
331,19,G0077,3,171.46,2024-11-07,
332,932,G0034,1,227.51,2025-04-29,
333,294,G0007,3,55.49,2024-10-25,
334,14,G0037,-2,217.09,2024-03-25,
335,40,G0036,2,99.02,2024-05-15,
336,141,G0033,1,217.97,2024-04-24,
337,78,G0058,2,231.17,2024-06-28,
338,121,G0063,1,121.9,2025-06-24,PROMO03
339,44,G0019,3,354.11,2024-06-06,
340,212,G0050,1,209.49,2025-03-26,
341,86,G0027,3,76.44,2024-12-19,
342,136,G0015,1,191.62,2024-06-20,
343,244,G0039,2,266.45,2025-06-29,
344,200,G0061,2,172.06,2024-05-28,
345,223,G0002,2,51.59,2025-04-04,
346,162,G0068,3,125.73,2024-02-12,
347,273,G0046,2,255.5,2024-10-06,
348,137,G0013,2,273.26,2023-00-10,
349,124,G0076,1,255.11,2025-06-16,
350,93,G0041,3,113.26,2024-01-11,
351,35,G0002,2,51.59,2024-04-10,
352,229,G0045,1,245.46,2024-10-17,
353,18,G0004,3,107.07,2024-04-04,
354,112,G0077,3,171.46,2024-05-04,
355,62,G0012,3,305.64,2024-05-13,
356,290,G0024,1,136.07,2024-07-07,
357,240,G0010,3,273.15,2025-04-09,PROMO03
358,219,G0042,2,256.09,2024-06-14,
359,142,G0008,2,134.23,2025-02-01,
360,31,G0034,2,227.51,2024-07-01,
361,908,G0026,3,81.24,2025-02-06,
362,252,G0014,1,297.49,2025-03-17,
363,55,G0057,3,123.21,2024-09-22,
364,38,G0010,3,273.15,2024-09-13,
365,10,G0064,1,85.91,2024-01-01,PROMO04
366,137,G0020,3,74.45,2024-12-03,PROMO01
367,264,G0063,2,121.9,2023-00-10,
368,36,G0070,1,49.92,2024-01-04,
369,247,G0016,3,233.36,2025-01-02,
370,156,G0052,1,212.87,2024-04-02,
371,175,G0011,2,104.53,2024-10-23,
372,91,G0071,1,106.46,2025-01-28,
373,154,G0050,1,209.49,2025-01-02,
374,225,G0025,-1,216.35,2024-02-06,
375,123,G0063,2,121.9,2024-03-05,
376,158,G0064,3,85.91,2025-04-05,PROMO01
377,19,G0044,1,283.11,2024-12-11,
378,22,G0052,1,212.87,2024-08-04,
379,268,G0059,3,200.65,2024-06-01,
380,120,G0010,1,273.15,2024-05-24,
381,10,G0061,3,172.06,2024-02-16,
382,67,G0002,1,51.59,2024-02-21,PROMO01
383,234,G0079,1,243.27,2024-03-06,
384,55,G0015,2,191.62,2024-08-13,
385,104,G0055,2,207.21,2025-02-15,
386,295,G0070,1,49.92,2024-11-25,
387,110,G0006,3,65.4,2024-06-26,
388,62,G0036,1,99.02,2025-03-01,
389,190,G0071,1,106.46,2025-03-25,
390,298,G0006,1,65.4,2024-04-12,
391,193,G0021,1,145.46,2025-05-13,
392,4,G0023,1,52.23,2024-10-17,
393,244,G0017,1,148.16,2024-05-26,
394,268,G0058,-2,231.17,2024-09-01,PROMO01
395,93,G0064,3,85.91,2024-03-31,
396,155,G0045,2,245.46,2024-01-05,
397,99,G0016,3,233.36,2024-04-07,
398,277,G0065,1,277.19,2025-04-20,
399,107,G0036,1,99.02,2024-07-17,
400,77,G0061,2,172.06,2024-06-29,
401,23,G0007,3,55.49,2025-01-07,
402,223,G0033,2,217.97,2025-04-09,
403,27,G0069,1,80.63,2024-06-10,
404,249,G0066,1,241.7,2024-03-13,PROMO04
405,297,G0042,2,256.09,2024-07-22,
406,167,G0030,1,212.39,2024-11-29,
407,122,G0053,1,64.52,2025-01-19,PROMO01
408,242,G0075,2,58.76,2024-02-25,PROMO02
409,111,G0079,2,243.27,2024-07-01,
410,70,G0059,3,200.65,2024-07-17,
411,139,G0026,2,81.24,2024-05-10,
412,292,G0008,2,134.23,2024-05-19,
413,239,G0059,2,200.65,2024-06-24,
414,113,G0038,3,355.75,2024-06-09,
415,88,G0074,3,157.49,2024-08-23,
416,268,G0063,1,121.9,2025-04-29,
417,143,G0002,3,51.59,2025-03-14,
418,127,G0032,2,84.76,2025-03-20,
419,77,G0074,1,157.49,2025-03-03,PROMO01
420,241,G0065,1,277.19,2025-03-11,
421,246,G0013,2,273.26,2025-05-22,
422,286,G0002,3,51.59,2025-02-20,PROMO02
423,184,G0038,1,355.75,2024-04-02,
424,157,G0021,3,145.46,2025-04-15,PROMO01
425,233,G0060,1,216.3,2025-02-19,
426,190,G0060,3,216.3,2024-01-02,PROMO01
427,198,G0043,3,253.63,2024-02-03,
428,139,G0079,3,243.27,2024-07-31,
429,42,G0080,2,138.35,2024-02-26,
430,187,G0007,1,55.49,2025-01-27,
431,21,G0047,2,224.62,2024-06-28,
432,35,G0072,3,-366.53,2024-07-28,
433,172,G0031,3,339.08,2024-04-26,
434,298,G0027,3,76.44,2024-08-18,
435,137,G0065,3,277.19,2025-03-09,
436,33,G0048,2,116.64,2025-04-08,
437,270,G0016,2,233.36,2025-06-28,
438,273,G0038,2,355.75,2025-01-11,
439,34,G0025,2,216.35,2024-03-30,
440,92,G0037,1,217.09,2024-04-21,
441,58,G0019,2,354.11,2024-06-03,PROMO01
442,151,G0054,3,366.84,2024-05-15,
443,216,G0057,3,123.21,2024-01-22,
444,33,G0003,1,150.98,2025-06-16,
445,211,G0075,2,58.76,2024-11-30,
446,272,G0071,2,106.46,2025-04-13,
447,68,G0040,1,146.36,2024-09-23,
448,191,G0037,1,217.09,2024-05-31,
449,234,G0022,3,337.9,2024-06-13,
450,147,G0024,1,136.07,2024-06-06,
451,60,G0006,2,65.4,2024-05-09,
452,190,G0024,1,136.07,2024-02-05,
453,177,G0019,2,-354.11,2025-04-04,
454,84,G0069,2,80.63,2024-05-04,PROMO04
455,256,G9026,2,354.11,2024-11-23,
456,280,G0065,2,277.19,2024-10-29,
457,149,G0074,3,157.49,2023-00-10,
458,227,G0044,3,283.11,2024-04-25,
459,21,G0018,3,221.9,2024-04-29,
460,206,G0080,1,138.35,2025-04-01,
461,168,G0008,3,134.23,2024-07-18,
462,114,G0036,1,99.02,2024-01-24,
463,229,G0012,3,305.64,2025-02-07,
464,163,G0078,3,244.12,2025-06-07,PROMO03
465,204,G0019,3,354.11,2025-03-13,
466,191,G0002,2,51.59,2024-12-19,
467,229,G0072,1,366.53,2024-08-08,
468,228,G0054,2,366.84,2024-10-22,
469,218,G0054,-1,366.84,2024-03-29,
470,156,G0061,3,172.06,2024-12-09,
471,193,G9002,1,305.64,2025-02-23,
472,140,G0054,1,366.84,2025-04-18,
473,71,G0026,1,81.24,2025-01-25,
474,252,G0006,2,65.4,2024-11-07,
475,238,G0029,1,228.35,2024-01-03,
476,154,G0061,1,172.06,2024-10-21,
477,252,G0032,1,84.76,2024-05-02,
478,253,G0009,3,176.47,2025-01-05,
479,290,G0056,2,278.01,2025-05-02,PROMO01
480,192,G0066,3,241.7,2024-01-18,
481,84,G0075,1,58.76,2024-05-29,
482,70,G0046,1,255.5,2024-02-24,
483,215,G0046,1,255.5,2024-10-23,
484,40,G0066,1,241.7,2024-07-06,
485,86,G0070,2,49.92,2024-11-19,
486,155,G0035,3,169.53,2025-01-06,
487,297,G0046,-1,255.5,2024-01-14,
488,145,G0048,2,116.64,2025-02-25,
489,84,G0014,1,297.49,2024-06-07,
490,97,G0072,3,366.53,2025-06-22,
491,283,G0015,2,191.62,2025-04-16,PROMO01
492,68,G0003,2,150.98,2024-12-22,
493,186,G0018,2,221.9,2025-06-19,
494,176,G0023,3,52.23,2024-11-07,
495,61,G0029,1,228.35,2024-05-25,
496,158,G0017,1,148.16,2024-05-13,PROMO04
497,58,G0010,1,273.15,2025-05-10,
498,22,G0026,-1,81.24,2024-02-03,
499,263,G0076,1,255.11,2025-04-25,
500,130,G0006,1,65.4,2024-11-04,
501,50,G0016,3,233.36,2024-07-29,
502,103,G0024,-3,136.07,2024-12-25,
503,75,G0036,3,99.02,2024-12-22,
504,257,G0079,1,243.27,2025-06-01,
505,51,G0075,1,58.76,2025-06-25,
506,99,G0037,1,217.09,2024-01-05,PROMO01
507,110,G0065,3,277.19,2025-05-01,
508,95,G0057,3,123.21,2024-04-19,
509,182,G0049,2,120.16,2024-08-07,
510,209,G0015,2,191.62,2024-05-06,
511,267,G0018,2,221.9,2025-01-04,
512,286,G0006,1,65.4,2023-00-10,
513,198,G0037,2,217.09,2024-11-15,
514,228,G0029,3,228.35,2025-02-21,
515,220,G0025,1,216.35,2025-05-02,PROMO03
516,92,G0002,3,51.59,2025-05-18,
517,203,G0057,3,123.21,2024-03-28,
518,203,G0052,3,212.87,2024-04-14,
519,87,G0009,2,176.47,2024-07-22,
520,207,G0016,1,233.36,2025-03-10,
521,143,G0075,3,58.76,2024-10-06,
522,205,G0046,2,255.5,2025-02-18,PROMO03
523,76,G0059,1,200.65,2024-05-05,
524,255,G0030,3,212.39,2024-05-17,
525,28,G0009,2,176.47,2024-01-28,PROMO04
526,168,G0020,2,74.45,2024-04-08,
527,267,G0064,2,85.91,2024-07-25,
528,255,G0063,3,121.9,2024-09-24,
529,277,G0070,1,49.92,2024-02-02,PROMO01
530,197,G0058,2,231.17,2025-01-20,
531,19,G0005,1,289.63,2024-11-06,PROMO02
532,252,G0056,1,278.01,2024-11-15,
533,250,G0015,3,191.62,2025-05-17,
534,277,G0074,2,157.49,2025-05-02,
535,81,G0065,1,277.19,2025-02-04,
536,194,G0079,3,243.27,2024-12-27,
537,146,G0042,1,256.09,2024-01-29,
538,66,G0047,2,224.62,2024-01-28,
539,175,G0049,1,120.16,2025-03-14,
540,183,G0053,2,64.52,2024-02-27,
541,127,G0031,3,339.08,2024-11-15,
542,34,G0040,1,146.36,2024-12-11,
543,276,G0042,1,256.09,2025-04-16,
544,217,G0073,3,179.77,2025-03-07,
545,241,G0076,1,255.11,2024-11-20,
546,200,G0042,3,256.09,2024-04-10,
547,52,G0027,2,76.44,2025-05-23,
548,174,G0022,3,337.9,2024-11-02,
549,224,G0026,2,81.24,2024-03-18,
550,275,G0028,2,74.77,2024-09-28,
551,294,G0052,1,212.87,2024-04-04,
552,297,G0013,3,273.26,2024-12-10,
553,291,G0068,2,125.73,2025-03-13,
554,40,G0039,3,266.45,2024-11-03,
555,277,G0041,1,113.26,2025-02-28,
556,264,G0059,3,200.65,2024-07-03,PROMO02
557,296,G0064,1,85.91,2025-04-23,
558,273,G0079,2,243.27,2024-03-02,
559,187,G0060,1,216.3,2024-09-03,
560,154,G0056,2,278.01,2024-11-22,PROMO01
561,105,G0053,2,64.52,2024-10-20,
562,132,G0077,1,171.46,2025-02-19,
563,77,G0025,1,216.35,2024-09-08,
564,159,G0060,2,216.3,2025-03-22,
565,19,G0026,1,81.24,2024-10-06,
566,133,G0036,3,99.02,2024-06-29,
567,22,G0063,1,121.9,2024-02-26,PROMO01
568,161,G0078,2,244.12,2024-03-06,PROMO04
569,187,G0012,2,305.64,2024-05-23,
570,293,G0065,1,277.19,2025-06-18,
571,298,G0068,2,125.73,2025-05-23,PROMO02
572,63,G0041,2,113.26,2025-02-03,
573,121,G0055,1,207.21,2024-05-27,
574,110,G0036,2,99.02,2025-02-22,
575,29,G0063,3,121.9,2025-01-18,
576,58,G0041,3,113.26,2025-03-09,
577,127,G0036,1,99.02,2025-01-06,
578,189,G0040,1,146.36,2024-02-05,
579,28,G0031,2,339.08,2024-02-30,
580,186,G0016,3,233.36,2024-08-30,PROMO04
581,5,G0051,2,255.86,2024-11-04,
582,121,G0039,1,266.45,2024-06-13,PROMO03
583,209,G0005,2,289.63,2024-03-23,
584,252,G0061,3,172.06,2025-02-26,PROMO03
585,217,G0013,1,273.26,2024-09-24,
586,181,G0054,3,366.84,2024-11-30,
587,15,G0007,3,55.49,2024-07-07,
588,70,G0001,2,124.6,2024-07-23,
589,161,G0074,1,157.49,2024-04-23,
590,265,G0017,-3,148.16,2025-02-24,
591,164,G0058,2,231.17,2024-05-16,
592,168,G0037,1,217.09,2024-03-27,
593,94,G0051,2,255.86,2024-08-17,
594,12,G0072,3,366.53,2024-08-22,PROMO04
595,102,G0034,3,227.51,2024-06-21,
596,220,G0077,2,171.46,2024-06-01,
597,189,G0022,3,337.9,2024-04-30,
598,270,G0056,2,278.01,2025-05-21,
599,105,G0025,2,216.35,2024-10-21,
600,196,G0017,2,148.16,2024-07-30,
601,145,G0025,2,216.35,2024-07-03,
602,75,G0004,2,107.07,2024-09-25,
603,231,G0032,2,84.76,2025-04-14,
604,241,G0018,2,221.9,2024-02-30,
605,197,G0055,3,207.21,2024-09-19,
606,286,G0008,1,134.23,2024-12-06,PROMO04
607,182,G0078,3,244.12,2024-02-16,
608,259,G0080,2,138.35,2024-11-05,PROMO03
609,68,G0072,1,366.53,2024-07-02,
610,258,G0064,2,85.91,2025-04-24,
611,163,G0068,2,125.73,2024-05-25,
612,161,G0006,1,65.4,2025-05-26,PROMO03
613,185,G0056,2,278.01,2024-09-26,
614,136,G0067,2,207.06,2025-03-22,PROMO03
615,252,G0020,3,74.45,2025-03-26,
616,77,G0007,1,55.49,2024-07-06,
617,134,G0021,3,145.46,2025-04-23,
618,254,G0006,2,65.4,2024-12-31,PROMO04
619,235,G0064,1,85.91,2024-05-31,
620,48,G0027,2,76.44,2024-07-03,
621,261,G0035,3,169.53,2024-08-05,
622,3,G0068,3,125.73,2024-07-03,
623,40,G0032,2,84.76,2024-04-06,PROMO01
624,146,G0016,2,233.36,2025-01-17,
625,55,G0042,1,256.09,2024-01-30,
626,246,G0059,3,200.65,2024-10-02,
627,3,G0043,1,253.63,2025-04-08,
628,292,G0017,1,148.16,2024-02-19,
629,145,G0042,1,256.09,2024-03-13,
630,196,G0012,2,305.64,2024-09-18,
631,205,G0012,1,305.64,2024-08-01,
632,207,G0037,3,217.09,2024-06-06,
633,252,G0056,3,278.01,2024-11-13,PROMO02
634,184,G0013,2,273.26,2025-06-08,
635,229,G0050,2,209.49,2024-10-01,
636,217,G0012,2,305.64,2025-01-12,
637,223,G0055,1,207.21,2024-02-11,
638,238,G0029,3,228.35,2024-06-07,PROMO01
639,149,G0060,2,216.3,2024-03-22,PROMO04
640,154,G0020,1,74.45,2024-11-03,
641,268,G0055,2,207.21,2024-02-18,
642,24,G0066,1,241.7,2025-06-06,
643,49,G0060,-3,216.3,2024-09-16,
644,300,G0011,3,104.53,2024-01-17,
645,237,G0023,1,52.23,2025-02-06,
646,214,G0039,2,266.45,2025-04-10,
647,231,G0080,2,138.35,2024-12-15,PROMO02
648,109,G0024,1,136.07,2024-09-22,PROMO01
649,223,G0069,1,80.63,2024-01-06,
650,7,G0022,3,337.9,2025-05-03,
651,208,G0078,3,244.12,2025-05-13,
652,185,G0051,2,255.86,2024-03-30,
653,8,G0025,1,216.35,2024-01-17,
654,97,G0004,1,107.07,2025-05-07,
655,124,G0056,3,278.01,2024-07-14,
656,238,G0019,-2,354.11,2025-03-08,
657,86,G0020,3,74.45,2025-03-31,PROMO04
658,11,G0058,3,231.17,2024-09-05,
659,292,G0051,1,255.86,2024-12-07,
660,222,G0054,2,366.84,2024-10-24,
661,205,G0063,3,121.9,2025-05-14,
662,32,G0068,1,125.73,2025-03-08,
663,284,G0009,2,-176.47,2025-03-03,PROMO01
664,254,G0080,3,138.35,2024-12-21,
665,224,G0003,1,150.98,2024-10-21,
666,241,G0045,2,245.46,2024-08-25,
667,174,G0078,3,244.12,2025-04-24,
668,151,G0050,2,209.49,2025-01-03,
669,83,G0080,1,138.35,2024-10-16,
670,45,G0062,1,100.05,2024-14-05,
671,252,G0013,2,273.26,2023-00-10,
672,108,G0072,1,366.53,2024-01-19,
673,134,G0046,3,255.5,2024-06-11,
674,258,G0005,1,289.63,2024-12-11,
675,117,G0016,3,233.36,2024-08-17,
676,175,G0046,1,255.5,2024-09-30,PROMO01
677,26,G0057,2,123.21,2024-04-23,PROMO01
678,288,G0006,3,65.4,2024-04-17,
679,61,G0027,2,76.44,2024-06-09,
680,227,G0065,2,277.19,2024-04-11,
681,941,G0043,1,253.63,2024-05-05,
682,936,G0054,1,366.84,2024-09-08,
683,243,G0044,2,283.11,2024-14-05,
684,137,G0048,3,116.64,2025-02-28,
685,126,G0020,3,74.45,2025-03-07,
686,71,G0055,2,207.21,2025-02-23,PROMO03
687,16,G0057,1,123.21,2024-01-11,
688,265,G0009,1,176.47,2024-12-12,
689,85,G0056,1,278.01,2025-02-06,
690,78,G0074,1,157.49,2025-06-16,PROMO04
691,206,G0071,2,106.46,2024-11-17,PROMO01
692,144,G0068,3,125.73,2024-05-30,
693,229,G0027,3,76.44,2025-03-28,
694,208,G0026,2,81.24,2024-03-27,
695,172,G0050,3,209.49,2024-05-09,
696,277,G0037,1,217.09,2024-04-05,
697,160,G0067,2,207.06,2024-06-12,
698,277,G0076,2,255.11,2024-09-04,
699,156,G0055,3,207.21,2024-04-23,
700,191,G0034,3,227.51,2025-06-03,
701,25,G0016,2,233.36,2024-11-01,
702,3,G0059,2,200.65,2024-08-29,
703,298,G0073,3,179.77,2024-08-27,
704,146,G0074,3,157.49,2024-05-23,
705,267,G0032,1,84.76,2024-12-01,
706,99,G0047,-2,224.62,2024-04-10,
707,218,G0053,1,64.52,2024-04-04,
708,67,G0061,1,172.06,2025-04-01,
709,270,G0052,3,212.87,2025-06-15,
710,136,G0075,2,58.76,2025-03-09,PROMO04
711,214,G0021,1,145.46,2025-06-01,
712,235,G0017,-3,148.16,2025-06-09,PROMO01
713,109,G0059,2,200.65,2024-02-03,
714,287,G0048,1,116.64,2025-02-22,
715,190,G0074,2,157.49,2024-02-11,
716,61,G0048,2,116.64,2025-01-18,
717,249,G0004,1,107.07,2024-05-25,
718,216,G0007,2,55.49,2024-10-17,
719,251,G0001,1,124.6,2024-12-23,
720,23,G0054,2,366.84,2024-11-13,
721,173,G0049,2,120.16,2024-05-15,
722,259,G0059,2,200.65,2025-04-04,
723,167,G0012,3,305.64,2025-02-23,
724,203,G0044,3,283.11,2024-02-16,PROMO04
725,143,G0012,1,305.64,2024-01-26,
726,159,G9035,3,366.53,2024-05-06,
727,44,G9016,3,216.35,2024-02-24,PROMO02
728,244,G0065,1,277.19,2024-05-03,
729,273,G0024,1,136.07,2024-10-08,
730,126,G0075,2,58.76,2024-03-27,
731,165,G0052,3,212.87,2024-02-16,
732,12,G0044,2,283.11,2024-07-03,
733,271,G0041,2,113.26,2024-09-20,
734,51,G0070,1,49.92,2024-10-19,
735,131,G0012,1,305.64,2024-11-10,PROMO02
736,31,G0079,2,243.27,2024-07-04,
737,30,G0039,2,266.45,2024-04-11,
738,212,G0042,2,256.09,2025-01-19,PROMO01
739,27,G0026,1,81.24,2024-08-30,
740,259,G0050,1,209.49,2024-10-02,
741,238,G0071,2,106.46,2024-03-08,
742,209,G0030,1,212.39,2024-10-02,
743,52,G0032,3,84.76,2024-05-08,
744,209,G0058,1,231.17,2025-05-27,
745,73,G0048,3,116.64,2024-06-21,
746,276,G0055,3,207.21,2025-04-07,
747,238,G0080,2,138.35,2024-06-20,
748,933,G0035,3,169.53,2024-09-13,
749,195,G0045,3,245.46,2024-08-05,
750,262,G0037,1,217.09,2024-06-14,
751,289,G0009,2,176.47,2024-04-01,
752,63,G0018,3,221.9,2024-10-13,PROMO02
753,259,G0041,3,113.26,2024-12-16,
754,232,G0035,1,169.53,2024-11-25,
755,236,G0077,2,171.46,2024-14-05,PROMO02
756,2,G0078,2,244.12,2024-01-05,PROMO02
757,212,G0072,3,366.53,2025-05-15,
758,276,G0011,3,104.53,2024-03-20,
759,228,G0016,2,233.36,2025-01-20,
760,184,G0050,1,209.49,2024-01-09,
761,190,G0025,2,216.35,2024-01-10,
762,11,G0036,3,99.02,2025-01-01,
763,156,G0029,1,228.35,2025-05-20,PROMO01
764,144,G0064,-3,85.91,2024-08-02,
765,203,G0015,2,191.62,2025-05-27,
766,283,G0025,3,216.35,2024-06-28,
767,66,G0009,1,176.47,2024-09-22,PROMO02
768,268,G0036,1,99.02,2024-01-24,PROMO03
769,287,G0059,1,200.65,2025-03-13,
770,27,G0042,2,256.09,2025-02-20,
771,266,G0060,2,216.3,2025-01-05,
772,23,G0029,1,228.35,2024-10-11,PROMO04
773,162,G0001,2,124.6,2024-07-18,
774,293,G0004,3,107.07,2024-08-19,PROMO04
775,39,G0032,1,84.76,2024-06-17,
776,33,G0013,1,273.26,2025-05-06,
777,13,G0076,3,255.11,2024-12-08,
778,127,G0014,2,297.49,2024-09-01,PROMO01
779,171,G0067,1,207.06,2024-03-15,
780,225,G0013,3,273.26,2025-04-02,
781,44,G0008,1,134.23,2025-01-21,
782,34,G0017,1,148.16,2025-03-28,
783,222,G0009,1,176.47,2024-02-27,
784,151,G0049,2,120.16,2024-04-08,
785,211,G0030,3,212.39,2024-01-11,
786,238,G0055,3,207.21,2024-04-13,
787,14,G0059,3,200.65,2024-12-02,
788,56,G0014,1,297.49,2024-03-10,
789,100,G0074,1,157.49,2025-06-05,
790,216,G0062,3,100.05,2025-03-31,
791,71,G0006,1,65.4,2024-05-10,
792,224,G0066,3,241.7,2025-01-01,
793,278,G0019,1,354.11,2025-04-25,
794,176,G0038,2,355.75,2024-01-09,
795,75,G0008,-1,134.23,2025-06-03,
796,287,G0007,2,55.49,2024-12-18,
797,103,G0026,1,81.24,2024-12-15,
798,244,G0060,3,216.3,2024-12-05,PROMO03
799,154,G0054,2,366.84,2024-06-15,
800,22,G0064,1,85.91,2024-01-04,
801,118,G0060,3,216.3,2024-08-06,
802,170,G0049,1,120.16,2025-02-13,
803,4,G0047,1,-224.62,2024-03-16,
804,285,G0015,1,191.62,2024-10-24,
805,300,G0047,1,224.62,2024-01-31,
806,146,G0023,1,52.23,2024-09-25,
807,174,G0071,1,106.46,2024-07-01,
808,91,G0034,1,227.51,2024-01-22,
809,71,G0049,3,120.16,2024-04-23,
810,108,G0040,2,146.36,2024-09-02,
811,191,G0022,3,337.9,2025-03-20,PROMO01
812,61,G0019,1,354.11,2024-07-13,
813,194,G0048,2,116.64,2024-14-05,PROMO02
814,24,G0079,3,243.27,2024-07-12,PROMO03
815,77,G0042,1,256.09,2024-02-24,
816,144,G0017,3,148.16,2025-05-15,
817,42,G0061,3,172.06,2024-03-07,
818,199,G0066,2,241.7,2025-05-25,
819,92,G0042,3,256.09,2025-01-17,
820,248,G0064,2,85.91,2024-10-01,
821,299,G0005,1,289.63,2024-08-12,PROMO04
822,121,G0051,1,255.86,2024-11-09,
823,194,G0074,1,157.49,2025-01-18,
824,44,G0018,1,221.9,2024-10-29,
825,181,G0030,3,212.39,2024-02-12,
826,173,G0055,2,207.21,2025-04-23,
827,189,G0064,2,85.91,2024-10-06,
828,92,G0057,1,123.21,2024-09-28,
829,184,G0011,2,104.53,2025-05-28,
830,41,G0036,1,99.02,2024-04-10,
831,185,G0005,3,289.63,2024-07-24,
832,169,G0033,2,217.97,2024-10-08,
833,71,G0070,2,49.92,2024-01-09,
834,145,G0045,2,245.46,2025-02-19,
835,7,G0061,3,172.06,2025-06-08,PROMO02
836,204,G0030,1,212.39,2024-08-02,
837,265,G0076,3,255.11,2025-04-24,
838,237,G0044,1,283.11,2024-11-16,
839,220,G0054,-1,366.84,2025-03-25,
840,286,G0004,2,107.07,2024-05-22,
841,66,G0040,3,146.36,2024-01-10,
842,182,G0044,1,283.11,2025-03-05,
843,207,G0069,2,80.63,2024-11-29,
844,291,G0005,1,289.63,2024-06-06,PROMO03
845,291,G0078,3,244.12,2025-02-04,PROMO02
846,201,G0009,3,176.47,2025-01-30,
847,56,G0043,3,253.63,2025-04-07,
848,156,G0012,1,305.64,2024-04-16,
849,91,G0005,3,289.63,2025-05-15,
850,102,G0009,2,176.47,2024-10-17,
851,150,G0068,1,125.73,2025-04-10,
852,266,G0002,1,51.59,2024-11-30,PROMO04
853,201,G0021,1,145.46,2024-05-12,
854,245,G0009,2,176.47,2024-07-30,
855,106,G0040,2,146.36,2025-05-01,
856,295,G0040,3,146.36,2024-07-26,
857,235,G0036,1,-99.02,2024-01-08,PROMO04
858,33,G0052,3,212.87,2024-09-09,
859,292,G0063,2,121.9,2025-04-18,
860,47,G0037,3,217.09,2025-04-12,
861,153,G0051,3,255.86,2024-06-28,
862,92,G0080,3,-138.35,2025-03-18,
863,94,G0073,1,179.77,2025-02-06,
864,23,G0031,1,339.08,2024-10-07,PROMO03
865,35,G0028,2,74.77,2025-02-25,PROMO01
866,189,G0010,1,273.15,2025-05-31,
867,167,G0053,2,64.52,2024-06-17,
868,260,G0006,2,65.4,2024-01-28,
869,237,G0049,2,120.16,2025-02-12,PROMO04
870,20,G0002,2,51.59,2024-04-27,
871,70,G0042,3,256.09,2025-04-20,
872,35,G0011,3,104.53,2024-09-05,
873,225,G0018,2,-221.9,2024-10-12,
874,88,G0003,3,150.98,2024-04-12,
875,64,G0069,3,80.63,2025-02-04,
876,6,G0035,1,169.53,2025-03-27,
877,111,G0005,3,289.63,2025-06-29,
878,918,G0067,3,207.06,2024-04-15,
879,158,G0057,1,123.21,2024-01-05,
880,194,G0026,1,81.24,2025-01-18,PROMO02
881,47,G0003,2,150.98,2024-01-29,PROMO03
882,99,G0009,1,176.47,2024-04-08,
883,86,G0022,1,337.9,2025-03-01,
884,168,G0042,3,256.09,2024-07-13,
885,278,G0051,2,255.86,2024-05-03,
886,55,G9049,2,255.5,2024-06-26,
887,162,G0002,2,51.59,2024-08-05,
888,34,G0036,3,99.02,2025-01-12,
889,112,G0053,2,64.52,2025-05-26,PROMO01
890,275,G0073,1,179.77,2024-09-14,PROMO03
891,199,G0018,2,221.9,2024-06-28,
892,163,G0062,1,100.05,2024-12-09,
893,300,G0058,2,231.17,2025-06-07,
894,120,G0065,3,277.19,2024-01-14,
895,64,G0040,1,146.36,2025-03-14,
896,41,G0008,1,134.23,2025-01-18,
897,104,G0020,2,74.45,2024-07-28,
898,122,G0077,2,171.46,2024-12-02,
899,163,G0006,3,65.4,2025-02-28,
900,148,G0004,1,107.07,2024-12-05,
901,106,G0070,1,49.92,2024-09-11,
902,114,G0078,2,244.12,2025-06-17,
903,227,G0001,1,124.6,2025-05-18,
904,99,G0007,3,55.49,2024-05-24,PROMO02
905,47,G0023,3,52.23,2024-07-28,
906,41,G0055,3,207.21,2025-04-23,
907,102,G0032,2,84.76,2024-06-29,
908,156,G0037,3,217.09,2025-04-04,PROMO02
909,140,G0062,1,100.05,2025-01-03,
910,86,G0061,2,172.06,2025-03-08,
911,222,G0020,2,74.45,2024-01-21,
912,219,G0011,2,104.53,2024-06-05,
913,90,G0033,2,217.97,2025-04-19,
914,146,G0049,3,120.16,2025-05-07,
915,70,G0061,1,172.06,2024-06-07,PROMO01
916,7,G0065,-3,277.19,2025-01-18,
917,213,G0051,3,255.86,2025-01-17,
918,158,G0076,1,255.11,2025-02-22,PROMO01
919,198,G0073,1,179.77,2024-07-17,
920,131,G0045,3,245.46,2025-05-15,
921,189,G0008,3,134.23,2025-01-29,PROMO02
922,125,G0062,1,100.05,2025-01-05,
923,15,G0019,2,354.11,2025-04-11,PROMO02
924,131,G0032,3,84.76,2024-06-14,
925,48,G0050,2,209.49,2024-03-23,
926,97,G0055,1,207.21,2025-03-13,
927,155,G0065,-3,277.19,2025-01-26,
928,211,G0012,1,305.64,2024-12-18,
929,138,G0027,3,76.44,2025-02-11,
930,4,G0022,2,337.9,2024-01-02,
931,214,G0068,2,125.73,2024-10-22,
932,88,G0023,2,52.23,2024-07-09,
933,102,G0063,1,121.9,2025-05-29,PROMO04
934,291,G0028,1,74.77,2024-07-24,
935,94,G0025,2,216.35,2025-02-22,
936,56,G0022,1,337.9,2024-10-27,
937,64,G0036,1,99.02,2024-12-16,
938,121,G0062,2,100.05,2024-04-13,
939,909,G0001,3,124.6,2024-14-05,
940,268,G0001,2,124.6,2025-06-16,PROMO03
941,249,G0061,2,172.06,2024-02-30,
942,176,G0041,1,113.26,2025-01-04,
943,194,G0079,1,243.27,2024-12-30,PROMO01
944,2,G0059,3,200.65,2025-02-15,
945,72,G0004,3,107.07,2024-14-05,PROMO03
946,128,G0048,2,116.64,2025-05-01,
947,97,G0001,3,124.6,2024-11-25,
948,185,G0006,3,65.4,2024-11-29,
949,120,G0078,2,244.12,2025-02-13,
950,42,G0045,2,245.46,2025-05-02,PROMO01
951,935,G0038,3,355.75,2024-07-18,
952,267,G0074,3,157.49,2025-05-31,
953,255,G0012,2,305.64,2025-04-23,
954,229,G0015,2,191.62,2024-09-03,
955,88,G0012,1,305.64,2025-03-21,PROMO01
956,83,G0042,2,256.09,2024-10-14,
957,132,G0061,3,172.06,2024-05-06,
958,274,G0063,1,121.9,2024-12-06,PROMO01
959,176,G0049,3,120.16,2025-01-25,
960,288,G0056,1,278.01,2024-08-16,
961,149,G0012,1,305.64,2024-04-01,
962,97,G0015,3,191.62,2025-01-11,
963,161,G0049,3,120.16,2024-01-02,
964,275,G0025,2,216.35,2025-03-09,
965,187,G0017,3,148.16,2024-08-15,
966,5,G0069,2,80.63,2024-11-19,
967,152,G0029,2,228.35,2025-04-11,
968,146,G0019,3,354.11,2024-02-05,
969,159,G0065,3,277.19,2024-05-06,
970,294,G0062,3,100.05,2024-08-08,
971,193,G0008,2,134.23,2024-06-05,
972,108,G0029,3,228.35,2024-02-23,PROMO02
973,250,G0051,2,255.86,2024-06-12,PROMO04
974,173,G0055,3,207.21,2025-04-29,PROMO04
975,201,G0010,3,273.15,2024-10-16,
976,100,G0071,2,106.46,2024-04-09,
977,298,G0007,3,55.49,2024-11-07,
978,84,G0074,1,157.49,2025-03-28,
979,150,G0019,1,354.11,2024-08-11,
980,101,G0002,2,51.59,2024-04-14,
981,76,G0049,2,120.16,2024-06-21,PROMO01
982,183,G0061,1,172.06,2024-02-23,
983,264,G0044,3,283.11,2025-03-20,PROMO04
984,126,G0005,1,289.63,2024-09-03,
985,155,G9044,1,171.46,2025-01-19,
986,46,G0060,3,216.3,2025-01-26,
987,228,G0048,1,116.64,2024-05-02,
988,63,G0063,3,121.9,2023-00-10,
989,294,G0074,2,157.49,2024-10-07,
990,49,G0076,1,255.11,2025-01-28,
991,223,G0039,3,266.45,2024-05-08,
992,33,G0069,1,80.63,2025-02-19,
993,11,G0051,3,255.86,2025-06-26,
994,266,G0075,3,58.76,2024-05-07,
995,107,G0016,1,233.36,2024-07-03,
996,229,G0041,1,113.26,2024-02-10,
997,106,G0021,1,-145.46,2024-09-19,PROMO01
998,44,G0016,3,233.36,2024-11-01,
999,279,G0022,2,337.9,2024-01-01,
1000,24,G0067,2,207.06,2025-03-31,
1001,252,G0041,3,113.26,2024-12-26,
1002,262,G0027,-3,76.44,2024-04-11,
1003,23,G0031,1,339.08,2024-07-11,
1004,111,G0018,3,221.9,2024-08-09,
1005,143,G0017,3,148.16,2025-03-08,
1006,131,G0034,2,227.51,2024-06-16,
1007,43,G0033,3,217.97,2024-14-05,PROMO02
1008,275,G0027,1,76.44,2024-10-02,PROMO02
1009,191,G0073,3,179.77,2025-06-07,
1010,215,G0020,2,74.45,2025-03-20,
1011,127,G0010,2,273.15,2024-05-07,
1012,281,G0053,1,64.52,2024-12-03,
1013,186,G0043,2,253.63,2024-05-29,PROMO02
1014,141,G0002,1,51.59,2025-01-21,PROMO02
1015,194,G0014,1,297.49,2024-06-28,
1016,157,G0076,2,255.11,2024-04-07,
1017,293,G0037,3,217.09,2024-10-04,
1018,25,G0022,2,337.9,2025-02-02,
1019,906,G0071,3,106.46,2025-02-16,
1020,66,G0034,1,227.51,2025-06-09,
1021,65,G0019,2,354.11,2024-09-30,
1022,190,G0032,3,84.76,2025-03-04,
1023,94,G0057,2,123.21,2025-04-24,
1024,142,G0055,3,207.21,2024-08-22,
1025,45,G0040,2,146.36,2024-11-16,
1026,41,G0010,3,273.15,2024-09-02,PROMO02
1027,295,G0008,1,134.23,2024-10-19,
1028,253,G0002,2,51.59,2025-06-04,PROMO02
1029,246,G0064,3,85.91,2025-06-29,
1030,208,G0002,3,51.59,2024-07-13,PROMO01
1031,218,G0069,3,80.63,2024-12-19,
1032,915,G0078,1,244.12,2025-04-04,PROMO02
1033,90,G0010,2,273.15,2024-05-16,
1034,27,G0055,2,207.21,2025-01-23,
1035,58,G0044,3,283.11,2024-09-12,
1036,61,G0038,2,355.75,2025-05-09,
1037,110,G0001,3,124.6,2025-02-07,
1038,157,G0066,1,241.7,2025-04-19,PROMO04
1039,30,G0046,1,255.5,2025-04-16,
1040,182,G0014,1,297.49,2024-12-24,PROMO02
1041,206,G0046,1,255.5,2024-04-13,
1042,102,G0011,3,104.53,2025-06-10,PROMO04
1043,64,G0063,1,121.9,2024-06-08,
1044,129,G0029,2,228.35,2025-02-08,
1045,187,G0055,1,207.21,2024-10-02,
1046,225,G0057,1,123.21,2024-05-23,
1047,223,G0001,2,124.6,2024-07-22,
1048,146,G0006,1,65.4,2025-02-08,
1049,170,G0005,1,289.63,2024-07-22,PROMO03
1050,61,G0054,2,366.84,2025-05-22,
1051,66,G0042,2,256.09,2025-05-28,
1052,200,G0017,1,148.16,2024-04-20,
1053,65,G0020,2,74.45,2025-05-27,
1054,122,G0007,3,55.49,2024-12-16,
1055,5,G0056,2,278.01,2024-10-23,
1056,43,G0055,-1,207.21,2024-06-05,
1057,96,G0032,2,84.76,2024-04-27,PROMO02
1058,220,G0026,2,81.24,2024-04-15,
1059,258,G0079,1,243.27,2024-07-12,PROMO02
1060,118,G0016,1,233.36,2025-02-14,
1061,99,G0019,2,354.11,2024-01-19,
1062,47,G0007,2,55.49,2025-02-21,
1063,119,G0029,2,228.35,2025-03-12,
1064,262,G0055,3,207.21,2024-02-22,
1065,138,G0047,2,224.62,2024-12-25,
1066,127,G0041,1,113.26,2024-07-05,
1067,27,G0042,1,256.09,2024-10-19,
1068,52,G0056,1,278.01,2024-09-15,PROMO03
1069,172,G0039,1,266.45,2024-04-09,
1070,283,G0017,2,148.16,2025-01-04,
1071,186,G0076,3,255.11,2025-01-15,
1072,142,G0027,3,76.44,2025-01-28,
1073,55,G0017,3,148.16,2024-05-03,
1074,98,G0025,-3,216.35,2025-04-01,PROMO01
1075,280,G0080,2,138.35,2024-11-04,
1076,104,G0069,3,80.63,2024-06-06,
1077,99,G0054,3,366.84,2024-09-15,PROMO03
1078,188,G0058,3,231.17,2024-04-30,PROMO01
1079,248,G0054,3,-366.84,2025-05-30,
1080,86,G0077,2,-171.46,2024-05-12,
1081,290,G0008,3,134.23,2024-07-13,
1082,204,G0064,3,85.91,2025-06-29,PROMO01
1083,85,G0057,3,123.21,2025-01-28,
1084,200,G0052,3,212.87,2024-10-05,
1085,2,G0021,-3,145.46,2024-08-11,
1086,5,G0066,2,241.7,2025-05-30,
1087,269,G0034,2,227.51,2024-08-13,
1088,138,G0071,1,106.46,2024-06-24,
1089,274,G0031,2,339.08,2024-02-10,
1090,143,G0018,2,221.9,2024-02-22,
1091,128,G0027,3,76.44,2024-04-28,
1092,178,G0078,2,244.12,2024-11-28,
1093,282,G0034,3,227.51,2024-05-16,
1094,151,G0042,1,256.09,2024-01-11,
1095,113,G0036,1,99.02,2024-09-19,PROMO01
1096,196,G0033,3,217.97,2024-07-30,
1097,113,G0042,2,256.09,2024-07-27,
1098,203,G0020,2,74.45,2024-08-25,
1099,223,G0048,1,116.64,2025-05-05,
1100,93,G0059,1,200.65,2024-06-29,
1101,252,G0024,3,136.07,2024-10-15,
1102,84,G0023,2,52.23,2024-07-11,
1103,37,G0055,1,207.21,2025-04-10,PROMO04
1104,52,G0068,-1,125.73,2024-01-13,
1105,194,G0050,1,209.49,2024-04-22,
1106,23,G0017,1,148.16,2024-03-26,
1107,7,G0002,1,51.59,2024-12-12,PROMO01
1108,104,G0018,2,221.9,2025-03-30,
1109,158,G0043,2,253.63,2024-06-07,
1110,279,G0035,3,169.53,2024-05-06,
1111,23,G0014,3,297.49,2024-10-30,
1112,213,G0019,1,354.11,2024-08-17,
1113,219,G0050,1,209.49,2024-12-27,
1114,116,G0050,3,209.49,2024-02-30,
1115,57,G0029,1,228.35,2024-10-15,
1116,171,G0016,2,233.36,2024-03-27,PROMO02
1117,92,G0055,3,207.21,2024-12-08,
1118,218,G0020,-3,74.45,2024-11-04,
1119,147,G0045,1,245.46,2024-10-04,PROMO03
1120,136,G0010,1,273.15,2024-06-01,
1121,76,G0041,1,113.26,2025-02-03,
1122,245,G0009,1,176.47,2025-03-13,PROMO03
1123,75,G0012,2,305.64,2024-05-10,
1124,198,G0046,2,255.5,2025-05-21,
1125,212,G0078,3,244.12,2024-12-07,
1126,126,G0050,2,209.49,2023-00-10,
1127,253,G0069,3,80.63,2024-08-23,
1128,298,G0054,3,366.84,2024-08-12,
1129,121,G0047,1,224.62,2024-07-27,PROMO01
1130,186,G0072,2,366.53,2024-05-16,PROMO01
1131,179,G0047,1,224.62,2024-10-28,
1132,283,G0054,1,366.84,2024-08-03,
1133,29,G0018,1,221.9,2024-05-26,
1134,14,G0055,2,207.21,2024-02-25,
1135,298,G0010,2,273.15,2024-06-10,
1136,188,G0019,1,354.11,2024-09-07,
1137,292,G0054,1,366.84,2024-07-05,
1138,72,G0068,3,125.73,2024-11-02,
1139,173,G0057,3,123.21,2024-01-14,
1140,80,G0008,3,134.23,2024-02-02,
1141,89,G0065,1,277.19,2024-01-12,
1142,217,G0059,3,200.65,2024-09-21,PROMO03
1143,117,G0055,1,207.21,2024-10-05,PROMO04
1144,65,G0028,2,74.77,2024-02-27,
1145,95,G0072,-3,366.53,2024-03-20,
1146,240,G0062,2,100.05,2025-02-18,
1147,85,G0007,2,55.49,2025-03-10,
1148,56,G0014,1,297.49,2025-01-06,
1149,172,G0004,1,107.07,2024-10-15,
1150,55,G0009,1,176.47,2024-01-12,
1151,159,G0025,3,216.35,2024-07-25,
1152,17,G0031,2,339.08,2024-03-28,PROMO01
1153,289,G0062,1,100.05,2024-02-19,
1154,159,G0002,2,51.59,2024-10-16,PROMO02
1155,162,G0051,3,255.86,2024-12-30,PROMO01
1156,170,G0053,3,64.52,2025-05-30,
1157,77,G0004,3,107.07,2025-01-26,
1158,20,G0038,1,355.75,2024-06-04,
1159,41,G0012,3,305.64,2024-08-25,PROMO02
1160,83,G0065,3,277.19,2025-06-19,PROMO03
1161,230,G0017,2,148.16,2024-10-24,
1162,221,G0006,3,65.4,2025-01-31,
1163,39,G0020,3,74.45,2025-05-24,
1164,8,G0019,2,354.11,2024-03-30,
1165,233,G0041,1,113.26,2024-10-29,
1166,144,G0074,2,157.49,2024-12-27,
1167,92,G0059,2,200.65,2025-04-29,PROMO04
1168,72,G0016,3,233.36,2025-05-14,
1169,147,G0052,2,212.87,2024-05-12,
1170,263,G9031,2,138.35,2025-01-17,
1171,930,G0065,2,277.19,2024-09-26,PROMO01
1172,30,G0032,3,84.76,2024-01-09,
1173,54,G0038,2,355.75,2024-06-11,
1174,38,G0029,2,228.35,2025-04-18,
1175,179,G0060,2,216.3,2025-04-21,
1176,93,G0014,2,297.49,2025-03-19,
1177,169,G0009,2,176.47,2024-12-16,PROMO04
1178,109,G0061,1,172.06,2024-10-12,
1179,280,G0020,2,74.45,2024-05-29,
1180,164,G0073,1,179.77,2025-01-24,
1181,186,G0056,2,278.01,2024-08-06,
1182,12,G0055,2,207.21,2024-09-15,
1183,43,G0019,1,354.11,2024-10-07,
1184,153,G0058,2,231.17,2025-06-21,
1185,133,G0024,1,136.07,2024-04-04,PROMO04
1186,176,G0039,1,266.45,2024-07-22,
1187,215,G0062,2,100.05,2024-06-13,PROMO04
1188,182,G0074,2,157.49,2024-01-11,
1189,102,G0010,3,273.15,2024-05-28,
1190,163,G0002,1,51.59,2025-04-14,PROMO04
1191,163,G0015,3,191.62,2025-02-20,
1192,2,G0058,1,231.17,2025-04-05,
1193,297,G0013,1,273.26,2024-08-11,
1194,97,G0054,3,366.84,2024-06-19,
1195,111,G0045,1,245.46,2024-07-14,PROMO01
1196,190,G0047,1,224.62,2024-11-05,PROMO01
1197,256,G0059,2,200.65,2025-02-24,
1198,278,G0055,3,207.21,2024-12-09,
1199,91,G0059,2,200.65,2025-01-17,
1200,84,G0070,2,49.92,2024-14-05,
1201,224,G0037,3,217.09,2024-04-11,PROMO01
1202,46,G0003,3,150.98,2025-02-25,
1203,279,G0013,3,273.26,2025-03-30,
1204,17,G0038,2,355.75,2024-08-04,
1205,233,G0071,2,106.46,2024-04-27,
1206,241,G0016,2,233.36,2025-04-20,
1207,203,G0001,2,124.6,2023-00-10,
1208,138,G0034,2,227.51,2025-02-28,
1209,3,G0054,1,366.84,2024-01-16,
1210,192,G0067,3,207.06,2024-11-21,
1211,293,G0056,1,278.01,2025-02-04,
1212,202,G0007,3,55.49,2025-03-15,
1213,200,G0023,2,52.23,2024-11-21,
1214,224,G0030,1,212.39,2024-05-09,
1215,296,G0051,3,255.86,2024-09-23,
1216,82,G0042,1,256.09,2024-04-05,
1217,224,G0002,3,51.59,2024-06-05,
1218,279,G0011,3,104.53,2025-01-26,
1219,67,G0059,3,200.65,2025-01-01,
1220,114,G0039,1,266.45,2024-09-08,
1221,194,G0034,3,227.51,2024-02-22,
1222,74,G0003,3,150.98,2024-04-15,
1223,63,G0014,1,297.49,2024-10-16,
1224,93,G0012,1,305.64,2025-05-21,
1225,107,G0051,1,255.86,2025-05-17,
1226,212,G0010,2,273.15,2024-03-19,
1227,215,G0049,2,120.16,2025-04-06,
1228,93,G0039,1,266.45,2023-00-10,
1229,17,G0016,2,233.36,2024-12-21,
1230,280,G0001,1,124.6,2025-06-18,
1231,63,G0025,3,216.35,2024-01-31,
1232,266,G0066,1,241.7,2024-08-09,PROMO01
1233,112,G0004,2,107.07,2024-05-21,
1234,65,G0035,2,169.53,2025-05-08,
1235,48,G0045,3,245.46,2024-10-28,
1236,254,G0056,3,278.01,2025-02-13,PROMO03
1237,89,G0026,3,81.24,2024-10-14,PROMO01
1238,299,G0076,2,255.11,2024-06-18,
1239,250,G0056,2,278.01,2025-03-09,
1240,140,G0041,3,113.26,2024-04-20,
1241,220,G0026,3,81.24,2024-12-27,
1242,33,G0058,1,231.17,2024-02-04,PROMO03
1243,210,G0038,3,355.75,2025-06-27,
1244,16,G0015,1,191.62,2024-11-26,
1245,923,G0046,1,255.5,2024-03-15,
1246,191,G0048,1,116.64,2024-11-17,
1247,164,G0002,3,51.59,2024-12-02,
1248,291,G0042,1,256.09,2024-03-08,
1249,109,G0068,1,125.73,2024-04-15,
1250,39,G0074,3,157.49,2025-03-07,
1251,223,G0041,2,113.26,2024-07-21,
1252,253,G0064,1,85.91,2024-10-08,
1253,64,G0058,1,231.17,2024-11-30,
1254,122,G0074,1,157.49,2024-10-18,
1255,295,G0001,2,124.6,2024-10-18,
1256,207,G0005,3,289.63,2025-06-24,
1257,9,G0009,2,176.47,2024-04-07,
1258,213,G0039,2,266.45,2024-11-20,
1259,205,G0011,3,104.53,2024-11-16,
1260,25,G0051,2,255.86,2025-04-10,
1261,63,G0048,3,116.64,2024-04-15,
1262,25,G0002,1,51.59,2024-04-17,PROMO04
1263,116,G0022,1,337.9,2024-07-14,
1264,189,G0069,1,80.63,2024-02-23,
1265,23,G0015,1,191.62,2024-11-07,
1266,169,G0079,2,243.27,2024-10-03,
1267,71,G0075,2,58.76,2024-05-02,
1268,76,G0075,2,58.76,2025-04-02,
1269,268,G0068,1,125.73,2025-05-04,
1270,144,G0042,3,-256.09,2025-05-09,
1271,136,G0038,3,355.75,2024-03-25,
1272,125,G0027,3,76.44,2024-03-20,
1273,254,G0008,1,134.23,2024-01-14,
1274,240,G0050,1,209.49,2025-05-14,
1275,107,G0076,3,255.11,2025-06-10,PROMO03
1276,233,G0020,3,74.45,2024-04-18,PROMO02
1277,187,G0050,2,209.49,2025-06-09,
1278,205,G0025,1,216.35,2024-10-11,
1279,158,G0074,3,157.49,2024-04-14,
1280,55,G0015,1,191.62,2024-01-17,PROMO02
1281,137,G0004,2,107.07,2025-06-27,
1282,136,G0016,3,233.36,2024-03-27,
1283,945,G0020,2,74.45,2025-05-29,
1284,171,G0007,2,55.49,2024-10-06,
1285,26,G0049,3,120.16,2025-03-08,
1286,97,G0052,1,212.87,2024-10-09,
1287,253,G0067,2,207.06,2024-04-21,
1288,128,G0015,1,191.62,2024-04-27,
1289,19,G0074,2,157.49,2024-09-01,
1290,52,G0036,1,99.02,2025-02-18,
1291,52,G0029,3,228.35,2024-10-01,
1292,88,G0027,2,76.44,2024-14-05,
1293,148,G0001,1,124.6,2024-07-08,
1294,245,G0040,3,146.36,2024-09-01,
1295,36,G0022,1,337.9,2024-12-06,PROMO02
1296,7,G0061,-2,172.06,2024-12-08,
1297,136,G0010,1,273.15,2024-01-10,
1298,243,G0075,1,58.76,2025-05-15,PROMO04
1299,57,G0006,1,65.4,2024-10-24,
1300,269,G0065,1,277.19,2024-05-30,
1301,52,G0039,3,266.45,2024-12-09,
1302,180,G0070,2,49.92,2025-05-13,
1303,235,G0002,2,51.59,2024-11-04,
1304,266,G0077,2,171.46,2024-04-25,
1305,266,G0003,1,150.98,2025-02-24,PROMO02
1306,183,G0064,1,85.91,2024-09-07,
1307,221,G0047,1,224.62,2024-04-01,
1308,194,G0014,2,-297.49,2025-04-05,PROMO02
1309,136,G0045,2,245.46,2025-02-04,
1310,142,G0040,1,146.36,2024-02-12,
1311,176,G0079,1,243.27,2025-03-19,
1312,291,G0045,2,245.46,2024-04-22,PROMO04
1313,76,G0060,3,216.3,2024-06-02,
1314,149,G0080,3,138.35,2024-06-15,
1315,148,G0009,2,176.47,2024-01-16,
1316,112,G0037,3,217.09,2024-05-06,
1317,157,G0001,2,124.6,2024-12-26,
1318,1,G0007,2,55.49,2024-05-21,
1319,146,G0065,3,277.19,2024-06-07,PROMO03
1320,74,G0026,2,81.24,2024-03-23,
1321,928,G0061,2,172.06,2024-09-11,
1322,198,G0055,2,207.21,2024-04-10,PROMO03
1323,160,G0023,3,52.23,2025-03-22,
1324,166,G0075,1,58.76,2024-07-23,
1325,214,G0071,1,106.46,2024-11-04,
1326,153,G0073,3,179.77,2025-04-17,
1327,193,G0056,1,278.01,2024-05-21,
1328,161,G9010,3,277.19,2025-01-01,
1329,219,G0060,2,216.3,2025-02-24,
1330,287,G0004,2,107.07,2024-03-31,
1331,155,G0032,3,84.76,2025-06-08,
1332,279,G0073,2,179.77,2024-02-24,
1333,202,G0017,2,148.16,2024-01-07,
1334,266,G0059,1,200.65,2024-03-27,
1335,55,G0043,3,253.63,2024-04-09,
1336,290,G0062,3,100.05,2024-12-05,PROMO01
1337,300,G0066,3,241.7,2024-02-24,
1338,265,G0019,3,354.11,2025-05-22,
1339,80,G0039,3,266.45,2024-11-14,
1340,4,G0063,3,121.9,2024-07-24,
1341,1,G0020,3,74.45,2024-05-03,
1342,127,G0027,1,76.44,2025-04-30,
1343,259,G0057,2,123.21,2024-02-26,PROMO03
1344,208,G0062,1,100.05,2024-08-28,
1345,280,G0034,3,227.51,2025-03-25,PROMO01
1346,222,G0019,3,354.11,2024-01-23,
1347,124,G0022,3,337.9,2024-07-24,
1348,149,G0038,3,355.75,2024-04-12,PROMO04
1349,189,G0036,2,99.02,2025-01-30,
1350,55,G0060,2,216.3,2025-03-11,
1351,146,G0059,1,200.65,2025-02-02,
1352,156,G0005,3,289.63,2025-03-31,
1353,182,G0018,2,221.9,2025-04-14,
1354,82,G0046,3,255.5,2025-05-30,
1355,269,G0050,3,209.49,2024-03-05,
1356,78,G0046,3,255.5,2024-12-13,
1357,72,G0036,3,99.02,2024-11-06,PROMO01
1358,248,G0049,2,120.16,2024-07-03,
1359,260,G0068,2,125.73,2024-05-12,
1360,298,G0045,3,245.46,2025-02-17,
1361,16,G0021,1,145.46,2024-04-08,
1362,256,G0061,2,172.06,2024-08-25,PROMO02
1363,54,G0023,3,52.23,2025-01-28,
1364,216,G0009,1,176.47,2024-09-13,
1365,38,G0057,2,123.21,2024-01-31,PROMO03
1366,56,G0058,2,231.17,2024-05-16,PROMO02
1367,101,G0033,2,217.97,2025-03-24,
1368,116,G0026,3,81.24,2024-06-14,
1369,271,G0025,1,216.35,2024-01-25,
1370,50,G0027,1,76.44,2024-05-23,PROMO03
1371,209,G0073,3,179.77,2024-03-14,
1372,271,G0064,1,85.91,2024-07-31,
1373,243,G0065,2,277.19,2024-12-31,
1374,287,G0018,1,221.9,2025-03-25,
1375,193,G0010,3,273.15,2024-03-21,
1376,265,G0039,1,266.45,2024-04-30,
1377,27,G0077,3,171.46,2024-12-04,
1378,149,G0033,2,217.97,2025-01-01,
1379,81,G0037,1,217.09,2024-09-04,PROMO03
1380,205,G0080,1,138.35,2024-04-23,
1381,135,G0004,1,107.07,2024-12-12,
1382,103,G9028,1,253.63,2024-05-22,
1383,169,G0008,1,134.23,2025-05-20,
1384,289,G0079,3,243.27,2024-02-06,
1385,37,G0054,3,366.84,2024-03-23,PROMO04
1386,67,G0035,3,169.53,2024-02-12,
1387,255,G0065,1,277.19,2024-12-24,
1388,156,G0030,1,212.39,2024-02-26,
1389,101,G0069,3,80.63,2025-01-23,
1390,10,G0071,2,106.46,2024-02-23,
1391,194,G0017,2,148.16,2025-03-13,
1392,60,G0057,1,123.21,2025-01-11,
1393,176,G0056,1,278.01,2024-08-31,
1394,6,G0030,2,212.39,2024-02-16,PROMO01
1395,128,G0008,1,134.23,2024-02-28,
1396,93,G0037,1,217.09,2024-11-17,
1397,921,G0038,1,355.75,2025-02-11,
1398,63,G0010,1,273.15,2024-09-13,PROMO02
1399,254,G0046,1,255.5,2025-03-30,
1400,188,G0071,2,106.46,2024-09-07,
1401,137,G0041,3,113.26,2025-05-30,
1402,178,G0053,3,64.52,2025-05-12,
1403,105,G0018,3,221.9,2024-08-24,
1404,284,G0027,1,76.44,2025-01-16,
1405,73,G0005,1,289.63,2025-03-26,
1406,233,G0015,1,191.62,2025-05-25,
1407,139,G0036,3,99.02,2025-01-28,
1408,44,G0008,2,134.23,2025-01-28,
1409,196,G0050,2,209.49,2024-02-15,
1410,195,G0024,3,136.07,2025-03-17,
1411,157,G0005,3,289.63,2024-12-22,PROMO03
1412,135,G0076,1,255.11,2024-01-29,
1413,223,G0055,3,207.21,2024-02-28,
1414,284,G0050,-3,209.49,2024-10-21,PROMO04
1415,218,G0074,3,157.49,2025-06-15,
1416,196,G0060,3,216.3,2024-08-31,
1417,8,G0036,3,99.02,2024-10-07,
1418,128,G0070,2,-49.92,2024-12-11,
1419,20,G0079,2,243.27,2025-01-05,
1420,129,G0078,1,244.12,2024-05-07,
1421,165,G0034,1,-227.51,2025-03-30,
1422,226,G0002,2,51.59,2024-02-30,PROMO04
1423,285,G0028,2,74.77,2024-02-29,
1424,41,G0036,3,99.02,2024-11-17,PROMO04
1425,93,G0034,2,227.51,2024-09-22,PROMO02
1426,117,G0023,1,52.23,2024-02-20,
1427,20,G0024,3,136.07,2025-06-02,PROMO03
1428,917,G0071,3,106.46,2024-08-21,
1429,133,G0033,1,217.97,2024-12-27,
1430,23,G0077,1,171.46,2024-12-24,
1431,260,G0057,1,123.21,2025-06-07,
1432,105,G0042,3,256.09,2025-01-15,
1433,213,G0010,3,273.15,2025-03-12,PROMO02
1434,13,G0042,3,256.09,2025-01-03,
1435,209,G0048,2,116.64,2024-10-28,
1436,83,G0048,1,116.64,2024-10-24,PROMO01
1437,55,G0078,1,244.12,2024-11-16,
1438,261,G0075,3,58.76,2024-12-18,PROMO04
1439,299,G0005,3,289.63,2024-06-02,
1440,41,G0010,1,273.15,2025-05-30,PROMO04
1441,276,G0016,3,233.36,2024-02-22,
1442,269,G0067,2,207.06,2024-11-20,
1443,295,G0038,1,355.75,2024-12-02,
1444,186,G0030,2,212.39,2024-11-18,
1445,60,G0031,2,339.08,2025-02-23,
1446,181,G0072,3,366.53,2024-03-19,PROMO04
1447,118,G0058,2,231.17,2024-08-23,
1448,65,G0069,1,80.63,2025-02-21,
1449,71,G0078,2,244.12,2024-10-20,
1450,61,G0011,2,104.53,2025-03-07,
1451,76,G0074,2,157.49,2024-07-21,PROMO04
1452,8,G0022,1,337.9,2025-03-04,
1453,284,G0061,3,172.06,2024-04-13,
1454,18,G0056,1,278.01,2024-06-19,PROMO02
1455,264,G0068,2,125.73,2023-00-10,
1456,206,G0072,1,366.53,2024-10-27,
1457,173,G0076,3,255.11,2024-04-20,PROMO01
1458,38,G0046,2,255.5,2025-02-22,
1459,224,G0038,2,355.75,2024-05-17,
1460,261,G0011,1,104.53,2024-01-08,
1461,190,G0059,2,200.65,2024-11-24,
1462,261,G0076,2,255.11,2024-04-09,
1463,253,G0044,1,283.11,2025-06-14,PROMO04
1464,147,G0042,2,256.09,2024-11-22,
1465,74,G0006,3,65.4,2024-08-03,
1466,143,G0074,3,157.49,2024-11-17,
1467,146,G0022,1,337.9,2024-10-21,
1468,225,G9034,1,228.35,2024-10-22,PROMO03
1469,55,G0030,3,212.39,2024-10-12,
1470,106,G0071,3,106.46,2024-06-21,
1471,21,G0070,3,49.92,2024-07-18,
1472,14,G0048,1,116.64,2024-10-15,PROMO04
1473,228,G0067,1,207.06,2025-04-09,
1474,57,G0016,2,233.36,2025-03-18,
1475,45,G0018,2,221.9,2024-04-29,PROMO01
1476,114,G0010,2,273.15,2024-06-09,
1477,142,G0059,3,200.65,2025-06-09,
1478,38,G0041,1,113.26,2025-03-19,
1479,267,G0041,1,113.26,2024-02-06,PROMO01
1480,126,G0018,3,221.9,2025-01-20,PROMO02
1481,101,G0034,2,227.51,2024-06-04,
1482,96,G0064,2,85.91,2024-05-14,
1483,46,G0067,3,207.06,2024-08-07,
1484,35,G0063,3,121.9,2024-08-01,
1485,20,G0054,3,366.84,2024-09-26,
1486,299,G0031,3,339.08,2024-12-23,
1487,93,G0039,1,-266.45,2024-10-26,
1488,251,G0051,3,255.86,2024-12-31,
1489,152,G0013,1,273.26,2024-04-25,PROMO03
1490,215,G0058,2,231.17,2024-09-10,
1491,60,G0023,2,52.23,2024-11-22,
1492,178,G0051,3,255.86,2024-05-11,
1493,248,G0063,3,121.9,2025-02-25,
1494,15,G0038,2,355.75,2025-06-03,
1495,210,G0008,3,134.23,2024-11-26,
1496,163,G0053,2,64.52,2025-03-28,
1497,134,G0007,2,55.49,2025-05-12,
1498,174,G0006,2,65.4,2025-04-03,
1499,294,G0022,3,337.9,2024-07-30,
1500,57,G0079,3,243.27,2024-12-03,
1501,277,G0003,3,150.98,2024-01-22,
1502,47,G0043,-2,253.63,2024-03-05,
1503,266,G0027,2,76.44,2024-07-22,PROMO04
1504,118,G0038,1,355.75,2025-01-17,
1505,111,G0071,3,106.46,2024-09-11,PROMO01
1506,11,G0068,1,125.73,2025-05-28,
1507,249,G0006,1,65.4,2024-10-16,
1508,118,G0032,1,84.76,2024-10-05,
1509,194,G0052,1,-212.87,2024-10-03,PROMO01
1510,38,G0065,3,277.19,2025-03-01,
1511,278,G0078,1,244.12,2024-04-07,
1512,201,G0025,3,216.35,2024-11-15,
1513,218,G0066,3,241.7,2024-01-24,
1514,235,G0026,1,81.24,2024-09-27,PROMO04
1515,193,G0038,2,355.75,2024-02-30,
1516,209,G0072,2,366.53,2025-05-09,
1517,274,G0065,1,277.19,2025-01-26,
1518,255,G0051,2,255.86,2024-04-20,
1519,296,G0004,2,107.07,2024-08-25,
1520,245,G0073,1,179.77,2024-11-14,
1521,43,G0013,3,273.26,2024-06-22,
1522,251,G0076,1,255.11,2024-03-26,
1523,243,G0067,3,207.06,2024-08-26,
1524,253,G0033,2,217.97,2024-11-14,
1525,78,G0005,2,289.63,2025-02-20,PROMO03
1526,108,G0072,2,366.53,2025-05-26,
1527,121,G0042,2,256.09,2025-05-09,
1528,42,G9030,2,-297.49,2024-03-20,
1529,7,G0021,3,145.46,2024-05-04,
1530,225,G0015,1,191.62,2025-03-10,
1531,269,G0063,1,121.9,2025-03-04,
1532,152,G0016,2,233.36,2024-10-28,
1533,139,G0067,2,207.06,2025-01-15,
1534,85,G0019,2,354.11,2025-06-19,
1535,191,G0067,3,207.06,2024-09-14,
1536,108,G0043,3,253.63,2024-05-18,
1537,243,G0002,2,51.59,2025-03-02,
1538,241,G0009,1,176.47,2024-11-15,
1539,103,G0013,3,273.26,2025-04-14,
1540,32,G0080,2,138.35,2024-06-09,
1541,287,G0029,2,228.35,2024-01-15,PROMO03
1542,146,G0055,3,207.21,2024-11-09,
1543,207,G0033,3,217.97,2024-07-26,
1544,79,G0014,3,297.49,2024-08-09,
1545,135,G0073,1,179.77,2024-05-09,
1546,197,G0043,3,253.63,2024-10-10,PROMO04
1547,108,G0022,1,-337.9,2024-08-25,PROMO01
1548,76,G0019,1,354.11,2025-05-01,PROMO03
1549,40,G0007,1,-55.49,2025-06-07,
1550,218,G0061,2,172.06,2024-11-05,
1551,61,G0031,3,339.08,2023-00-10,
1552,198,G0061,2,172.06,2024-11-15,
1553,163,G0068,1,125.73,2024-08-07,PROMO03
1554,74,G0056,3,278.01,2025-03-28,
1555,129,G0016,3,233.36,2025-03-21,
1556,92,G0004,2,107.07,2025-04-22,
1557,178,G0055,1,207.21,2024-07-14,
1558,92,G0002,1,51.59,2025-03-28,
1559,100,G9043,3,124.6,2024-11-13,
1560,189,G0033,3,217.97,2024-01-14,
1561,18,G0036,3,99.02,2025-05-05,
1562,130,G0036,3,99.02,2024-02-28,PROMO01
1563,242,G0078,3,244.12,2025-04-10,
1564,243,G0070,1,49.92,2024-02-09,
1565,79,G0023,1,52.23,2024-03-25,
1566,62,G0008,2,134.23,2024-03-04,
1567,279,G0036,1,99.02,2024-01-18,
1568,163,G0022,3,337.9,2025-01-10,
1569,207,G0054,3,366.84,2024-03-03,
1570,257,G0019,3,354.11,2024-09-30,
1571,228,G0006,2,65.4,2024-07-22,
1572,210,G0023,3,52.23,2024-01-04,
1573,288,G0045,1,245.46,2024-12-15,
1574,45,G0073,2,179.77,2024-03-31,
1575,47,G0024,3,136.07,2024-03-29,
1576,11,G0022,1,337.9,2024-08-10,
1577,236,G0011,3,104.53,2024-09-09,
1578,98,G0017,2,148.16,2024-02-24,
1579,147,G0023,2,52.23,2024-05-23,
1580,212,G0029,1,228.35,2024-10-06,PROMO02
1581,152,G0034,3,227.51,2025-03-26,
1582,251,G0046,3,255.5,2025-01-07,
1583,268,G0058,3,231.17,2024-06-23,
1584,300,G0050,1,209.49,2024-08-03,PROMO04
1585,178,G0037,1,217.09,2024-12-16,
1586,258,G0071,3,106.46,2024-10-02,
1587,108,G0034,1,227.51,2025-04-23,
1588,60,G0067,3,207.06,2024-07-09,
1589,240,G0076,2,255.11,2025-01-16,
1590,18,G0042,3,256.09,2024-04-17,
1591,5,G0021,2,145.46,2025-05-01,
1592,52,G0024,2,136.07,2024-11-09,
1593,280,G0024,1,136.07,2025-03-25,
1594,234,G0076,3,255.11,2025-03-21,
1595,243,G0032,2,84.76,2025-01-17,
1596,248,G0052,2,212.87,2024-02-11,PROMO02
1597,260,G0014,2,297.49,2025-03-12,
1598,296,G0052,3,212.87,2024-01-30,
1599,86,G0039,3,266.45,2025-06-20,
1600,291,G0018,1,221.9,2024-12-07,
1601,28,G0012,-2,305.64,2024-05-24,
1602,235,G0051,1,255.86,2025-04-16,
1603,76,G0026,1,81.24,2024-11-04,
1604,95,G0031,1,339.08,2025-03-23,
1605,126,G0020,3,74.45,2025-01-18,
1606,82,G0045,1,245.46,2025-04-27,
1607,202,G0028,2,74.77,2025-01-20,
1608,125,G0013,2,273.26,2023-00-10,
1609,69,G0052,2,212.87,2024-10-16,
1610,218,G0077,2,171.46,2024-03-14,
1611,14,G0029,3,228.35,2024-07-01,
1612,189,G0047,2,224.62,2025-05-28,
1613,204,G0010,3,273.15,2024-08-23,
1614,97,G0006,1,65.4,2024-11-05,
1615,174,G0050,3,209.49,2024-07-03,
1616,146,G0040,-2,146.36,2025-05-07,
1617,216,G0023,1,52.23,2025-02-11,
1618,55,G0060,1,216.3,2024-12-20,
1619,52,G0052,1,212.87,2024-06-13,
1620,295,G0065,2,277.19,2025-04-10,
1621,206,G0055,1,207.21,2024-11-06,
1622,60,G0078,2,244.12,2025-05-29,
1623,243,G0043,3,253.63,2025-01-08,
1624,92,G0055,3,207.21,2025-01-27,PROMO01
1625,77,G0001,2,124.6,2024-09-21,
1626,233,G0056,1,278.01,2025-04-20,
1627,63,G0063,2,121.9,2025-01-10,
1628,190,G0033,2,217.97,2024-12-11,
1629,13,G0070,2,49.92,2024-07-02,
1630,214,G0003,2,150.98,2024-11-28,
1631,19,G0077,1,171.46,2024-12-31,
1632,273,G0051,1,255.86,2024-06-28,
1633,49,G0017,3,148.16,2024-05-28,
1634,221,G0036,2,99.02,2025-04-14,
1635,125,G0068,3,125.73,2025-04-14,
1636,168,G0048,1,116.64,2024-05-30,
1637,52,G0049,3,120.16,2024-03-21,
1638,155,G0055,2,207.21,2024-01-23,
1639,132,G0011,2,104.53,2024-04-29,
1640,293,G0034,2,227.51,2025-06-10,
1641,125,G0007,2,55.49,2025-04-29,
1642,224,G0036,3,99.02,2024-07-09,
1643,24,G0078,2,244.12,2024-07-04,
1644,140,G0001,2,124.6,2024-07-31,
1645,213,G0017,2,148.16,2024-09-30,
1646,163,G0013,1,273.26,2024-08-18,
1647,167,G0029,1,228.35,2024-10-21,
1648,236,G0076,2,255.11,2024-12-02,
1649,907,G0072,1,366.53,2024-12-17,
1650,178,G0057,1,123.21,2025-04-18,PROMO04
1651,108,G0069,3,80.63,2024-06-23,
1652,131,G0052,1,212.87,2024-03-21,
1653,288,G0045,1,245.46,2024-07-31,
1654,272,G0048,2,116.64,2024-10-25,
1655,232,G0060,1,216.3,2024-06-08,
1656,86,G0080,2,138.35,2025-03-17,
1657,12,G0037,3,217.09,2025-05-17,PROMO04
1658,276,G0017,2,148.16,2024-05-06,
1659,112,G0028,1,74.77,2024-10-23,
1660,82,G0052,3,212.87,2025-02-22,
1661,112,G0054,3,-366.84,2024-10-12,
1662,186,G0014,3,297.49,2024-11-21,
1663,273,G0051,1,255.86,2025-02-17,
1664,238,G0037,2,217.09,2024-06-09,PROMO02
1665,205,G0037,1,217.09,2025-06-29,
1666,238,G0023,3,52.23,2024-04-10,
1667,215,G0054,2,366.84,2024-07-12,
1668,115,G0018,3,221.9,2025-05-30,PROMO04
1669,12,G0042,3,256.09,2024-09-12,
1670,242,G0012,2,305.64,2024-01-24,
1671,200,G0071,-3,106.46,2024-07-16,PROMO02
1672,235,G0048,3,116.64,2024-09-02,
1673,103,G0042,1,256.09,2024-10-27,
1674,16,G0027,3,76.44,2023-00-10,
1675,228,G0031,1,339.08,2025-04-17,
1676,57,G0078,2,244.12,2024-06-12,
1677,36,G0001,3,124.6,2024-02-03,
1678,209,G0067,2,207.06,2025-01-29,
1679,214,G0034,3,227.51,2024-05-03,
1680,274,G0004,2,107.07,2025-05-07,
1681,31,G0038,2,355.75,2024-02-10,
1682,262,G0057,2,123.21,2024-05-07,
1683,135,G0075,1,58.76,2024-06-22,
1684,174,G0019,1,354.11,2025-05-09,
1685,50,G0043,3,253.63,2024-03-16,
1686,252,G0032,2,84.76,2024-12-16,
1687,228,G0043,2,253.63,2024-09-21,
1688,19,G0018,1,221.9,2025-06-18,
1689,114,G0048,3,116.64,2025-01-06,
1690,158,G0021,3,145.46,2024-11-08,
1691,226,G0038,1,355.75,2024-05-11,
1692,150,G0050,2,209.49,2024-08-21,
1693,109,G0075,2,58.76,2024-05-31,
1694,133,G0047,3,224.62,2025-06-04,
1695,265,G0052,2,212.87,2024-06-23,PROMO02
1696,257,G0041,3,113.26,2025-01-18,
1697,249,G0022,3,337.9,2025-05-08,
1698,195,G0002,3,51.59,2024-03-07,
1699,159,G0027,1,76.44,2024-06-02,
1700,62,G0026,2,81.24,2025-05-25,
1701,7,G0068,1,125.73,2024-07-26,
1702,17,G0052,3,212.87,2024-04-11,PROMO01
1703,139,G0071,3,106.46,2024-03-22,PROMO01
1704,229,G0073,3,179.77,2024-09-10,
1705,94,G0032,1,84.76,2025-04-12,
1706,137,G0071,2,106.46,2024-04-03,
1707,33,G9009,3,148.16,2024-11-06,
1708,117,G0032,3,84.76,2025-05-03,
1709,275,G0007,2,55.49,2024-03-15,
1710,60,G0057,1,123.21,2025-05-02,
1711,278,G0076,1,255.11,2025-05-13,
1712,5,G0075,2,58.76,2024-04-24,
1713,227,G0025,3,216.35,2025-04-12,PROMO03
1714,209,G0077,2,171.46,2025-05-19,
1715,169,G0065,2,277.19,2025-06-10,
1716,154,G0034,3,227.51,2024-09-11,
1717,288,G0065,2,277.19,2025-03-26,
1718,94,G0063,1,121.9,2024-11-22,PROMO04
1719,254,G0021,1,145.46,2024-03-08,
1720,156,G0013,2,273.26,2024-12-16,
1721,276,G0024,1,136.07,2024-04-21,
1722,110,G0040,3,146.36,2024-11-08,
1723,272,G0061,1,172.06,2024-11-03,PROMO02
1724,293,G0020,2,74.45,2024-06-09,
1725,203,G0022,1,337.9,2024-06-09,
1726,265,G0061,3,172.06,2025-03-02,
1727,138,G0030,2,212.39,2025-04-28,PROMO03
1728,190,G0019,2,354.11,2024-12-07,
1729,162,G0058,2,231.17,2025-03-11,
1730,214,G0001,2,124.6,2024-02-26,PROMO03
1731,72,G0059,2,200.65,2024-01-20,
1732,104,G0027,3,76.44,2024-09-19,
1733,192,G0004,2,107.07,2025-03-13,
1734,167,G0072,3,366.53,2024-07-23,
1735,258,G0057,2,123.21,2024-04-19,
1736,83,G0042,3,256.09,2025-05-06,PROMO04
1737,24,G0050,3,209.49,2025-05-13,
1738,193,G0008,1,134.23,2024-02-27,
1739,927,G0069,2,80.63,2025-03-24,PROMO01
1740,242,G0018,3,221.9,2024-03-16,
1741,212,G0020,1,74.45,2024-11-02,
1742,288,G0012,2,305.64,2024-09-08,
1743,280,G0034,3,227.51,2025-06-27,
1744,12,G0018,1,221.9,2024-11-17,PROMO03
1745,229,G0028,-1,74.77,2024-14-05,
1746,236,G0047,2,224.62,2024-07-22,
1747,133,G0033,3,217.97,2023-00-10,
1748,211,G0055,2,207.21,2025-05-13,
1749,271,G0008,3,134.23,2025-01-17,
1750,224,G0005,3,289.63,2024-11-30,
1751,252,G0037,3,217.09,2024-12-07,
1752,39,G0073,1,179.77,2024-04-25,
1753,263,G0012,3,305.64,2025-04-24,
1754,98,G0010,3,273.15,2025-03-17,
1755,239,G0058,3,231.17,2024-06-04,
1756,38,G0024,-3,136.07,2024-02-30,
1757,222,G0003,2,150.98,2024-10-27,
1758,200,G0003,1,150.98,2024-08-18,
1759,78,G0034,1,227.51,2024-11-30,
1760,103,G0074,2,157.49,2024-06-05,
1761,76,G0027,2,76.44,2024-02-30,
1762,274,G0078,1,244.12,2024-05-10,
1763,36,G0042,2,256.09,2024-08-23,
1764,104,G0039,1,266.45,2025-03-10,PROMO02
1765,112,G0046,1,255.5,2024-05-20,PROMO04
1766,64,G0049,1,120.16,2025-03-30,PROMO02
1767,195,G0007,2,55.49,2025-03-25,
1768,106,G0049,3,120.16,2024-05-07,
1769,90,G0065,3,277.19,2025-06-12,
1770,108,G0016,2,-233.36,2025-01-01,
1771,163,G0054,1,366.84,2024-08-03,PROMO03
1772,245,G0033,3,217.97,2024-04-24,PROMO01
1773,4,G0049,2,120.16,2025-02-13,PROMO01
1774,182,G0047,2,224.62,2024-03-07,
1775,154,G0030,3,212.39,2024-03-27,
1776,200,G0061,1,172.06,2024-10-08,
1777,166,G0006,1,65.4,2024-09-11,
1778,5,G0017,3,-148.16,2024-14-05,
1779,241,G0005,1,289.63,2024-08-02,PROMO03
1780,191,G0080,2,138.35,2024-06-10,
1781,90,G0067,1,207.06,2024-07-04,
1782,57,G0021,1,145.46,2025-05-24,
1783,207,G0048,2,116.64,2024-11-24,
1784,14,G0043,1,253.63,2025-04-26,
1785,74,G0053,1,64.52,2025-01-21,
1786,269,G0022,1,337.9,2024-04-12,
1787,115,G0012,2,305.64,2024-03-08,
1788,244,G0060,2,216.3,2025-03-26,
1789,1,G0040,2,146.36,2025-04-25,PROMO03
1790,66,G0042,3,256.09,2025-01-09,PROMO01
1791,245,G0064,3,85.91,2024-07-19,
1792,264,G0017,1,148.16,2024-08-18,
1793,49,G0052,2,212.87,2024-04-17,
1794,129,G0024,3,136.07,2024-11-04,
1795,237,G0076,3,255.11,2025-06-13,
1796,137,G0017,2,148.16,2025-03-08,
1797,75,G0075,3,58.76,2024-02-05,
1798,198,G0007,1,55.49,2024-07-05,
1799,18,G0031,1,339.08,2025-02-10,
1800,293,G0062,2,-100.05,2024-12-18,
1801,296,G0052,2,212.87,2024-08-07,
1802,135,G0070,2,49.92,2024-04-30,
1803,264,G0044,2,283.11,2024-07-09,
1804,250,G0071,2,106.46,2024-04-08,
1805,176,G0067,2,207.06,2024-03-05,
1806,219,G0004,3,107.07,2024-05-09,
1807,235,G0015,1,191.62,2024-10-29,
1808,178,G0040,2,146.36,2025-03-22,
1809,43,G0065,1,277.19,2025-02-11,
1810,262,G0025,1,216.35,2024-08-15,
1811,102,G0046,3,255.5,2024-06-04,
1812,272,G0068,1,125.73,2025-06-29,
1813,118,G0068,1,125.73,2025-01-18,
1814,85,G0080,1,138.35,2024-06-04,
1815,218,G0026,2,81.24,2024-02-20,PROMO04
1816,152,G0050,3,209.49,2025-03-07,PROMO04
1817,165,G0018,3,221.9,2024-11-03,
1818,129,G0072,3,366.53,2024-11-15,
1819,35,G0008,2,134.23,2024-02-30,
1820,83,G0032,2,84.76,2024-14-05,
1821,201,G0076,1,255.11,2024-09-11,
1822,37,G0029,2,228.35,2024-05-23,PROMO01
1823,300,G0020,1,74.45,2025-03-30,
1824,142,G0042,1,256.09,2024-04-30,
1825,269,G0014,3,297.49,2025-04-27,
1826,225,G0039,1,266.45,2025-04-10,
1827,175,G0035,1,169.53,2025-01-25,
1828,901,G0015,3,191.62,2025-04-22,
1829,87,G0063,2,121.9,2024-08-18,
1830,46,G0078,3,244.12,2025-01-06,
1831,254,G0056,2,278.01,2024-02-28,
1832,144,G0036,2,99.02,2025-06-04,
1833,129,G0046,1,255.5,2024-01-14,
1834,249,G0032,3,84.76,2025-05-21,
1835,223,G0035,1,169.53,2025-05-14,
1836,290,G0049,3,120.16,2025-06-15,PROMO04
1837,22,G0078,1,244.12,2024-04-10,
1838,61,G0031,2,339.08,2025-03-07,
1839,21,G0045,3,245.46,2025-03-26,PROMO01
1840,205,G0056,3,278.01,2024-01-27,
1841,93,G0004,3,107.07,2024-12-02,
1842,212,G0004,3,107.07,2025-04-12,
1843,130,G0046,3,255.5,2024-12-18,
1844,128,G0036,2,99.02,2024-02-18,
1845,135,G0021,1,145.46,2024-11-25,
1846,179,G0023,2,52.23,2024-04-01,
1847,276,G0030,2,212.39,2024-11-09,
1848,47,G0052,2,212.87,2025-05-24,
1849,196,G0026,2,81.24,2025-05-12,
1850,225,G0047,1,224.62,2024-06-21,
1851,58,G9033,3,216.35,2024-11-13,PROMO03
1852,287,G0069,1,80.63,2025-02-11,
1853,39,G0026,1,81.24,2024-04-02,
1854,208,G0034,1,227.51,2024-12-14,
1855,204,G0018,2,221.9,2024-04-16,
1856,151,G0079,3,243.27,2024-03-25,
1857,116,G0057,1,123.21,2024-09-08,
1858,141,G0004,2,107.07,2024-08-17,
1859,113,G0032,1,84.76,2025-03-26,
1860,111,G0019,1,354.11,2024-10-30,
1861,11,G0079,2,243.27,2025-03-25,
1862,283,G0073,1,179.77,2025-02-26,
1863,266,G0075,2,58.76,2025-01-31,
1864,187,G0034,2,227.51,2025-01-14,
1865,121,G0041,3,113.26,2024-12-31,
1866,69,G0042,3,256.09,2024-09-09,
1867,297,G0017,1,148.16,2025-06-03,
1868,275,G0041,1,113.26,2024-08-21,
1869,284,G0029,2,228.35,2024-10-02,
1870,28,G0059,3,200.65,2025-03-24,
1871,224,G0009,1,176.47,2024-01-23,
1872,287,G0008,2,134.23,2025-05-03,PROMO02
1873,33,G0046,1,255.5,2024-10-09,
1874,15,G0077,2,171.46,2025-03-17,
1875,69,G0051,1,255.86,2025-04-07,
1876,156,G0043,1,253.63,2025-06-04,PROMO02
1877,277,G0076,2,255.11,2024-01-07,PROMO01
1878,184,G0076,1,255.11,2024-03-13,
1879,272,G0053,3,64.52,2024-06-14,
1880,128,G0077,1,171.46,2024-07-04,
1881,254,G0016,2,233.36,2024-04-01,
1882,207,G0074,3,157.49,2025-01-31,
1883,196,G0061,1,172.06,2024-12-17,
1884,160,G0046,1,255.5,2025-03-16,PROMO04
1885,47,G0024,2,136.07,2025-02-15,
1886,180,G0011,2,104.53,2025-04-07,
1887,269,G0033,1,217.97,2024-03-03,PROMO01
1888,192,G0013,1,273.26,2024-01-02,PROMO01
1889,3,G0042,2,256.09,2024-11-09,
1890,291,G0073,2,179.77,2024-03-12,PROMO02
1891,256,G0024,3,136.07,2024-08-11,PROMO01
1892,80,G0077,2,171.46,2024-06-30,PROMO02
1893,260,G0020,2,74.45,2024-02-01,
1894,276,G0016,2,233.36,2024-10-25,
1895,93,G0076,3,255.11,2024-06-20,PROMO04
1896,99,G0078,1,244.12,2024-12-11,PROMO04
1897,230,G0015,3,191.62,2024-03-08,
1898,188,G0019,1,354.11,2025-05-17,
1899,207,G0006,2,65.4,2024-03-01,PROMO04
1900,51,G0067,1,207.06,2024-11-24,PROMO04
1901,280,G0026,2,81.24,2024-11-24,
1902,102,G0038,3,355.75,2025-03-12,
1903,194,G0011,2,104.53,2024-01-25,
1904,165,G0072,2,366.53,2025-02-02,
1905,148,G0008,3,134.23,2024-02-12,
1906,46,G0040,3,146.36,2024-06-26,
1907,25,G0069,1,80.63,2024-02-18,PROMO04
1908,97,G0046,-3,255.5,2024-02-23,
1909,223,G0066,3,241.7,2024-07-01,
1910,23,G0028,1,74.77,2025-04-13,PROMO02
1911,164,G0010,3,273.15,2024-07-27,
1912,293,G0079,1,243.27,2024-02-16,PROMO02
1913,60,G0038,1,355.75,2024-09-03,
1914,170,G0023,2,52.23,2024-08-21,
1915,206,G0006,1,65.4,2024-05-25,
1916,133,G0055,3,207.21,2024-11-13,
1917,140,G0053,3,64.52,2024-01-11,
1918,212,G0049,2,120.16,2024-07-13,
1919,250,G0033,3,217.97,2024-01-11,
1920,203,G0006,3,65.4,2025-04-04,
1921,115,G0010,3,-273.15,2024-04-27,
1922,251,G0009,1,176.47,2024-12-01,
1923,132,G0051,2,255.86,2024-10-20,
1924,924,G0034,1,227.51,2024-05-02,
1925,104,G0012,3,305.64,2025-05-24,
1926,266,G0005,2,289.63,2025-05-05,
1927,118,G0005,2,289.63,2024-07-07,
1928,35,G0031,2,339.08,2025-01-14,
1929,74,G0057,3,123.21,2024-02-12,
1930,258,G0025,1,216.35,2024-11-21,
1931,8,G0020,2,74.45,2024-09-13,PROMO03
1932,237,G0026,3,81.24,2024-02-27,
1933,79,G0038,3,355.75,2024-03-06,
1934,100,G0043,3,253.63,2025-03-25,
1935,226,G0009,1,176.47,2025-06-25,
1936,83,G0019,3,354.11,2024-11-21,
1937,34,G0053,3,64.52,2024-01-18,
1938,87,G0042,2,256.09,2024-02-09,
1939,54,G0030,1,212.39,2025-01-25,
1940,30,G0050,3,209.49,2024-05-02,PROMO01
1941,289,G0070,1,49.92,2024-01-21,
1942,244,G0074,3,157.49,2025-01-30,
1943,199,G0058,3,231.17,2024-08-31,
1944,129,G0045,3,245.46,2025-04-10,
1945,79,G0059,3,200.65,2025-01-03,
1946,147,G0023,2,52.23,2024-09-20,PROMO03
1947,11,G0056,2,278.01,2024-05-27,
1948,211,G0070,1,49.92,2025-02-15,
1949,181,G0027,2,76.44,2025-03-07,PROMO04
1950,232,G0057,2,123.21,2025-04-19,
1951,167,G0052,1,212.87,2025-06-26,
1952,112,G0025,3,216.35,2024-07-18,PROMO03
1953,238,G0071,2,106.46,2025-01-18,
1954,110,G0051,1,255.86,2025-04-26,
1955,232,G0039,3,266.45,2025-02-26,
1956,112,G0044,3,283.11,2024-06-09,
1957,265,G0056,1,278.01,2025-03-29,
1958,106,G0050,3,209.49,2024-06-25,
1959,289,G0020,3,74.45,2025-02-15,
1960,102,G0020,2,74.45,2024-11-20,
1961,67,G0063,2,121.9,2025-06-27,
1962,19,G0013,1,273.26,2024-03-28,
1963,28,G0043,-1,253.63,2024-11-16,PROMO03
1964,104,G0020,1,74.45,2024-11-10,
1965,186,G0080,2,138.35,2025-04-02,
1966,90,G0038,2,355.75,2024-04-13,
1967,82,G0020,1,74.45,2025-03-01,
1968,939,G0021,3,145.46,2025-04-25,
1969,144,G0032,1,84.76,2024-05-30,PROMO01
1970,21,G0018,2,221.9,2025-04-29,
1971,88,G0003,3,150.98,2025-01-06,PROMO02
1972,230,G0003,2,150.98,2024-14-05,PROMO01
1973,190,G0009,1,176.47,2024-05-18,
1974,202,G9032,1,74.45,2024-07-20,PROMO03
1975,150,G0011,2,104.53,2025-05-21,
1976,214,G0022,2,337.9,2024-09-15,
1977,144,G0067,1,207.06,2025-05-16,
1978,86,G0007,3,55.49,2024-14-05,
1979,135,G0058,2,231.17,2024-12-11,
1980,235,G0011,2,104.53,2024-02-02,
1981,6,G0074,1,157.49,2024-11-05,
1982,241,G0049,2,120.16,2024-02-06,
1983,139,G9013,2,120.16,2025-01-10,
1984,218,G0053,3,64.52,2024-12-16,
1985,178,G0034,3,-227.51,2024-07-16,
1986,137,G0011,2,104.53,2024-03-27,
1987,164,G0066,1,241.7,2024-01-24,
1988,55,G0032,1,84.76,2024-06-30,
1989,79,G0074,1,157.49,2024-03-30,PROMO01
1990,7,G0044,3,283.11,2024-03-13,
1991,236,G0043,3,253.63,2024-04-18,
1992,29,G0018,1,221.9,2024-03-24,
1993,47,G0001,2,124.6,2024-08-26,
1994,41,G0050,2,209.49,2025-06-26,
1995,102,G0064,3,85.91,2024-07-09,
1996,32,G0057,1,123.21,2025-06-03,
1997,91,G0026,2,81.24,2024-05-27,PROMO02
1998,64,G0010,1,273.15,2024-07-10,
1999,117,G0021,2,145.46,2024-10-30,
2000,260,G0037,1,217.09,2025-03-12,
2001,177,G0031,3,339.08,2024-01-08,
2002,129,G0037,1,217.09,2024-03-07,
2003,253,G0045,3,245.46,2024-03-02,
2004,221,G0011,3,104.53,2025-04-01,
2005,46,G0041,3,113.26,2025-01-05,
2006,34,G0073,2,179.77,2024-11-22,
2007,246,G0048,2,116.64,2024-11-03,
2008,161,G0070,3,49.92,2024-07-13,
2009,88,G0006,3,65.4,2024-12-27,
2010,237,G0042,2,256.09,2025-04-19,PROMO04
2011,232,G0020,1,74.45,2025-01-29,
2012,13,G0018,2,221.9,2025-01-25,PROMO02
2013,205,G0047,1,224.62,2025-03-20,
2014,89,G0020,3,74.45,2024-07-07,
2015,9,G0051,2,255.86,2024-06-02,
2016,102,G0003,2,150.98,2025-02-05,
2017,282,G0036,1,99.02,2024-07-13,
2018,256,G0056,2,278.01,2024-06-12,
2019,31,G0046,1,255.5,2024-03-09,PROMO04
2020,149,G0019,1,354.11,2025-06-15,PROMO02
2021,214,G0063,1,121.9,2024-11-11,
2022,174,G0040,3,146.36,2025-03-15,
2023,67,G0068,2,125.73,2024-12-15,
2024,66,G9001,3,116.64,2025-04-29,
2025,229,G0048,2,116.64,2024-09-09,
2026,168,G0030,2,212.39,2023-00-10,
2027,285,G0044,3,283.11,2024-12-05,
2028,66,G0042,3,256.09,2024-08-22,
2029,122,G0032,2,84.76,2025-04-26,PROMO03
2030,262,G0013,2,273.26,2024-05-31,
2031,42,G0068,2,125.73,2025-04-18,
2032,137,G0009,2,176.47,2025-02-02,
2033,142,G0019,2,354.11,2024-03-01,
2034,115,G0001,2,124.6,2024-12-30,
2035,248,G0072,1,366.53,2024-10-06,PROMO04
2036,161,G0078,3,244.12,2024-07-23,
2037,97,G0077,3,171.46,2024-05-03,
2038,32,G0025,3,216.35,2025-05-31,
2039,193,G0055,3,207.21,2024-14-05,
2040,105,G0019,2,354.11,2024-01-26,
2041,216,G0011,2,104.53,2025-04-21,
2042,76,G0058,3,231.17,2025-01-26,
2043,228,G0041,1,113.26,2024-02-30,
2044,102,G0078,2,244.12,2024-10-18,
2045,66,G0042,1,256.09,2024-05-06,
2046,168,G0071,2,106.46,2025-01-12,
2047,193,G0071,1,106.46,2025-03-20,
2048,203,G0023,2,52.23,2024-02-05,
2049,166,G0073,3,179.77,2024-02-10,PROMO01
2050,68,G0064,1,85.91,2024-03-10,
2051,53,G0067,1,207.06,2024-08-28,
2052,185,G0046,2,255.5,2024-03-24,
2053,36,G0064,2,85.91,2024-03-04,
2054,203,G0020,3,74.45,2024-04-01,
2055,230,G0021,1,145.46,2024-09-24,
2056,29,G0072,1,366.53,2024-02-23,
2057,116,G0062,1,100.05,2024-02-13,
2058,120,G0020,1,74.45,2025-05-27,
2059,199,G0051,1,255.86,2025-06-06,
2060,253,G9014,3,107.07,2025-02-28,
2061,21,G0026,3,81.24,2024-02-06,
2062,299,G0063,1,121.9,2024-12-23,
2063,298,G9042,3,116.64,2024-06-17,
2064,78,G0069,1,80.63,2024-10-15,
2065,192,G0066,2,241.7,2024-06-12,
2066,132,G0043,1,253.63,2024-11-30,PROMO04
2067,62,G0037,2,217.09,2024-01-30,
2068,263,G0052,1,212.87,2024-07-08,
2069,199,G0014,3,297.49,2024-07-29,
2070,292,G0039,3,266.45,2024-08-07,PROMO03
2071,185,G0060,1,216.3,2024-08-23,
2072,130,G0028,3,74.77,2024-01-25,
2073,111,G0024,2,136.07,2024-07-30,
2074,199,G0042,2,256.09,2023-00-10,
2075,85,G0063,2,121.9,2024-10-19,
2076,128,G0010,3,273.15,2024-04-19,PROMO01
2077,26,G0002,2,51.59,2024-01-01,
2078,196,G0073,1,179.77,2024-04-09,
2079,111,G0025,2,216.35,2025-01-16,
2080,214,G0003,2,-150.98,2024-02-05,PROMO03
2081,73,G0034,2,227.51,2024-07-28,
2082,16,G0061,1,172.06,2024-01-15,
2083,121,G0059,3,200.65,2024-10-06,
2084,289,G0062,1,100.05,2024-06-05,
2085,204,G0049,1,120.16,2024-02-08,
2086,239,G0053,1,64.52,2024-01-14,
2087,23,G0009,2,176.47,2024-10-15,
2088,104,G0035,1,169.53,2024-10-05,PROMO02
2089,121,G0058,1,231.17,2024-02-15,PROMO04
2090,287,G0063,1,121.9,2024-02-18,
2091,46,G0077,2,171.46,2025-04-12,
2092,279,G0021,2,145.46,2025-01-15,
2093,277,G0019,2,354.11,2024-12-21,
2094,298,G0052,2,212.87,2025-04-23,PROMO03
2095,76,G0064,3,85.91,2025-02-21,
2096,222,G0012,3,305.64,2024-09-16,PROMO03
2097,184,G0060,2,216.3,2024-06-17,PROMO03
2098,260,G0019,3,354.11,2024-12-15,
2099,82,G0074,1,157.49,2024-07-29,
2100,203,G0011,-2,104.53,2024-04-24,PROMO01
2101,267,G0014,3,297.49,2024-01-05,
2102,282,G0022,3,337.9,2024-08-20,
2103,172,G0063,1,121.9,2024-11-29,
2104,192,G0071,2,106.46,2025-06-19,
2105,202,G0029,3,228.35,2024-12-25,
2106,55,G0029,3,228.35,2025-04-09,
2107,97,G0001,3,124.6,2024-04-20,
2108,37,G0040,1,146.36,2025-02-19,
2109,108,G0070,3,49.92,2024-04-08,PROMO02
2110,13,G0003,1,150.98,2024-10-29,
2111,96,G0010,1,273.15,2024-09-16,
2112,61,G0055,2,207.21,2025-02-16,
2113,154,G0044,2,283.11,2025-01-18,
2114,220,G0080,3,138.35,2025-05-04,
2115,22,G0063,1,121.9,2025-05-26,
2116,16,G0033,3,217.97,2025-04-29,PROMO04
2117,276,G0013,2,273.26,2024-12-25,PROMO04
2118,14,G0049,1,120.16,2025-05-14,
2119,45,G0061,2,172.06,2024-04-04,
2120,49,G0059,2,200.65,2024-12-11,
2121,241,G0005,2,289.63,2024-11-13,
2122,232,G0028,3,74.77,2025-02-24,
2123,66,G0076,3,255.11,2024-01-29,PROMO04
2124,36,G0065,1,277.19,2025-04-19,
2125,290,G0050,3,209.49,2024-02-19,
2126,61,G0067,2,207.06,2024-06-27,PROMO03
2127,84,G0006,2,65.4,2024-12-05,
2128,80,G0010,1,273.15,2025-05-08,
2129,3,G0050,3,209.49,2024-06-29,
2130,23,G0039,1,266.45,2024-08-16,
2131,299,G0064,1,85.91,2025-03-31,
2132,60,G0013,1,273.26,2024-05-22,
2133,289,G0004,2,107.07,2025-05-23,
2134,221,G0003,3,150.98,2025-06-21,PROMO03
2135,279,G0014,2,297.49,2025-04-30,
2136,224,G0072,3,366.53,2025-03-08,
2137,45,G0034,3,227.51,2025-01-01,
2138,260,G0032,1,84.76,2024-05-03,
2139,45,G0074,-1,157.49,2024-07-20,
2140,280,G0048,3,116.64,2024-09-26,
2141,95,G0075,2,58.76,2024-04-28,
2142,119,G0026,1,81.24,2024-11-03,
2143,201,G0002,2,51.59,2024-03-02,
2144,7,G0015,3,191.62,2024-09-29,
2145,919,G0039,1,266.45,2024-11-23,PROMO04
2146,110,G0025,3,216.35,2025-05-01,
2147,110,G0013,1,273.26,2025-02-01,
2148,278,G0010,1,273.15,2024-05-10,PROMO02
2149,35,G0062,3,100.05,2024-03-15,
2150,127,G0053,3,64.52,2025-01-05,PROMO03
2151,209,G0008,2,134.23,2024-02-13,PROMO04
2152,15,G0025,3,216.35,2025-01-17,
2153,116,G0017,2,148.16,2025-06-05,PROMO02
2154,124,G0077,3,171.46,2024-10-21,
2155,39,G0056,3,278.01,2024-02-01,
2156,288,G0011,3,104.53,2024-05-29,
2157,21,G0048,2,116.64,2025-02-06,
2158,175,G0039,3,266.45,2024-11-30,PROMO04
2159,262,G0063,2,121.9,2024-05-20,
2160,47,G0063,2,121.9,2025-06-29,
2161,33,G0033,3,217.97,2024-10-01,PROMO03
2162,263,G0030,2,212.39,2024-11-27,PROMO02
2163,179,G0040,1,146.36,2024-12-09,
2164,211,G0036,2,99.02,2025-03-10,
2165,97,G0079,1,243.27,2024-10-29,
2166,186,G0070,3,49.92,2024-11-24,
2167,237,G0075,3,58.76,2024-06-26,
2168,150,G0032,1,84.76,2024-12-11,
2169,255,G0048,1,116.64,2025-02-05,
2170,139,G0073,2,179.77,2024-02-30,
2171,37,G0033,1,217.97,2025-01-20,
2172,202,G0001,1,124.6,2024-07-12,
2173,131,G0064,2,85.91,2024-10-10,
2174,216,G0026,2,81.24,2024-02-22,PROMO04
2175,56,G0061,2,172.06,2025-01-31,
2176,72,G0024,1,136.07,2025-01-05,
2177,28,G0006,1,65.4,2024-10-11,
2178,275,G0035,1,169.53,2024-04-08,PROMO04
2179,105,G0006,3,65.4,2024-03-02,
2180,173,G0080,3,138.35,2024-10-10,
2181,124,G0030,1,212.39,2024-09-30,PROMO03
2182,122,G0020,1,74.45,2024-11-20,
2183,88,G0050,1,209.49,2024-01-18,PROMO01
2184,293,G0079,2,243.27,2025-05-12,
2185,127,G0053,1,64.52,2024-09-04,
2186,85,G0023,1,52.23,2024-10-13,
2187,123,G0040,2,146.36,2025-01-30,
2188,119,G0013,1,273.26,2025-02-22,
2189,227,G0020,3,74.45,2025-01-28,PROMO04
2190,12,G0070,2,49.92,2024-07-29,PROMO04
2191,224,G0068,2,125.73,2024-11-25,
2192,260,G0079,2,243.27,2025-03-28,
2193,191,G0019,3,354.11,2024-03-20,
2194,194,G0022,2,337.9,2024-07-31,
2195,181,G0052,2,212.87,2024-09-11,
2196,119,G0049,3,120.16,2025-04-25,PROMO02
2197,34,G0058,3,231.17,2024-01-23,
2198,177,G0047,2,224.62,2024-01-21,
2199,229,G0055,1,207.21,2025-03-23,
2200,118,G0035,2,169.53,2024-09-23,
2201,87,G0029,3,228.35,2025-06-13,
2202,101,G0005,2,289.63,2025-01-08,
2203,118,G0012,3,305.64,2024-06-11,
2204,284,G0007,2,55.49,2024-03-22,
2205,131,G0058,1,231.17,2024-10-27,
2206,224,G9021,1,99.02,2024-08-22,
2207,86,G0067,1,207.06,2024-08-25,PROMO01
2208,294,G0023,2,52.23,2025-04-26,PROMO02
2209,121,G0003,1,150.98,2024-03-19,
2210,52,G0035,1,169.53,2024-05-07,
2211,284,G0048,3,116.64,2024-07-02,
2212,96,G0032,1,84.76,2024-11-29,PROMO03
2213,263,G0003,3,150.98,2025-05-31,PROMO04
2214,70,G0022,1,337.9,2025-04-25,
2215,68,G0031,3,339.08,2025-01-11,
2216,143,G0060,-1,216.3,2025-04-10,
2217,57,G0032,1,84.76,2024-02-13,
2218,194,G0018,1,221.9,2024-10-21,
2219,251,G0051,3,255.86,2025-02-17,PROMO04
2220,267,G0046,3,255.5,2025-02-18,
2221,269,G0053,1,64.52,2025-05-30,PROMO02
2222,19,G0027,1,76.44,2025-01-11,
2223,60,G0078,2,244.12,2025-01-26,
2224,192,G0004,2,107.07,2025-05-13,
2225,9,G0028,2,74.77,2024-05-30,
2226,72,G0039,2,266.45,2024-09-07,
2227,117,G0057,2,123.21,2024-02-30,
2228,239,G0048,1,116.64,2025-04-19,
2229,27,G0032,1,84.76,2024-04-13,
2230,28,G0045,2,245.46,2025-01-30,PROMO04
2231,40,G0077,2,171.46,2024-12-29,
2232,283,G0062,1,100.05,2025-05-05,
2233,170,G0025,2,216.35,2025-06-02,
2234,52,G0019,3,354.11,2024-10-03,
2235,261,G0028,3,74.77,2025-06-17,
2236,230,G0052,2,212.87,2023-00-10,
2237,168,G0037,2,217.09,2024-02-22,
2238,300,G0016,2,233.36,2025-05-14,
2239,264,G0005,3,289.63,2025-06-02,
2240,79,G0049,2,120.16,2025-03-26,
2241,137,G0019,1,354.11,2024-07-20,
2242,197,G0036,2,99.02,2024-08-13,
2243,156,G0002,1,51.59,2024-07-18,
2244,100,G0054,1,366.84,2025-03-13,
2245,131,G0027,1,76.44,2024-03-08,
2246,20,G0034,3,227.51,2025-05-09,
2247,113,G0060,1,216.3,2025-05-20,
2248,236,G0044,3,283.11,2025-01-16,PROMO03
2249,296,G0072,3,366.53,2024-12-04,
2250,168,G0068,1,125.73,2025-06-16,
2251,126,G0029,1,228.35,2025-03-20,
2252,169,G0066,2,241.7,2025-05-25,PROMO04
2253,27,G0076,2,255.11,2024-09-20,
2254,76,G0072,1,366.53,2024-08-12,PROMO02
2255,238,G0020,1,74.45,2025-06-01,
2256,205,G0054,3,366.84,2024-12-05,
2257,125,G0021,3,145.46,2025-05-07,PROMO01
2258,161,G0008,2,-134.23,2025-02-19,
2259,79,G0054,2,366.84,2024-02-01,
2260,190,G0016,2,233.36,2024-08-29,
2261,252,G0051,3,255.86,2024-08-07,
2262,121,G0037,1,217.09,2024-06-17,
2263,168,G0076,2,255.11,2024-03-25,
2264,43,G0002,1,51.59,2025-03-14,
2265,48,G0020,1,74.45,2024-01-03,
2266,17,G0018,2,221.9,2025-01-10,
2267,183,G0074,1,157.49,2024-02-11,
2268,159,G0043,1,253.63,2024-02-09,PROMO01
2269,21,G0079,1,243.27,2024-07-15,
2270,201,G0063,1,121.9,2024-09-30,
2271,270,G0010,3,273.15,2024-10-18,
2272,237,G0078,2,244.12,2024-06-10,
2273,264,G0013,2,273.26,2024-08-17,
2274,17,G0051,2,255.86,2024-06-15,
2275,232,G0046,3,255.5,2023-00-10,
2276,206,G0054,1,366.84,2024-11-12,
2277,108,G0031,2,339.08,2024-06-01,
2278,19,G0011,1,104.53,2024-04-30,
2279,230,G0017,1,148.16,2024-03-16,
2280,171,G0041,3,113.26,2024-09-01,
2281,223,G0053,1,64.52,2024-11-05,PROMO02
2282,243,G0005,2,289.63,2024-06-09,
2283,177,G0009,1,176.47,2024-02-02,
2284,130,G0050,1,209.49,2025-05-24,
2285,204,G0042,2,256.09,2024-05-16,
2286,217,G0041,3,113.26,2024-07-07,
2287,85,G0033,2,217.97,2024-04-05,
2288,172,G0019,1,354.11,2024-05-23,
2289,254,G0036,1,99.02,2024-07-03,
2290,5,G0047,3,224.62,2024-12-17,
2291,947,G0044,1,283.11,2024-04-17,
2292,257,G0026,1,81.24,2024-05-31,
2293,259,G0036,3,99.02,2025-02-04,PROMO02
2294,223,G0006,2,65.4,2024-10-24,
2295,234,G0006,2,65.4,2024-12-06,
2296,33,G0061,2,172.06,2025-04-19,PROMO02
2297,162,G0076,1,255.11,2025-04-05,
2298,20,G0030,3,212.39,2024-09-17,
2299,3,G0068,1,125.73,2024-02-11,
2300,231,G0031,2,339.08,2024-01-03,
2301,39,G0036,3,99.02,2025-03-02,
2302,157,G0077,3,171.46,2024-02-22,
2303,298,G0028,3,74.77,2024-10-21,
2304,121,G0050,3,209.49,2024-12-02,
2305,103,G0002,3,51.59,2025-03-15,
2306,126,G0062,1,100.05,2024-04-11,
2307,133,G0022,3,337.9,2024-10-26,
2308,213,G0021,2,145.46,2024-07-27,
2309,186,G0013,2,273.26,2024-11-12,PROMO01
2310,40,G0020,1,74.45,2024-01-04,PROMO01
2311,139,G0023,1,52.23,2025-04-07,
2312,257,G0069,2,80.63,2025-06-07,
2313,143,G0011,2,104.53,2024-04-04,
2314,199,G0025,3,216.35,2024-09-13,
2315,45,G0009,1,176.47,2024-05-29,
2316,268,G0069,1,80.63,2025-05-05,PROMO03
2317,16,G0044,2,283.11,2025-03-18,
2318,263,G0052,1,212.87,2024-06-20,
2319,248,G0076,3,255.11,2024-03-09,PROMO02
2320,254,G0072,2,366.53,2025-01-31,
2321,189,G0026,1,81.24,2024-02-07,
2322,2,G0074,2,157.49,2024-01-18,PROMO03
2323,174,G0054,3,366.84,2024-01-08,PROMO04
2324,44,G0018,1,221.9,2025-06-17,
2325,60,G0076,1,255.11,2025-04-29,
2326,283,G0044,1,283.11,2024-02-03,
2327,163,G0032,2,84.76,2025-03-11,
2328,55,G0008,2,134.23,2024-05-20,
2329,195,G0020,2,74.45,2024-12-14,
2330,39,G0068,2,125.73,2024-03-17,
2331,154,G0053,1,64.52,2024-01-27,PROMO03
2332,95,G0012,1,305.64,2025-06-21,
2333,52,G0047,1,224.62,2024-02-30,PROMO03
2334,163,G0016,1,233.36,2024-08-05,
2335,41,G0030,1,212.39,2024-10-10,
2336,282,G0070,1,49.92,2024-10-31,PROMO03
2337,52,G0052,1,212.87,2024-11-15,PROMO04
2338,48,G0043,2,253.63,2024-02-23,
2339,49,G0076,1,255.11,2024-04-19,PROMO01
2340,241,G0047,2,224.62,2024-04-19,
2341,288,G0032,1,84.76,2024-12-08,
2342,292,G0014,3,297.49,2024-01-18,
2343,65,G0022,3,337.9,2025-06-05,
2344,209,G0001,3,124.6,2025-06-19,PROMO02
2345,253,G0071,1,106.46,2024-03-01,
2346,199,G0025,3,216.35,2024-10-26,
2347,208,G0076,2,255.11,2024-10-21,
2348,64,G0054,2,366.84,2025-05-24,
2349,59,G0052,3,212.87,2024-07-14,
2350,66,G0074,1,157.49,2024-05-02,PROMO02
2351,68,G0006,1,65.4,2024-09-12,
2352,37,G0051,1,255.86,2024-08-11,
2353,58,G0074,1,157.49,2024-08-03,
2354,8,G0053,1,64.52,2024-12-15,
2355,74,G0019,3,354.11,2024-05-06,PROMO03
2356,211,G0049,3,120.16,2025-06-15,
2357,228,G0026,3,81.24,2024-05-29,
2358,181,G0025,3,216.35,2024-09-05,
2359,141,G0056,1,278.01,2024-09-15,
2360,238,G0021,1,145.46,2024-03-02,
2361,269,G0038,1,355.75,2025-02-27,
2362,148,G0019,2,354.11,2024-10-13,
2363,8,G0061,3,172.06,2024-03-07,
2364,179,G0039,3,266.45,2024-08-17,
2365,142,G0062,2,100.05,2024-10-03,
2366,113,G0057,1,123.21,2024-01-18,
2367,249,G0050,1,209.49,2025-06-05,
2368,75,G0015,2,191.62,2025-01-14,
2369,51,G0035,3,169.53,2025-06-12,
2370,207,G0003,1,150.98,2024-04-19,
2371,145,G0033,1,217.97,2025-06-26,PROMO04
2372,271,G0001,1,124.6,2024-01-21,
2373,284,G0054,3,366.84,2024-12-15,
2374,100,G0024,1,136.07,2024-11-09,
2375,218,G0033,3,217.97,2024-10-05,
2376,206,G0078,3,244.12,2024-12-31,
2377,242,G0080,1,138.35,2024-09-07,
2378,173,G0046,-2,255.5,2024-09-03,
2379,253,G0030,2,212.39,2024-01-17,
2380,53,G0073,1,179.77,2024-08-24,
2381,23,G0027,2,76.44,2025-02-26,
2382,38,G0014,3,297.49,2025-03-27,
2383,114,G0028,1,74.77,2025-01-14,
2384,132,G0002,3,51.59,2025-02-22,
2385,144,G0076,2,255.11,2024-08-02,
2386,122,G0079,1,243.27,2024-04-05,
2387,275,G0031,1,339.08,2025-05-02,
2388,278,G0022,3,337.9,2024-01-07,PROMO04
2389,111,G0053,2,64.52,2024-04-12,
2390,299,G0030,3,212.39,2024-10-11,
2391,179,G0046,2,255.5,2024-06-17,
2392,50,G0074,1,157.49,2024-10-08,
2393,81,G0030,3,212.39,2024-02-16,
2394,101,G0027,1,76.44,2024-05-15,
2395,32,G0058,1,231.17,2024-05-17,
2396,105,G0047,3,224.62,2024-11-02,
2397,222,G0020,3,74.45,2024-03-05,
2398,82,G0061,2,172.06,2024-01-08,
2399,18,G0069,1,80.63,2025-03-06,
2400,81,G0028,1,74.77,2024-06-06,
2401,223,G0030,3,212.39,2024-06-19,
2402,267,G0072,3,366.53,2025-06-27,PROMO03
2403,232,G0021,3,145.46,2025-06-29,
2404,111,G0058,2,231.17,2024-06-25,
2405,228,G0036,2,99.02,2024-09-23,
2406,11,G0026,2,81.24,2024-10-29,
2407,275,G0060,1,216.3,2024-04-28,
2408,65,G0007,1,-55.49,2024-04-25,
2409,203,G0075,3,58.76,2024-05-18,
2410,93,G0069,1,80.63,2024-05-09,
2411,26,G0066,3,241.7,2024-03-16,
2412,283,G9015,2,104.53,2025-06-21,
2413,133,G0034,2,227.51,2024-05-19,
2414,23,G0055,-2,207.21,2024-07-29,
2415,113,G0012,3,305.64,2024-05-31,
2416,37,G0055,3,207.21,2023-00-10,
2417,165,G0059,1,200.65,2024-10-09,PROMO03
2418,16,G0005,1,289.63,2024-01-28,
2419,13,G0004,1,107.07,2024-11-26,
2420,300,G0011,1,104.53,2024-07-13,
2421,51,G0057,3,123.21,2025-01-15,
2422,14,G0020,2,74.45,2024-11-16,
2423,59,G0065,3,277.19,2024-10-23,
2424,134,G0021,1,145.46,2024-05-31,
2425,296,G0070,2,49.92,2024-10-21,
2426,40,G0020,1,74.45,2024-10-22,
2427,22,G0041,2,113.26,2025-04-25,
2428,223,G0060,1,216.3,2024-02-15,
2429,2,G0034,1,227.51,2025-01-21,
2430,175,G0012,2,305.64,2025-06-12,
2431,77,G0052,2,212.87,2024-05-05,
2432,77,G0035,3,169.53,2024-08-21,PROMO03
2433,26,G0047,2,224.62,2024-06-23,
2434,193,G0006,3,65.4,2024-02-10,
2435,28,G0053,1,64.52,2024-09-03,
2436,286,G0059,3,200.65,2024-12-29,
2437,9,G0080,3,138.35,2024-02-30,
2438,34,G0008,2,134.23,2024-02-18,PROMO04
2439,130,G0068,1,125.73,2025-06-25,
2440,134,G0034,3,227.51,2024-06-30,
2441,243,G0064,1,85.91,2025-06-12,
2442,97,G0068,3,125.73,2024-03-06,
2443,125,G0020,3,74.45,2024-03-08,
2444,205,G0080,3,138.35,2024-10-29,
2445,268,G0074,3,157.49,2024-11-10,
2446,82,G0003,1,150.98,2025-03-05,
2447,67,G0048,3,116.64,2025-06-25,
2448,54,G0040,2,146.36,2024-03-25,
2449,21,G0050,2,209.49,2025-02-03,
2450,192,G0038,1,355.75,2024-07-10,
2451,118,G0048,2,116.64,2024-07-10,
2452,12,G0011,-2,104.53,2025-01-21,
2453,144,G0038,3,355.75,2025-06-27,
2454,12,G0029,3,228.35,2024-04-21,
2455,285,G0065,3,277.19,2024-07-01,
2456,142,G0043,3,253.63,2024-05-17,
2457,32,G0044,1,283.11,2024-10-23,
2458,30,G0038,1,355.75,2024-07-28,PROMO02
2459,182,G0025,3,216.35,2024-09-20,
2460,63,G0051,3,255.86,2024-08-15,
2461,53,G0012,1,305.64,2025-04-10,
2462,64,G0070,1,49.92,2024-07-22,
2463,47,G0026,2,81.24,2024-08-09,
2464,166,G0029,1,228.35,2025-02-20,PROMO01
2465,43,G0079,-3,243.27,2025-05-23,
2466,168,G0050,1,209.49,2025-04-17,PROMO04
2467,283,G0068,1,125.73,2024-01-11,PROMO02
2468,14,G0004,3,107.07,2024-04-19,
2469,213,G0015,-3,191.62,2024-05-10,
2470,269,G0002,1,51.59,2025-01-21,
2471,255,G0034,3,227.51,2024-10-17,
2472,62,G0054,1,366.84,2024-08-06,
2473,178,G0018,1,221.9,2024-03-19,
2474,37,G0016,3,233.36,2024-10-20,
2475,150,G0029,1,228.35,2025-02-10,
2476,176,G0004,3,107.07,2024-05-22,
2477,209,G0025,1,216.35,2024-06-10,PROMO02
2478,38,G0031,2,339.08,2024-10-08,
2479,902,G0010,1,273.15,2024-09-18,PROMO03
2480,67,G0067,3,207.06,2025-02-21,PROMO01
2481,188,G0003,2,150.98,2024-08-31,
2482,203,G0055,2,207.21,2024-02-17,
2483,50,G0015,3,191.62,2024-05-11,
2484,10,G0006,1,65.4,2024-02-26,
2485,105,G0047,2,224.62,2025-02-11,PROMO01
2486,14,G0050,1,209.49,2025-04-11,
2487,109,G0013,1,273.26,2024-08-11,
2488,175,G0046,1,255.5,2025-03-16,
2489,94,G0056,3,278.01,2024-04-21,
2490,249,G0055,3,207.21,2024-05-26,
2491,269,G0034,2,227.51,2024-02-11,
2492,156,G0071,1,106.46,2025-06-24,PROMO02
2493,176,G0039,1,266.45,2025-05-03,PROMO02
2494,209,G0006,1,65.4,2024-08-27,
2495,64,G0007,1,55.49,2025-01-14,
2496,10,G0078,1,244.12,2025-06-03,
2497,290,G0075,3,58.76,2024-03-07,
2498,147,G0074,1,157.49,2024-01-17,
2499,232,G0033,3,217.97,2024-06-18,
2500,294,G0080,3,-138.35,2025-03-06,
2501,294,G0049,3,120.16,2024-10-30,
2502,234,G0012,3,305.64,2024-10-29,
2503,188,G0075,2,58.76,2024-09-11,
2504,290,G0014,2,297.49,2024-01-22,
2505,159,G0073,3,179.77,2024-07-18,PROMO02
2506,56,G0024,1,136.07,2024-10-28,
2507,221,G0052,3,212.87,2024-02-26,
2508,12,G0072,2,366.53,2024-06-07,
2509,61,G0059,2,200.65,2024-02-01,
2510,90,G0028,2,74.77,2024-08-21,
2511,113,G0042,3,256.09,2025-01-05,
2512,267,G0018,3,221.9,2024-01-18,
2513,146,G0001,2,124.6,2025-02-21,PROMO01
2514,73,G0073,3,179.77,2025-03-20,
2515,282,G0019,2,354.11,2025-01-02,
2516,76,G0056,-3,278.01,2024-14-05,
2517,282,G0049,3,120.16,2025-01-22,
2518,38,G0028,1,74.77,2025-05-08,
2519,51,G0019,1,354.11,2025-06-25,
2520,173,G0016,2,233.36,2024-07-15,
2521,205,G0070,1,-49.92,2024-09-03,
2522,160,G0066,2,241.7,2024-02-11,PROMO02
2523,245,G0029,1,228.35,2024-01-07,
2524,264,G0056,3,278.01,2025-02-04,PROMO04
2525,33,G0008,1,134.23,2025-01-31,
2526,39,G0011,3,104.53,2024-07-16,
2527,172,G0004,1,107.07,2024-03-08,
2528,29,G0079,-3,243.27,2024-10-12,
2529,38,G0042,1,256.09,2025-04-09,
2530,91,G0067,1,207.06,2025-03-29,
2531,74,G0007,3,55.49,2025-01-12,
2532,144,G0035,1,169.53,2025-05-22,
2533,145,G0051,1,255.86,2024-02-29,
2534,230,G0018,3,221.9,2025-02-16,
2535,211,G0017,3,148.16,2024-05-20,
2536,285,G0012,3,305.64,2025-05-18,
2537,243,G0050,1,209.49,2024-06-13,
2538,35,G0034,1,227.51,2025-02-10,PROMO03
2539,35,G0025,1,216.35,2024-07-26,
2540,46,G0017,2,148.16,2025-01-01,
2541,88,G0026,2,81.24,2025-02-14,
2542,279,G0011,2,104.53,2024-01-11,
2543,85,G0014,1,297.49,2024-06-16,
2544,58,G0029,2,228.35,2024-08-31,
2545,163,G0017,2,148.16,2024-14-05,
2546,177,G0049,1,120.16,2024-07-13,
2547,39,G0070,2,49.92,2024-11-10,
2548,26,G0022,3,337.9,2024-11-26,
2549,203,G0038,3,355.75,2024-02-14,PROMO01
2550,221,G0036,2,99.02,2024-02-24,
2551,105,G0033,1,217.97,2025-02-11,
2552,56,G0019,2,354.11,2025-05-26,
2553,88,G0024,1,136.07,2024-01-15,
2554,48,G0063,3,121.9,2024-07-05,
2555,100,G0034,3,227.51,2025-03-05,
2556,280,G0044,3,283.11,2025-05-18,
2557,225,G0030,2,212.39,2024-08-25,PROMO02
2558,59,G0066,1,241.7,2024-11-22,
2559,174,G0030,3,212.39,2025-04-05,PROMO01
2560,253,G0076,3,255.11,2025-03-14,
2561,61,G0059,2,200.65,2024-03-03,
2562,255,G0031,2,339.08,2025-06-14,
2563,76,G0002,2,51.59,2024-01-03,
2564,74,G0011,3,104.53,2024-06-24,
2565,179,G0042,3,256.09,2024-06-12,
2566,202,G0047,1,224.62,2024-12-09,
2567,230,G0014,3,297.49,2024-09-28,
2568,77,G0010,3,273.15,2024-06-27,
2569,293,G0018,2,221.9,2025-02-11,PROMO01
2570,286,G0076,3,255.11,2024-10-01,
2571,278,G0037,-3,217.09,2024-01-17,PROMO02
2572,20,G0043,1,253.63,2024-08-23,
2573,278,G0056,3,278.01,2024-09-13,
2574,150,G0017,2,148.16,2024-12-11,
2575,263,G0071,3,106.46,2024-03-08,
2576,146,G0045,2,245.46,2025-06-03,
2577,19,G0057,1,123.21,2024-12-31,PROMO02
2578,279,G0052,2,212.87,2025-02-03,
2579,277,G0024,1,136.07,2025-04-07,
2580,40,G0079,1,243.27,2025-04-17,
2581,273,G0064,2,85.91,2024-06-02,PROMO04
2582,259,G0064,3,85.91,2024-06-06,
2583,67,G0041,3,113.26,2024-07-19,
2584,20,G0069,2,80.63,2025-06-20,
2585,96,G0031,2,339.08,2024-02-23,
2586,16,G0047,2,224.62,2025-01-25,
2587,170,G0059,-3,200.65,2024-02-09,
2588,64,G0022,2,337.9,2024-06-29,
2589,176,G0048,2,116.64,2024-09-14,
2590,269,G0051,2,255.86,2025-02-07,
2591,181,G0079,2,243.27,2024-07-09,
2592,69,G0069,3,80.63,2024-10-02,
2593,114,G0025,3,216.35,2024-04-15,
2594,85,G0034,1,227.51,2024-12-01,
2595,173,G0062,1,100.05,2024-12-17,
2596,295,G0022,2,337.9,2024-08-14,PROMO02
2597,176,G0068,3,125.73,2025-01-13,
2598,259,G0014,3,297.49,2025-02-04,
2599,14,G0063,3,-121.9,2024-09-26,PROMO03
2600,9,G0079,2,243.27,2025-05-14,
2601,148,G0034,1,227.51,2024-01-08,
2602,914,G0066,3,241.7,2024-03-17,PROMO01
2603,247,G0077,2,171.46,2024-06-17,
2604,268,G0043,3,253.63,2024-08-29,
2605,20,G0012,2,305.64,2024-08-03,
2606,46,G0042,2,256.09,2025-04-09,
2607,168,G0026,1,81.24,2024-08-09,
2608,188,G0080,1,138.35,2025-03-05,
2609,269,G0013,1,273.26,2025-03-12,
2610,163,G0006,1,65.4,2024-09-29,PROMO02
2611,56,G0037,1,217.09,2024-02-06,
2612,91,G0059,2,200.65,2025-06-25,PROMO01
2613,269,G0061,3,172.06,2024-03-02,
2614,68,G0062,1,100.05,2024-10-05,
2615,121,G0066,3,241.7,2024-12-22,
2616,71,G0043,3,253.63,2025-03-14,
2617,167,G0075,3,58.76,2025-03-01,
2618,231,G0069,2,80.63,2024-10-13,
2619,86,G0018,2,221.9,2024-12-11,
2620,144,G0070,3,49.92,2024-12-13,
2621,217,G0047,2,224.62,2024-10-21,
2622,66,G0039,3,266.45,2024-05-01,PROMO04
2623,171,G0004,1,107.07,2024-01-07,PROMO01
2624,80,G0040,2,146.36,2024-08-23,
2625,119,G0010,1,273.15,2024-05-14,
2626,60,G0042,2,256.09,2024-03-11,
2627,166,G0044,2,283.11,2024-02-04,
2628,218,G0072,3,366.53,2024-07-05,
2629,146,G0039,2,266.45,2025-06-16,
2630,197,G0050,3,209.49,2025-05-17,
2631,114,G0055,2,207.21,2025-03-27,
2632,150,G0053,1,64.52,2024-01-07,
2633,264,G0022,2,337.9,2024-10-21,
2634,36,G0068,-1,125.73,2024-06-26,
2635,55,G0018,1,221.9,2024-03-05,
2636,74,G0001,3,124.6,2024-11-08,
2637,31,G0049,3,120.16,2024-01-09,PROMO02
2638,213,G0034,2,227.51,2024-06-12,
2639,284,G0060,2,216.3,2024-01-25,
2640,242,G0052,3,212.87,2024-03-30,
2641,91,G0024,2,136.07,2025-05-06,
2642,134,G0047,3,224.62,2024-09-29,
2643,195,G0020,3,74.45,2024-02-03,
2644,47,G0066,3,241.7,2025-04-09,
2645,284,G0031,3,339.08,2024-04-14,
2646,282,G0024,3,136.07,2025-03-26,PROMO04
2647,90,G0009,2,176.47,2024-08-08,
2648,112,G0073,3,179.77,2024-07-09,PROMO01
2649,167,G0024,1,136.07,2023-00-10,
2650,291,G0079,1,243.27,2025-02-25,PROMO01
2651,219,G9036,3,256.09,2024-03-18,
2652,121,G0071,3,106.46,2024-05-27,
2653,86,G0042,3,256.09,2025-01-07,
2654,126,G0074,-3,157.49,2024-07-27,
2655,158,G0035,2,169.53,2024-05-05,
2656,238,G0064,1,85.91,2024-06-14,
2657,149,G0032,1,84.76,2024-12-06,
2658,130,G0074,2,157.49,2024-04-29,
2659,929,G0078,3,244.12,2025-03-25,
2660,293,G0023,-2,52.23,2024-03-12,
2661,170,G0032,3,84.76,2025-04-24,
2662,255,G0015,1,191.62,2025-05-17,
2663,168,G0018,3,221.9,2025-06-15,
2664,77,G0004,3,107.07,2024-04-10,
2665,187,G9003,3,255.86,2024-02-25,
2666,89,G0005,1,289.63,2024-09-28,
2667,251,G0078,3,244.12,2025-04-21,
2668,260,G0073,2,179.77,2024-12-23,
2669,191,G0066,2,241.7,2024-07-08,
2670,274,G0051,1,255.86,2024-02-11,
2671,143,G0039,1,266.45,2025-02-01,
2672,294,G0074,2,157.49,2024-04-22,
2673,178,G9000,1,145.46,2024-04-05,
2674,77,G0074,1,157.49,2024-12-22,
2675,48,G0039,1,266.45,2025-05-04,
2676,262,G0025,1,216.35,2024-07-20,PROMO04
2677,241,G0011,1,104.53,2025-05-26,
2678,59,G0019,2,354.11,2024-02-19,
2679,78,G0015,1,191.62,2024-06-10,
2680,236,G0053,2,64.52,2024-05-22,
2681,46,G0015,1,191.62,2025-01-26,
2682,67,G0024,1,136.07,2024-05-03,
2683,17,G0058,1,231.17,2024-12-17,
2684,271,G0057,1,123.21,2024-07-21,PROMO02
2685,19,G9023,3,355.75,2024-07-16,
2686,173,G0027,3,76.44,2024-01-14,
2687,234,G0039,3,266.45,2024-04-16,
2688,145,G0023,1,52.23,2024-04-02,
2689,286,G0051,3,255.86,2025-06-21,
2690,173,G0002,3,51.59,2024-11-30,PROMO02
2691,147,G0049,1,120.16,2024-01-18,
2692,100,G0047,2,224.62,2025-01-24,
2693,34,G0001,1,124.6,2024-12-19,
2694,299,G0064,1,85.91,2024-04-09,
2695,233,G0016,1,233.36,2024-10-09,
2696,184,G0071,2,106.46,2025-01-10,
2697,67,G0028,1,74.77,2024-09-22,PROMO02
2698,14,G0019,2,354.11,2024-02-25,
2699,186,G0079,1,243.27,2025-05-05,
2700,254,G0036,1,99.02,2024-06-19,
2701,32,G0057,3,-123.21,2024-03-28,
2702,12,G0053,1,64.52,2024-05-13,
2703,145,G0068,3,125.73,2024-04-19,
2704,134,G0021,3,145.46,2024-01-08,
2705,147,G0005,1,289.63,2024-03-01,
2706,186,G0052,2,212.87,2025-04-07,
2707,158,G0080,1,138.35,2025-01-14,
2708,179,G0048,2,116.64,2025-03-11,
2709,127,G0033,2,217.97,2024-04-18,
2710,129,G0060,2,216.3,2024-01-03,
2711,285,G0008,1,134.23,2025-06-10,
2712,107,G0004,3,107.07,2025-02-26,
2713,52,G0058,2,231.17,2024-10-09,
2714,47,G0063,1,121.9,2025-03-09,
2715,279,G0002,3,51.59,2024-04-09,
2716,188,G0058,1,231.17,2024-05-31,
2717,56,G0044,3,283.11,2024-03-03,
2718,101,G0066,1,241.7,2025-02-22,
2719,127,G0007,2,55.49,2024-08-22,
2720,25,G0037,2,217.09,2025-06-27,PROMO04
2721,154,G0026,2,81.24,2024-06-28,
2722,101,G0004,1,107.07,2025-03-21,
2723,273,G0068,3,125.73,2024-12-29,
2724,220,G0077,2,171.46,2025-05-23,
2725,62,G0072,1,366.53,2024-12-07,
2726,103,G0078,2,244.12,2024-06-09,
2727,226,G0033,2,217.97,2025-02-07,
2728,77,G0011,2,104.53,2024-03-06,
2729,71,G0061,1,172.06,2024-02-02,
2730,137,G0052,2,212.87,2025-03-11,
2731,170,G0076,1,255.11,2024-03-10,
2732,26,G0058,3,231.17,2025-05-12,
2733,64,G0033,1,217.97,2024-01-21,
2734,135,G0075,1,58.76,2024-03-10,
2735,289,G0035,3,169.53,2024-01-04,
2736,34,G0041,1,113.26,2024-02-13,
2737,257,G0005,3,289.63,2024-10-31,
2738,255,G0051,3,255.86,2025-06-25,PROMO02
2739,34,G0026,2,81.24,2025-03-25,
2740,213,G0049,3,120.16,2024-10-26,
2741,196,G0013,1,273.26,2024-08-09,
2742,26,G0063,2,121.9,2024-09-29,
2743,90,G0042,2,256.09,2024-07-06,
2744,264,G0076,3,255.11,2024-10-23,
2745,59,G0079,2,243.27,2024-01-16,
2746,136,G0022,2,337.9,2024-05-22,
2747,240,G0007,3,55.49,2025-04-16,
2748,277,G0022,1,337.9,2024-04-01,
2749,82,G0004,3,107.07,2024-09-22,
2750,280,G0011,1,104.53,2025-01-13,
2751,293,G0066,3,241.7,2025-05-31,PROMO04
2752,76,G0015,1,191.62,2025-03-31,PROMO03
2753,261,G0004,1,107.07,2025-02-12,PROMO03
2754,274,G0018,1,221.9,2024-05-03,
2755,183,G0067,3,207.06,2024-08-26,
2756,226,G0065,2,277.19,2025-03-24,PROMO02
2757,32,G0004,2,107.07,2024-02-17,
2758,164,G0061,3,172.06,2024-04-05,
2759,93,G0025,2,216.35,2024-03-28,
2760,207,G0012,3,-305.64,2024-03-27,PROMO04
2761,139,G0022,3,337.9,2025-03-09,
2762,259,G0020,2,74.45,2025-02-05,
2763,245,G0007,2,55.49,2024-02-14,
2764,118,G0016,2,233.36,2024-03-31,
2765,217,G0015,2,191.62,2025-03-13,
2766,283,G0032,1,84.76,2025-05-14,
2767,284,G0072,1,366.53,2024-12-07,
2768,182,G0014,2,297.49,2025-02-11,
2769,24,G0078,2,244.12,2024-10-16,
2770,193,G0050,3,209.49,2024-09-11,
2771,220,G0004,2,107.07,2025-04-08,
2772,78,G0009,2,176.47,2024-01-12,
2773,174,G0014,2,297.49,2024-05-25,
2774,183,G0075,1,58.76,2025-02-20,
2775,280,G0017,1,148.16,2025-05-29,PROMO02
2776,137,G0069,2,80.63,2025-06-29,
2777,117,G0079,1,243.27,2025-03-22,
2778,133,G0051,2,255.86,2024-06-03,PROMO04
2779,295,G0009,2,176.47,2024-01-23,
2780,33,G0012,2,305.64,2024-03-16,
2781,58,G0076,3,255.11,2024-09-11,
2782,84,G0027,3,76.44,2025-02-21,
2783,110,G0061,3,172.06,2025-02-21,PROMO03
2784,96,G0032,1,84.76,2024-09-17,
2785,262,G0013,2,273.26,2024-12-06,
2786,12,G0022,2,337.9,2024-10-12,
2787,254,G0019,2,354.11,2024-05-07,
2788,220,G0041,3,113.26,2024-02-02,PROMO03
2789,141,G0004,3,107.07,2025-03-02,
2790,33,G0061,3,172.06,2025-05-10,PROMO01
2791,265,G0017,3,148.16,2024-02-30,
2792,294,G0070,3,49.92,2024-02-12,
2793,2,G0052,2,212.87,2024-05-28,
2794,41,G0057,2,123.21,2025-02-27,
2795,54,G0029,2,228.35,2024-07-08,PROMO04
2796,136,G0070,2,49.92,2024-09-11,
2797,298,G0051,3,255.86,2025-03-26,
2798,260,G0049,3,120.16,2024-11-15,
2799,47,G0042,2,-256.09,2024-09-24,PROMO01
2800,57,G0016,3,233.36,2024-05-18,
2801,93,G0008,3,134.23,2025-05-04,PROMO02
2802,196,G0006,-2,65.4,2024-04-26,
2803,41,G0055,3,-207.21,2024-03-04,
2804,276,G0072,2,366.53,2024-07-31,
2805,128,G0053,3,64.52,2024-05-08,
2806,297,G0034,2,227.51,2025-01-16,
2807,195,G0063,1,121.9,2024-02-20,
2808,294,G0039,1,266.45,2024-11-01,
2809,298,G0033,1,217.97,2024-02-18,
2810,193,G0049,3,120.16,2023-00-10,
2811,286,G0079,2,243.27,2025-03-17,
2812,26,G0042,2,256.09,2024-09-25,
2813,160,G0041,2,113.26,2025-01-07,
2814,227,G9019,3,283.11,2024-01-30,
2815,158,G0041,1,113.26,2024-07-15,
2816,15,G0055,1,207.21,2024-09-05,PROMO03
2817,133,G0052,2,212.87,2024-05-13,PROMO02
2818,215,G0044,3,283.11,2024-10-23,
2819,204,G0043,3,253.63,2024-12-21,
2820,28,G0002,3,51.59,2025-03-11,
2821,926,G9012,1,233.36,2024-06-04,
2822,232,G0055,2,207.21,2025-04-30,
2823,69,G0041,3,113.26,2024-03-09,
2824,54,G0011,1,104.53,2024-10-14,
2825,52,G0012,2,305.64,2024-14-05,
2826,129,G0069,3,80.63,2025-02-01,PROMO01
2827,275,G0002,1,51.59,2025-04-30,
2828,203,G0062,3,-100.05,2025-05-21,PROMO02
2829,101,G0011,1,104.53,2025-01-01,
2830,7,G0035,2,169.53,2024-05-18,PROMO04
2831,135,G0022,3,337.9,2025-03-11,
2832,57,G0022,1,337.9,2024-07-27,
2833,118,G0062,2,100.05,2024-08-21,
2834,198,G0069,1,80.63,2025-04-17,
2835,87,G0048,2,116.64,2025-06-10,
2836,66,G0016,3,233.36,2024-08-26,
2837,130,G0047,2,224.62,2024-02-18,
2838,220,G0033,2,217.97,2025-01-11,
2839,240,G0044,3,283.11,2024-05-29,PROMO01
2840,58,G0018,1,221.9,2024-06-06,PROMO04
2841,147,G0069,3,80.63,2025-05-18,
2842,44,G0058,2,231.17,2025-02-11,
2843,125,G0038,3,355.75,2024-06-19,
2844,16,G0025,3,216.35,2025-01-23,
2845,38,G0061,2,172.06,2024-01-13,
2846,32,G0009,3,176.47,2025-01-31,PROMO01
2847,131,G0043,-3,253.63,2024-07-18,
2848,118,G0042,3,256.09,2025-05-30,
2849,137,G0080,1,138.35,2024-12-04,
2850,157,G0002,1,51.59,2024-04-16,
2851,203,G0057,2,123.21,2025-06-01,
2852,35,G0055,2,207.21,2024-06-25,
2853,131,G0047,2,224.62,2024-09-25,
2854,273,G0027,3,76.44,2025-01-05,
2855,244,G0078,3,244.12,2024-08-10,
2856,283,G0014,1,297.49,2024-11-24,
2857,64,G0019,3,354.11,2025-04-12,PROMO03
2858,276,G0050,3,209.49,2025-03-11,PROMO02
2859,32,G0040,2,146.36,2025-05-07,
2860,69,G0062,1,100.05,2024-10-07,
2861,71,G0033,2,217.97,2024-08-26,
2862,46,G0077,3,-171.46,2025-01-25,
2863,90,G0035,1,169.53,2024-07-27,
2864,116,G0076,2,255.11,2024-06-15,
2865,122,G0073,1,179.77,2024-06-03,PROMO04
2866,16,G0051,1,255.86,2024-08-03,PROMO01
2867,296,G0072,1,366.53,2024-06-20,
2868,23,G0015,1,191.62,2024-07-08,
2869,2,G0003,1,150.98,2025-06-18,
2870,223,G0049,1,120.16,2024-02-16,PROMO04
2871,198,G0016,1,233.36,2024-03-26,
2872,97,G0048,2,116.64,2024-04-05,
2873,121,G0071,2,106.46,2024-11-22,
2874,44,G0076,3,255.11,2024-02-18,
2875,142,G0054,3,366.84,2024-05-21,
2876,159,G0053,3,64.52,2024-11-19,
2877,51,G0005,1,289.63,2024-07-22,
2878,9,G0059,2,200.65,2024-07-05,
2879,143,G0043,3,253.63,2025-01-23,
2880,39,G0043,1,253.63,2024-02-17,
2881,200,G0055,2,207.21,2024-04-04,
2882,202,G0048,2,116.64,2024-03-29,
2883,116,G0037,1,217.09,2025-04-02,
2884,52,G0052,3,212.87,2024-10-02,
2885,241,G0006,3,65.4,2024-01-16,
2886,288,G0025,2,216.35,2025-03-05,
2887,151,G0071,1,106.46,2025-01-21,
2888,291,G0073,3,179.77,2025-02-18,
2889,236,G0002,3,51.59,2024-08-27,
2890,286,G0072,3,366.53,2024-05-01,
2891,249,G0079,1,243.27,2025-01-07,
2892,220,G0024,2,136.07,2025-04-09,
2893,292,G0059,2,200.65,2024-01-24,
2894,122,G0017,1,148.16,2024-03-30,
2895,184,G0059,3,200.65,2025-06-18,
2896,96,G0049,1,120.16,2024-11-05,PROMO01
2897,293,G0048,1,116.64,2024-03-15,
2898,185,G0043,3,253.63,2024-11-17,PROMO01
2899,236,G0063,2,121.9,2024-10-24,
2900,71,G0063,2,121.9,2025-01-29,
2901,39,G0013,3,273.26,2024-14-05,
2902,207,G0018,2,221.9,2024-09-29,
2903,73,G0078,2,244.12,2024-12-08,
2904,39,G0058,1,231.17,2024-09-27,
2905,188,G0035,1,169.53,2024-04-17,
2906,178,G0038,2,355.75,2025-05-12,
2907,24,G0041,2,113.26,2025-06-01,
2908,296,G0019,1,354.11,2025-01-10,
2909,1,G0074,1,157.49,2024-02-20,
2910,205,G0029,3,228.35,2024-12-16,
2911,28,G0059,1,200.65,2024-08-04,
2912,143,G0061,1,172.06,2024-14-05,
2913,287,G0079,2,243.27,2024-10-13,
2914,46,G0063,3,121.9,2025-06-13,
2915,135,G0058,1,231.17,2024-04-02,
2916,215,G0010,2,273.15,2025-01-17,
2917,34,G0008,2,134.23,2024-03-01,
2918,295,G0048,1,116.64,2024-07-01,
2919,56,G0012,2,305.64,2024-07-09,
2920,23,G0047,1,224.62,2025-03-27,
2921,292,G0018,1,221.9,2024-02-14,
2922,37,G0056,3,278.01,2024-11-17,
2923,3,G0062,2,100.05,2024-03-29,PROMO03
2924,288,G0042,3,256.09,2024-10-27,
2925,73,G0073,3,179.77,2025-04-24,
2926,285,G0074,1,157.49,2025-02-26,
2927,132,G0036,2,99.02,2024-04-28,
2928,46,G0080,3,138.35,2025-06-11,PROMO04
2929,104,G0040,3,146.36,2024-03-25,
2930,37,G0005,2,289.63,2024-12-06,
2931,181,G0072,3,366.53,2025-02-16,
2932,94,G0009,2,176.47,2024-10-30,
2933,185,G0057,2,123.21,2025-06-20,
2934,124,G0044,1,283.11,2025-03-06,
2935,208,G0035,3,169.53,2025-03-21,
2936,220,G0058,1,231.17,2024-08-12,PROMO03
2937,154,G0070,3,49.92,2024-07-18,
2938,91,G0041,1,113.26,2025-01-26,PROMO03
2939,208,G0018,3,221.9,2024-02-18,
2940,28,G0058,2,231.17,2024-10-10,
2941,202,G0047,-2,224.62,2024-12-09,
2942,187,G0051,1,255.86,2024-07-29,
2943,5,G0077,1,171.46,2024-12-07,PROMO03
2944,55,G0006,2,65.4,2024-11-12,
2945,53,G0030,1,212.39,2024-03-26,PROMO04
2946,260,G0050,1,209.49,2024-01-20,
2947,152,G0057,3,123.21,2025-02-02,
2948,91,G0022,3,337.9,2024-01-25,
2949,190,G0030,2,212.39,2024-10-01,
2950,43,G0023,1,52.23,2024-03-25,
2951,94,G0057,2,123.21,2024-12-31,PROMO01
2952,6,G0021,2,145.46,2024-02-21,
2953,57,G0044,1,283.11,2024-07-06,PROMO03
2954,133,G0057,3,123.21,2024-12-13,
2955,145,G0006,2,65.4,2024-04-12,
2956,98,G0017,2,148.16,2024-02-20,PROMO03
2957,15,G0030,3,212.39,2024-03-08,
2958,202,G0037,3,217.09,2024-08-09,PROMO01
2959,105,G0075,1,58.76,2024-01-04,
2960,65,G0005,1,289.63,2025-03-14,
2961,146,G0009,1,176.47,2024-11-03,
2962,49,G0029,3,-228.35,2024-12-10,PROMO02
2963,280,G0046,2,255.5,2024-09-06,PROMO03
2964,76,G0006,2,-65.4,2025-02-01,
2965,31,G0053,2,64.52,2024-01-14,
2966,204,G0074,2,157.49,2024-03-01,
2967,199,G0057,2,123.21,2024-09-26,
2968,124,G0062,3,100.05,2024-09-30,
2969,65,G0028,3,74.77,2024-07-17,
2970,148,G0040,3,146.36,2025-01-18,PROMO01
2971,2,G0051,2,255.86,2025-04-14,
2972,81,G0043,2,253.63,2024-01-09,
2973,179,G0002,1,51.59,2025-05-20,
2974,195,G0041,2,113.26,2024-05-13,PROMO02
2975,147,G0014,2,297.49,2024-09-17,
2976,32,G0024,3,136.07,2024-06-02,
2977,114,G0040,2,146.36,2024-04-07,
2978,17,G0074,1,157.49,2025-03-07,
2979,24,G0046,1,255.5,2024-01-06,
2980,277,G0072,2,366.53,2025-06-06,
2981,8,G0020,1,-74.45,2024-03-31,
2982,228,G0029,1,228.35,2024-01-07,
2983,172,G0059,2,200.65,2025-04-06,
2984,290,G0024,1,136.07,2024-06-24,
2985,217,G0040,1,146.36,2025-02-08,
2986,124,G0054,3,366.84,2024-07-02,
2987,73,G9025,2,200.65,2024-12-28,
2988,40,G0033,2,217.97,2025-04-19,PROMO02
2989,1,G0057,1,123.21,2024-04-03,
2990,83,G0029,3,228.35,2024-01-07,
2991,221,G0022,1,337.9,2024-06-24,
2992,269,G0016,3,233.36,2025-05-15,
2993,188,G0073,1,179.77,2025-03-20,
2994,58,G0065,2,277.19,2024-08-04,
2995,171,G0071,3,106.46,2024-03-24,
2996,161,G0073,3,179.77,2025-04-19,
2997,241,G0022,3,337.9,2024-04-06,
2998,265,G0006,3,65.4,2024-02-21,
2999,174,G0031,2,339.08,2024-08-09,
3000,193,G0078,1,244.12,2025-06-04,PROMO04
3001,89,G0066,2,241.7,2024-12-05,PROMO03
3002,28,G0013,3,273.26,2024-05-21,
3003,245,G0021,1,145.46,2024-02-25,
3004,110,G0079,2,243.27,2024-05-10,
3005,118,G0018,3,221.9,2024-06-08,
3006,944,G0036,2,99.02,2025-05-13,PROMO02
3007,68,G0068,3,125.73,2024-04-22,
3008,185,G0074,3,157.49,2024-07-19,
3009,65,G0002,1,51.59,2024-02-06,
3010,26,G0036,3,99.02,2024-06-01,
3011,68,G0017,3,148.16,2025-03-25,
3012,66,G0014,1,297.49,2025-01-16,
3013,22,G0017,3,148.16,2024-04-05,
3014,25,G0053,2,64.52,2025-02-09,
3015,30,G0045,3,245.46,2024-08-24,PROMO04
3016,234,G0059,2,200.65,2025-02-11,PROMO01
3017,276,G0029,1,228.35,2024-03-13,
3018,83,G0077,1,171.46,2025-03-01,
3019,38,G0061,2,172.06,2025-01-22,PROMO01
3020,82,G0075,3,58.76,2025-06-27,
3021,15,G0034,1,227.51,2024-10-09,
3022,199,G0051,-1,255.86,2024-06-03,
3023,104,G0016,2,233.36,2025-05-13,
3024,29,G0047,2,224.62,2025-01-12,PROMO04
3025,202,G0059,-1,200.65,2025-01-27,
3026,202,G0020,1,74.45,2025-06-08,
3027,186,G0047,1,224.62,2024-11-06,
3028,131,G0039,3,266.45,2024-02-07,
3029,221,G0051,1,255.86,2024-11-09,
3030,97,G0029,3,228.35,2025-03-02,
3031,155,G0078,2,244.12,2024-06-20,
3032,67,G9048,2,337.9,2024-05-17,
3033,61,G0012,2,305.64,2024-05-30,
3034,904,G0018,3,221.9,2024-12-17,PROMO03
3035,137,G0020,1,74.45,2025-06-11,PROMO01
3036,274,G0064,3,85.91,2024-04-10,
3037,209,G0019,3,354.11,2024-09-02,
3038,44,G0077,3,171.46,2025-01-24,
3039,943,G0072,2,366.53,2024-09-02,PROMO03
3040,236,G0024,2,136.07,2024-02-28,
3041,121,G0029,1,228.35,2024-09-23,PROMO01
3042,124,G0010,1,273.15,2025-01-09,
3043,271,G0064,2,85.91,2024-01-29,
3044,137,G0048,2,116.64,2025-02-03,PROMO03
3045,256,G0043,2,253.63,2025-02-15,
3046,138,G0043,1,253.63,2025-01-04,PROMO04
3047,190,G0073,2,179.77,2024-10-04,
3048,258,G0049,1,120.16,2025-03-17,
3049,144,G0017,1,148.16,2024-06-30,
3050,190,G0003,-3,150.98,2024-01-09,
3051,157,G0066,1,241.7,2024-12-15,
3052,205,G0077,1,171.46,2024-11-26,
3053,191,G0074,2,157.49,2025-02-10,
3054,229,G0024,1,136.07,2024-09-02,
3055,142,G0018,1,221.9,2025-01-11,
3056,61,G0035,1,169.53,2025-01-29,
3057,147,G0007,3,55.49,2024-09-28,
3058,299,G0026,1,81.24,2024-06-10,PROMO01
3059,155,G0041,2,113.26,2024-08-06,
3060,29,G0058,3,231.17,2025-02-26,
3061,235,G0029,1,228.35,2024-01-19,
3062,63,G0064,3,85.91,2024-12-30,PROMO02
3063,62,G0011,2,104.53,2025-04-02,
3064,286,G0036,2,99.02,2024-06-09,
3065,144,G0023,2,52.23,2025-06-01,
3066,133,G0035,3,169.53,2025-05-25,
3067,255,G0025,3,216.35,2024-06-16,PROMO01
3068,271,G0053,2,64.52,2024-05-31,
3069,228,G0060,2,216.3,2024-05-15,
3070,205,G0042,2,256.09,2024-07-11,
3071,2,G0015,2,191.62,2024-03-04,
3072,24,G0046,1,255.5,2025-03-25,PROMO01
3073,13,G0048,2,116.64,2025-06-15,
3074,24,G0005,1,289.63,2024-06-04,
3075,92,G0017,1,148.16,2024-11-12,
3076,238,G0025,1,216.35,2025-03-11,
3077,155,G0030,3,212.39,2024-05-06,
3078,112,G0051,3,255.86,2024-03-29,
3079,85,G0005,-1,289.63,2024-05-04,
3080,178,G0045,3,245.46,2024-06-06,
3081,201,G0023,3,52.23,2024-01-28,
3082,96,G0074,3,157.49,2025-05-11,
3083,177,G0017,3,148.16,2025-01-17,PROMO03
3084,110,G0031,1,339.08,2024-06-22,
3085,227,G0030,3,212.39,2024-07-13,PROMO02
3086,1,G0037,2,217.09,2025-04-30,
3087,114,G0046,1,255.5,2024-05-12,
3088,219,G0012,3,305.64,2024-12-24,PROMO04
3089,204,G0012,1,-305.64,2025-04-15,
3090,96,G0050,3,209.49,2025-05-24,
3091,62,G0065,1,277.19,2024-07-23,
3092,51,G0002,2,51.59,2024-05-07,
3093,52,G0046,3,255.5,2024-08-15,PROMO02
3094,46,G0064,3,85.91,2025-03-21,PROMO03
3095,274,G0034,2,227.51,2025-05-04,
3096,227,G0034,1,227.51,2024-05-28,
3097,111,G0020,1,74.45,2024-06-14,PROMO01
3098,55,G0078,2,244.12,2024-09-16,PROMO03
3099,287,G0073,1,179.77,2024-07-07,
3100,182,G0052,1,212.87,2025-01-21,
3101,173,G0028,2,74.77,2024-02-20,PROMO02
3102,246,G0032,1,84.76,2024-04-27,
3103,140,G0051,3,255.86,2025-05-18,
3104,121,G0001,2,124.6,2024-11-18,
3105,287,G0040,1,146.36,2024-11-27,
3106,37,G0029,2,228.35,2024-06-27,
3107,30,G0066,2,241.7,2025-02-12,
3108,243,G0047,2,224.62,2024-03-05,
3109,142,G0061,1,172.06,2025-01-05,
3110,292,G0010,1,273.15,2024-03-09,
3111,220,G0035,1,169.53,2024-03-20,
3112,920,G0043,2,253.63,2024-10-05,
3113,47,G0074,3,157.49,2025-01-19,
3114,109,G0076,2,255.11,2025-04-06,
3115,184,G0024,1,136.07,2025-05-03,
3116,71,G0003,2,150.98,2024-06-21,
3117,903,G0002,1,51.59,2025-05-23,
3118,46,G0020,2,74.45,2024-03-16,PROMO02
3119,221,G0080,2,138.35,2025-04-18,
3120,233,G0052,1,212.87,2025-06-19,
3121,38,G0022,2,337.9,2025-05-17,PROMO02
3122,41,G0078,1,244.12,2024-05-15,
3123,200,G0004,2,107.07,2024-12-13,
3124,272,G0069,3,80.63,2025-05-01,
3125,216,G0046,1,255.5,2024-07-31,PROMO03
3126,104,G0015,3,191.62,2024-04-03,
3127,196,G0043,2,253.63,2024-07-11,
3128,263,G0075,3,58.76,2024-12-08,
3129,64,G0019,1,354.11,2024-06-11,
3130,36,G0046,1,255.5,2024-12-23,
3131,194,G0035,2,169.53,2025-04-12,
3132,146,G0062,1,100.05,2024-02-21,
3133,216,G0072,2,366.53,2025-02-09,
3134,279,G0056,2,278.01,2025-02-14,
3135,230,G0076,2,255.11,2024-11-12,PROMO01
3136,215,G0026,2,81.24,2024-12-21,
3137,18,G0033,2,217.97,2024-02-03,
3138,126,G0046,2,255.5,2024-08-13,
3139,20,G0076,3,255.11,2025-01-30,PROMO04
3140,96,G0060,2,216.3,2024-03-21,
3141,290,G0046,1,255.5,2025-01-24,
3142,106,G0007,3,55.49,2025-01-14,
3143,5,G0023,2,52.23,2024-12-24,
3144,271,G0021,2,145.46,2025-02-27,
3145,219,G0039,1,266.45,2024-03-21,PROMO03
3146,269,G0080,3,-138.35,2024-12-09,
3147,179,G0037,2,217.09,2025-03-21,
3148,170,G0034,2,227.51,2024-08-14,
3149,132,G0010,2,273.15,2024-05-04,
3150,126,G0078,1,244.12,2024-09-21,
3151,231,G0037,1,217.09,2024-10-03,PROMO03
3152,9,G0068,3,125.73,2024-06-24,
3153,25,G0076,2,255.11,2025-05-27,
3154,245,G0028,3,74.77,2025-06-29,
3155,268,G0075,2,58.76,2024-04-12,
3156,54,G0002,3,51.59,2025-04-01,
3157,89,G0015,2,191.62,2024-02-14,
3158,155,G0067,2,207.06,2024-07-16,
3159,925,G0048,2,116.64,2025-04-28,
3160,68,G0017,1,148.16,2024-09-07,
3161,155,G0036,3,99.02,2025-03-19,
3162,196,G0009,-1,176.47,2024-08-16,
3163,15,G0019,3,354.11,2024-12-30,
3164,59,G0027,3,76.44,2025-04-17,
3165,202,G0046,3,255.5,2025-02-05,
3166,299,G0044,3,283.11,2025-04-27,PROMO04
3167,41,G0074,3,157.49,2024-02-30,PROMO03
3168,185,G0071,2,106.46,2024-07-12,
3169,168,G0051,2,255.86,2024-08-14,
3170,115,G0070,3,49.92,2025-01-14,
3171,105,G0038,1,355.75,2024-07-14,
3172,81,G0018,1,221.9,2024-09-11,
3173,235,G0038,1,355.75,2024-09-28,
3174,56,G0003,2,150.98,2024-08-25,
3175,297,G0054,3,366.84,2025-02-09,
3176,277,G0004,1,107.07,2024-11-17,
3177,73,G0073,2,179.77,2025-01-25,
3178,26,G0020,3,74.45,2024-04-01,
3179,250,G0057,2,123.21,2024-03-06,
3180,97,G0005,2,289.63,2024-07-31,
3181,30,G0020,1,74.45,2025-01-10,PROMO02
3182,83,G0072,-3,366.53,2024-10-14,
3183,174,G0024,2,136.07,2024-12-10,
3184,82,G0026,1,81.24,2024-05-16,
3185,79,G0080,1,138.35,2024-01-10,
3186,69,G0043,2,253.63,2024-04-20,
3187,6,G0030,1,212.39,2024-08-12,
3188,210,G0060,2,216.3,2024-14-05,
3189,63,G0055,2,207.21,2025-01-08,PROMO01
3190,225,G0055,1,207.21,2025-05-04,
3191,178,G0041,1,-113.26,2024-02-28,
3192,190,G0027,1,76.44,2024-03-21,PROMO02
3193,119,G0075,3,58.76,2024-09-21,
3194,88,G0031,1,339.08,2024-08-09,
3195,68,G0006,1,65.4,2024-10-30,
3196,298,G0003,1,150.98,2025-04-10,
3197,84,G0017,2,148.16,2024-02-23,PROMO01
3198,225,G0053,2,64.52,2025-04-18,
3199,53,G0061,3,172.06,2025-05-22,
3200,134,G0053,1,64.52,2024-07-06,PROMO01
3201,198,G0047,3,224.62,2024-08-20,
3202,226,G0020,3,74.45,2025-04-25,
3203,174,G0065,1,277.19,2024-07-03,
3204,21,G0075,3,-58.76,2024-12-17,
3205,274,G0037,3,217.09,2024-09-17,PROMO02
3206,127,G0063,1,121.9,2024-07-11,
3207,40,G0024,1,136.07,2024-05-13,
3208,25,G0016,3,233.36,2025-04-13,PROMO01
3209,121,G0045,3,245.46,2025-03-01,
3210,26,G0010,2,273.15,2024-02-20,PROMO04
3211,150,G0005,3,289.63,2024-08-18,
3212,181,G9045,3,297.49,2024-09-14,
3213,92,G0077,2,171.46,2024-04-22,
3214,89,G0023,1,52.23,2025-05-19,PROMO03
3215,128,G0029,3,228.35,2025-04-10,
3216,11,G0047,2,224.62,2024-06-02,
3217,193,G0023,2,52.23,2024-11-24,
3218,134,G0076,3,255.11,2025-01-26,
3219,99,G0025,3,216.35,2024-01-02,
3220,101,G0026,2,81.24,2024-02-30,
3221,10,G0040,3,146.36,2025-06-15,
3222,298,G0043,1,253.63,2024-10-04,
3223,86,G0002,2,51.59,2025-01-21,
3224,179,G0010,3,273.15,2024-11-16,
3225,230,G0064,2,85.91,2024-07-05,
3226,108,G0021,3,145.46,2024-11-20,
3227,138,G0024,2,136.07,2025-05-24,
3228,88,G0021,2,145.46,2024-06-06,
3229,42,G0052,2,212.87,2024-03-26,
3230,69,G0004,3,107.07,2025-01-12,
3231,81,G0020,3,74.45,2024-10-19,
3232,166,G0053,1,64.52,2024-02-13,
3233,163,G0041,3,113.26,2025-02-15,
3234,126,G0060,3,216.3,2024-06-06,
3235,89,G0080,3,138.35,2024-10-30,
3236,93,G0006,2,65.4,2025-01-21,
3237,133,G0080,3,138.35,2024-01-28,
3238,283,G0044,1,283.11,2024-07-18,
3239,55,G0029,3,228.35,2024-02-11,
3240,294,G0069,1,80.63,2024-06-09,
3241,43,G0023,1,52.23,2024-04-06,PROMO02
3242,40,G0048,3,116.64,2024-10-30,
3243,58,G0048,3,116.64,2024-06-06,PROMO04
3244,275,G0064,2,85.91,2024-11-01,PROMO01
3245,299,G0015,3,191.62,2024-11-30,
3246,276,G0008,2,134.23,2024-11-12,PROMO02
3247,1,G0006,2,65.4,2024-06-30,
3248,258,G0064,2,85.91,2025-06-21,
3249,161,G0067,2,207.06,2025-02-01,
3250,145,G0052,3,212.87,2024-11-14,
3251,61,G0077,2,171.46,2024-05-12,
3252,93,G0015,3,191.62,2024-05-24,
3253,224,G0019,1,354.11,2024-03-17,
3254,9,G0040,3,146.36,2024-03-06,
3255,84,G0079,2,243.27,2025-06-28,
3256,58,G0037,3,217.09,2025-05-12,PROMO01
3257,47,G0061,3,172.06,2025-04-02,
3258,209,G0076,3,255.11,2024-10-11,
3259,270,G0013,3,273.26,2024-06-13,
3260,102,G0015,3,191.62,2024-01-21,
3261,222,G0055,2,207.21,2024-01-22,
3262,87,G0001,1,124.6,2024-01-06,
3263,101,G0021,3,145.46,2024-12-10,
3264,203,G0025,1,216.35,2024-01-04,
3265,24,G0042,1,256.09,2024-10-03,
3266,272,G0031,3,339.08,2024-01-02,PROMO02
3267,214,G0079,1,243.27,2024-03-04,
3268,204,G0069,3,80.63,2025-03-18,
3269,235,G0056,1,278.01,2024-08-20,
3270,285,G0027,3,76.44,2025-01-29,
3271,105,G0028,2,74.77,2025-02-21,PROMO01
3272,259,G0044,3,283.11,2024-04-26,PROMO04
3273,91,G0051,2,255.86,2024-04-17,
3274,283,G0040,1,146.36,2024-01-01,PROMO02
3275,80,G0065,1,277.19,2024-07-24,PROMO02
3276,51,G0070,3,49.92,2024-08-17,
3277,96,G0060,3,216.3,2024-03-05,
3278,167,G0003,2,150.98,2025-05-08,
3279,49,G0006,2,65.4,2025-01-14,
3280,86,G0001,3,124.6,2025-06-19,
3281,137,G0032,1,84.76,2024-05-10,
3282,228,G0053,1,64.52,2025-04-16,PROMO01
3283,181,G0076,2,255.11,2024-09-09,
3284,154,G0045,3,245.46,2025-05-24,
3285,9,G0020,3,74.45,2025-02-04,
3286,205,G0069,2,80.63,2024-06-23,
3287,182,G0074,1,157.49,2024-05-21,
3288,105,G0040,3,146.36,2025-06-03,
3289,84,G0044,2,283.11,2024-08-16,
3290,223,G0002,2,51.59,2024-11-01,PROMO01
3291,228,G0035,3,169.53,2025-05-01,
3292,211,G0055,3,207.21,2024-11-07,
3293,225,G0074,3,157.49,2025-02-09,
3294,288,G0001,3,124.6,2025-04-13,
3295,255,G0033,3,217.97,2024-12-26,
3296,293,G0037,2,217.09,2024-10-09,
3297,261,G0025,3,216.35,2025-05-31,
3298,58,G0053,2,64.52,2024-09-05,
3299,235,G0067,3,207.06,2024-12-17,
3300,298,G0069,3,80.63,2024-04-19,PROMO03
3301,300,G0069,1,80.63,2024-09-28,
3302,6,G0078,1,244.12,2025-06-11,
3303,6,G0042,1,256.09,2024-05-01,
3304,17,G0021,2,145.46,2024-05-22,PROMO01
3305,204,G0052,2,212.87,2024-03-03,
3306,279,G0023,2,52.23,2024-09-15,
3307,54,G0029,1,-228.35,2024-07-13,PROMO01
3308,169,G0062,2,100.05,2024-08-30,
3309,243,G0034,3,227.51,2024-04-18,
3310,213,G0031,1,339.08,2024-06-01,PROMO04
3311,190,G0002,1,51.59,2024-01-01,
3312,177,G0050,3,209.49,2025-02-16,
3313,183,G0027,1,-76.44,2025-01-01,
3314,50,G0072,2,366.53,2024-07-15,
3315,278,G0038,2,355.75,2025-04-04,
3316,258,G0062,3,100.05,2024-01-20,
3317,272,G0061,1,172.06,2025-02-28,PROMO01
3318,16,G0015,3,191.62,2024-07-27,
3319,63,G0007,1,55.49,2024-10-04,PROMO03
3320,130,G0017,3,148.16,2024-02-14,
3321,141,G0044,2,283.11,2025-02-14,
3322,192,G0022,-2,337.9,2024-02-09,
3323,65,G0015,2,191.62,2024-12-18,
3324,224,G0062,1,100.05,2024-11-18,PROMO02
3325,95,G0024,1,136.07,2024-01-09,
3326,111,G0038,2,355.75,2024-01-31,
3327,158,G0062,2,100.05,2024-11-06,
3328,167,G0048,3,116.64,2024-08-16,
3329,168,G0022,1,337.9,2024-08-25,
3330,161,G0001,2,124.6,2024-03-24,PROMO03
3331,171,G0045,1,245.46,2024-04-14,
3332,29,G0001,3,124.6,2024-09-12,
3333,95,G0012,1,305.64,2025-04-28,
3334,74,G0060,2,216.3,2024-06-09,
3335,139,G9047,3,80.63,2024-09-09,
3336,285,G0042,3,256.09,2024-11-24,
3337,88,G0024,3,136.07,2024-11-08,
3338,178,G0018,3,221.9,2024-11-16,
3339,60,G0065,2,277.19,2025-05-15,
3340,44,G0058,1,231.17,2024-02-26,
3341,27,G0068,-3,125.73,2024-02-18,
3342,48,G0034,2,227.51,2025-04-10,
3343,242,G0030,2,212.39,2024-08-07,
3344,73,G0039,2,266.45,2025-06-25,
3345,152,G0015,2,191.62,2024-05-01,
3346,154,G0074,2,157.49,2024-07-23,
3347,105,G0005,2,289.63,2024-08-24,
3348,274,G0004,1,107.07,2024-07-18,
3349,112,G0054,1,366.84,2024-03-11,
3350,123,G0067,3,207.06,2024-07-05,
3351,20,G0066,2,241.7,2025-06-02,
3352,90,G9006,-1,366.53,2024-12-27,
3353,246,G0070,2,49.92,2024-07-20,
3354,285,G0056,1,278.01,2024-11-19,
3355,161,G0024,1,136.07,2025-03-31,
3356,210,G0042,3,256.09,2024-08-05,PROMO02
3357,248,G0066,1,241.7,2024-04-13,
3358,55,G0046,2,255.5,2025-05-04,
3359,143,G0049,2,120.16,2024-03-30,
3360,227,G0049,1,120.16,2025-02-11,
3361,34,G0040,1,146.36,2024-08-02,
3362,70,G0076,3,255.11,2024-09-20,PROMO04
3363,135,G0044,1,283.11,2024-01-30,
3364,58,G0007,3,55.49,2024-12-14,
3365,296,G0003,3,150.98,2024-08-27,
3366,175,G0021,1,145.46,2024-03-28,
3367,210,G0067,2,207.06,2024-10-21,
3368,151,G0050,2,209.49,2025-06-10,
3369,153,G0080,3,138.35,2025-04-13,
3370,225,G0022,3,337.9,2025-01-14,
3371,252,G0043,3,253.63,2024-12-22,
3372,65,G0067,3,207.06,2024-04-23,
3373,27,G0023,1,52.23,2024-03-14,
3374,299,G0060,3,216.3,2024-03-16,
3375,154,G0068,3,125.73,2024-07-11,
3376,232,G0011,2,104.53,2024-01-15,PROMO03
3377,135,G0043,1,253.63,2024-09-29,
3378,106,G0055,2,207.21,2024-06-12,
3379,201,G0067,1,207.06,2024-03-25,
3380,112,G0004,1,107.07,2025-06-24,
3381,223,G0069,1,80.63,2024-03-24,
3382,252,G0069,1,80.63,2024-10-08,PROMO03
3383,296,G0002,1,51.59,2024-06-19,
3384,228,G0060,3,216.3,2024-02-18,
3385,76,G0072,2,366.53,2025-03-09,
3386,114,G0048,1,116.64,2024-11-16,
3387,276,G0003,3,150.98,2025-04-20,PROMO01
3388,164,G0025,1,216.35,2025-02-08,
3389,905,G0016,3,233.36,2024-09-03,
3390,41,G0002,1,51.59,2025-06-29,
3391,294,G0061,2,172.06,2024-05-17,
3392,162,G0045,1,245.46,2024-09-06,
3393,22,G0074,1,157.49,2025-06-27,
3394,274,G0013,3,273.26,2024-05-05,
3395,168,G0008,1,134.23,2024-11-02,
3396,237,G0027,2,76.44,2024-03-12,PROMO04
3397,106,G0049,2,120.16,2024-05-23,PROMO01
3398,112,G0045,3,245.46,2025-02-14,
3399,108,G0046,1,255.5,2024-03-02,
3400,171,G0070,2,49.92,2025-03-16,
3401,150,G0058,3,231.17,2024-09-09,
3402,172,G0050,2,209.49,2024-09-02,
3403,291,G0024,2,136.07,2024-12-21,
3404,60,G0013,2,273.26,2024-10-24,
3405,22,G0018,3,221.9,2024-09-02,
3406,94,G0059,1,200.65,2024-06-11,
3407,216,G0049,2,120.16,2024-01-05,
3408,128,G0038,1,355.75,2025-06-17,
3409,131,G0033,1,217.97,2025-02-26,
3410,54,G0080,3,138.35,2025-04-17,PROMO03
3411,105,G0043,3,253.63,2024-11-02,
3412,136,G0006,2,65.4,2024-05-07,
3413,287,G0070,1,49.92,2024-05-18,
3414,110,G0002,2,51.59,2024-05-26,
3415,107,G0055,1,207.21,2025-06-05,PROMO03
3416,133,G0035,2,169.53,2024-04-28,
3417,297,G0030,3,212.39,2024-11-20,
3418,12,G0074,2,157.49,2024-02-15,
3419,206,G0034,3,227.51,2024-01-04,
3420,89,G0065,3,277.19,2024-10-11,PROMO04
3421,139,G0041,2,113.26,2024-04-24,PROMO02
3422,169,G0069,3,80.63,2025-04-09,
3423,252,G0016,2,233.36,2024-09-29,PROMO01
3424,218,G0071,3,106.46,2024-05-02,
3425,197,G0035,3,169.53,2024-02-05,
3426,107,G0076,3,255.11,2025-06-19,PROMO04
3427,106,G0071,2,106.46,2025-03-29,
3428,184,G0066,1,241.7,2024-08-27,
3429,146,G0061,2,172.06,2024-01-15,
3430,49,G0030,3,212.39,2024-01-09,
3431,58,G0045,1,245.46,2025-06-08,
3432,215,G0003,1,150.98,2024-05-10,
3433,179,G0034,1,227.51,2024-02-10,PROMO01
3434,88,G0030,1,212.39,2024-02-05,
3435,183,G0058,2,231.17,2024-05-17,
3436,144,G0009,1,176.47,2024-02-27,
3437,254,G0076,3,255.11,2024-10-05,
3438,111,G0021,2,145.46,2025-01-15,PROMO02
3439,283,G0010,1,273.15,2025-05-09,
3440,159,G0013,3,273.26,2024-05-27,
3441,142,G0070,2,49.92,2024-01-29,
3442,286,G0061,1,172.06,2025-02-03,PROMO04
3443,105,G0024,1,136.07,2025-01-17,
3444,254,G0039,1,266.45,2024-07-08,
3445,136,G0028,1,74.77,2025-03-05,
3446,274,G0080,1,138.35,2024-02-06,
3447,196,G0068,2,125.73,2024-04-11,
3448,111,G0007,2,55.49,2024-01-13,
3449,205,G0058,3,231.17,2024-06-22,
3450,78,G0005,1,289.63,2024-12-09,
3451,122,G0051,2,255.86,2024-05-18,
3452,185,G0026,2,81.24,2024-02-01,
3453,239,G0061,3,172.06,2024-11-16,
3454,50,G0064,1,85.91,2024-05-19,
3455,289,G0002,1,51.59,2025-04-17,
3456,237,G0012,1,305.64,2024-02-05,
3457,88,G0021,-1,145.46,2024-04-21,
3458,195,G0073,1,179.77,2025-06-05,
3459,39,G0050,2,209.49,2024-05-25,
3460,13,G0033,2,217.97,2024-10-13,
3461,58,G0064,1,85.91,2024-06-20,
3462,36,G0061,1,172.06,2025-04-10,
3463,126,G0053,1,64.52,2024-05-28,
3464,155,G0038,1,355.75,2024-07-07,
3465,48,G0051,1,255.86,2024-05-27,
3466,110,G0076,2,255.11,2024-03-25,
3467,9,G0075,2,58.76,2024-11-08,
3468,229,G0061,1,172.06,2025-01-19,
3469,107,G0024,2,136.07,2024-12-27,
3470,116,G0017,2,148.16,2025-02-22,
3471,239,G0078,2,244.12,2024-01-25,PROMO02
3472,139,G0045,3,-245.46,2025-01-02,
3473,180,G0015,2,191.62,2024-02-07,
3474,55,G0074,3,157.49,2024-04-23,
3475,275,G0075,1,58.76,2024-06-23,
3476,277,G0052,3,212.87,2023-00-10,
3477,275,G0053,2,64.52,2025-05-05,
3478,264,G0054,1,366.84,2024-08-07,
3479,31,G0002,3,51.59,2025-06-22,
3480,234,G0034,1,227.51,2025-06-07,
3481,225,G0072,1,366.53,2024-04-22,
3482,252,G0038,3,355.75,2024-05-13,
3483,154,G0006,1,65.4,2025-02-17,
3484,271,G0026,2,81.24,2024-05-10,
3485,167,G0030,2,212.39,2024-10-02,
3486,139,G0058,1,231.17,2025-05-31,
3487,115,G0074,3,157.49,2025-02-24,
3488,222,G0024,1,136.07,2024-01-10,
3489,86,G0026,3,81.24,2025-05-18,
3490,76,G0002,2,51.59,2024-12-02,
3491,107,G0028,1,74.77,2024-03-03,
3492,281,G0067,2,207.06,2024-09-11,
3493,207,G0059,1,200.65,2024-04-23,
3494,2,G0067,3,207.06,2024-04-02,
3495,61,G0052,1,212.87,2024-01-24,
3496,48,G0050,3,209.49,2024-06-04,
3497,72,G0064,1,85.91,2025-04-12,
3498,298,G0069,3,80.63,2025-04-15,
3499,23,G0050,1,209.49,2024-12-10,
3500,43,G0071,2,106.46,2025-05-06,PROMO04
3501,126,G0006,1,65.4,2024-01-24,PROMO03
3502,113,G0032,2,84.76,2024-05-01,PROMO02
3503,229,G0011,1,104.53,2025-06-19,PROMO03
3504,48,G0078,3,244.12,2025-01-13,
3505,169,G0065,1,277.19,2024-11-12,
3506,10,G0025,3,216.35,2024-09-23,
3507,7,G0009,2,176.47,2024-07-27,
3508,123,G0036,2,99.02,2025-02-24,
3509,165,G0049,3,120.16,2024-09-13,
3510,140,G0052,2,212.87,2025-03-28,
3511,28,G0013,1,273.26,2024-02-30,
3512,9,G0018,3,221.9,2024-04-03,
3513,78,G0018,3,221.9,2024-08-15,
3514,148,G0001,1,124.6,2025-02-04,
3515,272,G0045,3,245.46,2024-03-12,
3516,167,G0018,2,221.9,2024-08-20,
3517,184,G0025,2,216.35,2024-11-15,
3518,114,G0045,2,245.46,2024-14-05,
3519,45,G0021,3,145.46,2024-04-06,PROMO02
3520,283,G0043,1,253.63,2024-04-28,
3521,36,G0023,3,52.23,2024-12-01,
3522,10,G0037,3,217.09,2025-02-11,
3523,17,G0008,2,134.23,2024-06-26,
3524,136,G0055,2,207.21,2024-01-25,
3525,66,G0072,1,366.53,2025-06-18,
3526,45,G0004,1,107.07,2024-06-28,
3527,66,G0073,3,179.77,2025-03-13,
3528,46,G0017,1,148.16,2024-09-27,PROMO03
3529,6,G0064,3,85.91,2024-14-05,
3530,167,G0029,3,-228.35,2024-09-21,
3531,24,G0040,3,146.36,2024-06-30,PROMO04
3532,215,G0029,3,228.35,2024-11-03,
3533,13,G0014,3,297.49,2024-03-31,
3534,4,G0047,2,224.62,2024-07-28,PROMO03
3535,252,G0020,2,74.45,2024-02-30,
3536,216,G0011,2,104.53,2025-02-23,
3537,84,G0041,1,113.26,2024-05-09,
3538,94,G0051,2,255.86,2024-01-04,
3539,215,G0050,2,209.49,2025-02-13,PROMO02
3540,142,G0010,3,273.15,2024-14-05,PROMO04
3541,280,G0057,3,123.21,2024-10-03,
3542,151,G0061,2,172.06,2024-03-23,
3543,297,G0008,3,134.23,2024-07-31,
3544,19,G0053,-1,64.52,2025-06-06,
3545,290,G0062,2,100.05,2024-05-29,
3546,161,G0035,1,169.53,2024-11-10,
3547,215,G0049,3,120.16,2024-06-05,PROMO02
3548,45,G0044,3,283.11,2025-03-19,
3549,183,G0021,2,145.46,2024-09-19,
3550,89,G0003,2,150.98,2024-10-10,
3551,46,G0016,1,233.36,2025-05-19,
3552,280,G0071,1,106.46,2025-06-27,
3553,128,G0001,3,124.6,2025-03-15,
3554,116,G0044,3,283.11,2024-10-21,
3555,258,G0023,3,52.23,2024-03-07,
3556,142,G0076,2,255.11,2024-01-24,PROMO04
3557,133,G0003,2,150.98,2024-04-10,
3558,23,G0024,1,136.07,2024-06-13,
3559,190,G0040,1,146.36,2024-10-12,
3560,96,G0032,1,84.76,2024-05-01,
3561,27,G0040,3,146.36,2025-06-24,
3562,123,G0064,1,85.91,2024-04-12,
3563,259,G0050,1,209.49,2024-02-29,
3564,32,G0026,1,81.24,2025-04-02,
3565,26,G0011,1,104.53,2024-10-09,
3566,7,G0027,2,76.44,2025-05-01,
3567,124,G0014,3,297.49,2025-05-23,
3568,239,G0072,2,366.53,2024-02-16,
3569,54,G0050,1,209.49,2024-12-29,
3570,27,G0065,2,277.19,2024-04-10,
3571,146,G0060,3,216.3,2024-12-02,PROMO01
3572,62,G0010,1,273.15,2025-03-24,
3573,173,G0068,1,125.73,2024-05-02,
3574,86,G0072,3,366.53,2025-03-30,
3575,2,G0061,1,172.06,2025-04-24,
3576,29,G0030,2,212.39,2024-04-24,PROMO01
3577,219,G0004,3,107.07,2025-06-08,
3578,241,G0020,1,74.45,2024-07-26,
3579,197,G0033,2,217.97,2025-05-17,
3580,275,G0026,2,81.24,2024-12-12,
3581,21,G0058,2,231.17,2024-04-18,PROMO01
3582,94,G0037,3,217.09,2024-01-16,
3583,282,G0047,2,224.62,2025-04-21,PROMO01
3584,8,G0022,3,337.9,2024-09-20,
3585,151,G0025,1,216.35,2024-08-06,PROMO02
3586,84,G0016,-2,233.36,2024-02-08,
3587,197,G0078,3,244.12,2025-01-26,
3588,234,G0034,2,227.51,2025-04-28,
3589,227,G0046,1,255.5,2025-03-23,
3590,61,G0032,3,84.76,2025-01-08,
3591,73,G0012,2,305.64,2024-02-26,
3592,209,G0039,1,266.45,2025-02-01,
3593,246,G0002,1,51.59,2024-07-21,
3594,268,G0034,1,227.51,2024-10-15,
3595,58,G0080,3,138.35,2024-08-15,
3596,148,G0070,2,49.92,2025-05-30,
3597,13,G0002,2,51.59,2024-04-19,
3598,39,G0002,2,51.59,2024-08-22,
3599,52,G0048,1,116.64,2025-01-21,
3600,187,G0071,-2,106.46,2024-10-24,
3601,126,G0030,3,212.39,2024-12-03,
3602,282,G0012,1,305.64,2024-01-04,
3603,61,G0036,2,99.02,2025-03-06,
3604,80,G0063,3,121.9,2025-03-10,PROMO01
3605,164,G0061,1,172.06,2024-12-11,
3606,57,G0018,3,221.9,2024-03-19,PROMO04
3607,169,G0013,1,273.26,2024-08-27,
3608,289,G0064,3,85.91,2024-04-10,
3609,133,G0020,2,74.45,2024-02-16,
3610,237,G0021,1,145.46,2025-01-27,
3611,152,G0038,2,355.75,2025-01-13,
3612,217,G0060,2,216.3,2024-05-24,
3613,34,G0057,1,123.21,2024-01-28,
3614,32,G0065,2,277.19,2024-05-05,
3615,135,G0062,3,100.05,2024-08-23,
3616,32,G0028,1,74.77,2025-05-13,
3617,117,G0068,1,125.73,2024-07-09,PROMO03
3618,38,G0039,3,266.45,2024-11-28,
3619,93,G0050,1,209.49,2024-06-14,
3620,171,G0034,2,227.51,2025-06-24,
3621,76,G0058,1,231.17,2025-06-12,
3622,24,G9029,2,231.17,2025-03-14,
3623,6,G0058,3,231.17,2025-01-21,
3624,74,G0062,1,100.05,2024-07-30,PROMO02
3625,281,G0052,2,212.87,2025-03-03,
3626,184,G0078,1,244.12,2024-08-11,PROMO04
3627,259,G0061,3,172.06,2024-02-23,
3628,16,G0034,3,227.51,2025-06-19,PROMO02
3629,91,G0008,3,134.23,2024-12-08,
3630,121,G0034,1,227.51,2024-12-21,
3631,269,G0078,1,244.12,2025-04-30,
3632,215,G0011,2,104.53,2025-04-05,
3633,132,G0002,2,51.59,2024-07-15,
3634,165,G0053,2,64.52,2024-02-29,
3635,257,G0077,2,171.46,2025-05-26,
3636,177,G0033,1,217.97,2025-03-22,PROMO01
3637,124,G0068,2,125.73,2024-05-30,
3638,245,G0027,2,-76.44,2024-05-13,
3639,106,G0024,1,136.07,2024-06-29,
3640,76,G0062,1,100.05,2024-04-18,
3641,238,G0048,3,116.64,2025-05-16,
3642,62,G0063,1,121.9,2025-03-09,
3643,151,G0021,3,145.46,2025-01-15,
3644,138,G0071,2,106.46,2024-08-26,
3645,90,G0014,2,297.49,2024-01-09,
3646,92,G0024,1,136.07,2024-02-30,
3647,292,G0071,1,106.46,2024-04-07,PROMO03
3648,95,G0051,2,255.86,2025-05-22,
3649,32,G0055,3,207.21,2024-01-26,PROMO04
3650,937,G0003,1,150.98,2024-03-23,
3651,100,G0058,1,231.17,2024-12-16,
3652,17,G0038,3,355.75,2024-07-22,
3653,212,G0059,1,200.65,2024-09-16,PROMO04
3654,296,G0029,1,228.35,2025-03-27,
3655,143,G0057,2,123.21,2024-09-04,PROMO01
3656,277,G0029,3,228.35,2024-02-03,
3657,167,G0034,1,227.51,2024-06-09,PROMO03
3658,56,G0078,1,244.12,2024-08-18,
3659,81,G0064,1,85.91,2024-03-30,
3660,294,G0016,2,233.36,2024-08-15,
3661,25,G0039,3,266.45,2025-03-15,
3662,221,G0054,2,366.84,2025-02-08,
3663,88,G0059,1,200.65,2024-11-07,
3664,106,G0076,2,255.11,2024-09-28,
3665,192,G0003,2,150.98,2024-01-01,
3666,280,G0056,2,278.01,2024-01-03,
3667,254,G0047,2,224.62,2024-01-23,
3668,280,G0002,3,51.59,2024-04-15,
3669,88,G0077,1,171.46,2024-06-18,
3670,40,G0048,2,116.64,2024-08-31,
3671,144,G0034,3,227.51,2024-02-05,
3672,89,G0021,2,145.46,2024-07-16,
3673,89,G0001,1,124.6,2024-09-07,
3674,21,G0020,2,-74.45,2024-12-05,
3675,31,G0015,3,191.62,2024-08-19,PROMO03
3676,169,G0005,1,289.63,2025-02-18,
3677,284,G0072,2,366.53,2024-08-01,
3678,126,G0025,1,216.35,2024-10-28,
3679,202,G0021,3,145.46,2025-03-12,
3680,276,G0004,2,107.07,2024-08-24,
3681,138,G0035,1,169.53,2024-06-14,PROMO01
3682,228,G0043,3,253.63,2025-02-06,
3683,69,G0008,-1,134.23,2024-05-26,
3684,255,G0052,1,212.87,2024-03-18,
3685,159,G0076,2,255.11,2024-10-11,
3686,8,G0050,1,209.49,2024-10-01,
3687,290,G0027,2,76.44,2024-12-16,
3688,51,G0076,1,255.11,2024-07-04,
3689,39,G0030,1,212.39,2025-05-08,
3690,206,G0017,2,148.16,2024-10-07,
3691,78,G0066,3,241.7,2025-02-12,
3692,53,G0019,3,354.11,2024-01-27,PROMO04
3693,62,G0058,1,231.17,2024-01-28,
3694,82,G0069,2,80.63,2024-11-18,PROMO03
3695,32,G0025,1,216.35,2024-04-18,
3696,118,G0043,2,253.63,2024-02-30,
3697,139,G0027,3,76.44,2024-05-22,
3698,54,G0039,1,266.45,2024-02-20,
3699,227,G0063,3,121.9,2025-04-17,
3700,134,G0060,3,216.3,2024-05-09,
3701,129,G0017,1,148.16,2024-04-05,
3702,121,G0033,3,217.97,2024-11-25,
3703,277,G0015,3,191.62,2024-07-03,
3704,4,G0039,3,266.45,2025-05-09,
3705,221,G0064,3,85.91,2025-01-26,
3706,102,G0027,1,76.44,2024-06-23,
3707,286,G0056,2,278.01,2024-04-07,
3708,30,G0022,2,337.9,2025-04-23,
3709,149,G0056,2,-278.01,2024-02-28,PROMO03
3710,258,G0046,3,255.5,2025-06-23,
3711,278,G0022,2,337.9,2025-03-23,
3712,245,G0018,2,221.9,2024-06-25,
3713,261,G0035,2,169.53,2025-05-08,
3714,300,G0022,2,337.9,2024-11-08,PROMO03
3715,192,G0011,3,104.53,2025-02-05,
3716,82,G0023,1,52.23,2024-12-24,
3717,55,G0069,1,80.63,2024-12-27,
3718,208,G0022,2,337.9,2025-04-02,
3719,211,G0025,3,216.35,2024-09-14,PROMO01
3720,47,G9027,1,337.9,2024-09-08,PROMO01
3721,148,G0073,3,179.77,2024-06-28,
3722,7,G0078,3,244.12,2025-03-03,
3723,228,G0006,1,65.4,2025-02-23,
3724,135,G0044,1,283.11,2025-01-04,
3725,95,G0009,2,176.47,2024-10-18,
3726,10,G0030,3,212.39,2024-03-17,
3727,44,G0074,1,157.49,2024-09-08,
3728,103,G0069,3,80.63,2024-06-30,
3729,153,G0060,1,216.3,2023-00-10,PROMO02
3730,196,G0001,3,124.6,2024-02-17,
3731,11,G0068,1,125.73,2025-04-17,
3732,20,G0042,2,256.09,2024-10-14,
3733,215,G0008,2,134.23,2025-03-22,PROMO04
3734,145,G0028,3,74.77,2025-06-22,
3735,182,G0002,1,51.59,2024-11-29,
3736,89,G0026,2,81.24,2025-03-09,
3737,218,G0019,1,354.11,2024-04-23,
3738,102,G0053,1,64.52,2024-01-13,
3739,133,G0037,3,217.09,2024-04-05,PROMO03
3740,71,G0026,3,81.24,2024-04-11,
3741,142,G0037,1,217.09,2024-07-20,
3742,238,G0061,3,172.06,2025-02-01,
3743,245,G0054,1,366.84,2025-03-08,PROMO02
3744,129,G0078,2,244.12,2024-07-03,
3745,24,G0036,2,99.02,2024-03-12,
3746,175,G0013,3,273.26,2025-03-27,
3747,45,G0064,3,85.91,2024-07-12,
3748,94,G0006,1,65.4,2024-10-20,
3749,228,G0040,2,146.36,2024-09-30,
3750,255,G0022,1,337.9,2024-10-02,
3751,172,G0026,3,81.24,2025-02-02,
3752,230,G0073,1,179.77,2024-06-18,
3753,151,G0069,-2,80.63,2024-08-18,
3754,71,G0054,3,366.84,2024-02-12,
3755,240,G0023,1,52.23,2025-06-12,
3756,137,G0009,3,176.47,2024-01-13,PROMO01
3757,174,G0030,3,212.39,2024-12-11,
3758,161,G0062,3,100.05,2024-10-01,
3759,201,G0036,1,99.02,2024-11-24,
3760,9,G0005,3,289.63,2024-08-13,
3761,40,G0034,3,227.51,2025-03-13,
3762,251,G0053,3,64.52,2024-04-06,
3763,234,G0065,3,277.19,2024-09-25,
3764,235,G0007,2,55.49,2025-01-19,
3765,232,G0045,2,245.46,2024-09-19,PROMO04
3766,68,G0050,1,209.49,2025-02-17,
3767,35,G0048,3,116.64,2024-10-31,PROMO01
3768,266,G0048,3,116.64,2024-02-04,PROMO02
3769,232,G0061,3,172.06,2024-06-19,
3770,57,G0002,3,51.59,2024-11-11,
3771,233,G0072,2,366.53,2024-01-21,
3772,121,G0047,2,224.62,2025-03-14,
3773,19,G0030,3,212.39,2024-09-10,
3774,218,G0076,-3,255.11,2024-09-08,
3775,203,G0062,3,100.05,2025-03-26,
3776,12,G0052,2,212.87,2024-05-03,
3777,70,G0024,3,136.07,2024-14-05,
3778,244,G0074,3,157.49,2024-10-14,
3779,9,G0066,2,241.7,2025-06-04,
3780,221,G0043,1,253.63,2025-05-29,
3781,24,G0050,2,209.49,2024-07-29,
3782,105,G0039,3,266.45,2024-06-22,
3783,258,G0062,2,100.05,2024-01-25,
3784,162,G0042,1,256.09,2024-11-05,
3785,72,G0016,3,233.36,2025-04-11,
3786,288,G0055,3,207.21,2024-03-20,
3787,206,G0057,1,123.21,2025-02-20,
3788,96,G0008,1,134.23,2025-02-15,
3789,296,G0002,2,51.59,2024-07-15,PROMO02
3790,261,G0079,1,243.27,2024-06-12,
3791,288,G0020,2,74.45,2024-11-26,PROMO02
3792,120,G0060,1,216.3,2025-04-13,
3793,4,G0069,2,80.63,2024-11-11,
3794,88,G0052,3,212.87,2024-10-25,
3795,106,G0076,3,255.11,2024-08-28,PROMO01
3796,122,G0042,2,256.09,2024-01-20,
3797,184,G0073,3,179.77,2025-03-04,
3798,195,G0077,1,171.46,2024-03-06,
3799,276,G0057,1,123.21,2024-01-03,
3800,272,G0021,2,145.46,2024-08-25,
3801,263,G0036,3,99.02,2024-09-08,
3802,76,G0010,2,-273.15,2024-04-24,
3803,258,G0001,2,124.6,2025-01-20,PROMO03
3804,114,G0015,2,191.62,2025-06-24,
3805,27,G0014,2,297.49,2024-09-15,PROMO02
3806,262,G0012,2,305.64,2024-14-05,
3807,230,G0006,1,65.4,2025-05-02,
3808,80,G0053,3,64.52,2024-11-01,
3809,25,G0027,1,76.44,2025-06-09,
3810,17,G0067,3,207.06,2024-03-08,
3811,206,G0020,3,74.45,2024-06-18,
3812,213,G0071,1,106.46,2024-10-30,
3813,270,G0042,1,256.09,2024-01-20,
3814,265,G0065,3,277.19,2024-12-13,PROMO02
3815,240,G0036,1,99.02,2024-03-18,
3816,2,G0055,3,207.21,2024-04-25,
3817,198,G0015,1,191.62,2025-04-28,
3818,68,G0002,3,51.59,2024-02-03,
3819,9,G0031,3,339.08,2024-05-02,
3820,90,G0054,1,366.84,2024-09-27,
3821,112,G0042,3,256.09,2025-01-25,
3822,95,G0033,2,217.97,2025-06-18,
3823,249,G0001,1,124.6,2024-07-01,
3824,152,G0019,2,354.11,2024-06-15,
3825,192,G0028,2,74.77,2024-01-20,
3826,80,G0029,2,228.35,2025-01-07,
3827,94,G0071,2,106.46,2025-04-07,
3828,31,G0032,3,84.76,2025-01-20,
3829,230,G0001,1,124.6,2024-10-27,
3830,163,G0018,3,221.9,2024-11-11,
3831,182,G0029,3,228.35,2025-03-11,
3832,41,G0069,2,80.63,2025-01-11,
3833,143,G0003,1,150.98,2025-02-13,
3834,140,G0066,3,241.7,2024-05-30,
3835,292,G0058,2,231.17,2024-09-11,
3836,142,G0052,2,212.87,2024-06-04,PROMO02
3837,119,G0055,1,207.21,2025-01-25,
3838,238,G0078,3,244.12,2025-06-25,
3839,300,G0010,1,273.15,2025-01-16,
3840,291,G0063,3,121.9,2024-06-27,
3841,26,G9020,1,217.97,2025-06-21,
3842,85,G0053,3,64.52,2024-05-11,
3843,214,G0051,1,255.86,2025-04-09,PROMO04
3844,91,G0025,2,216.35,2025-01-21,
3845,80,G0076,3,255.11,2024-09-10,
3846,284,G0062,2,100.05,2025-06-11,
3847,254,G0058,3,231.17,2024-07-10,
3848,223,G0002,2,51.59,2024-05-04,
3849,269,G0023,1,52.23,2025-06-19,PROMO03
3850,127,G0013,-2,273.26,2024-07-23,
3851,98,G0077,1,171.46,2024-06-07,PROMO04
3852,6,G0004,1,107.07,2024-03-09,
3853,26,G0060,2,216.3,2024-05-30,
3854,35,G0040,3,146.36,2024-08-20,PROMO03
3855,289,G0010,1,273.15,2024-11-03,
3856,105,G0067,3,207.06,2025-05-22,
3857,279,G0061,1,172.06,2024-02-03,
3858,277,G0056,3,278.01,2024-12-01,
3859,197,G0039,1,266.45,2024-05-18,
3860,6,G0043,3,253.63,2024-06-03,
3861,94,G0030,2,212.39,2024-08-25,
3862,249,G0055,2,207.21,2024-04-14,
3863,134,G0072,-3,366.53,2025-02-14,
3864,292,G0070,1,49.92,2025-01-13,
3865,68,G0001,1,124.6,2025-04-30,
3866,126,G0001,2,124.6,2025-02-22,
3867,270,G0056,3,278.01,2024-12-07,PROMO02
3868,149,G0001,2,124.6,2024-09-10,
3869,158,G0063,2,121.9,2024-05-03,
3870,163,G0029,1,228.35,2024-07-17,
3871,162,G0052,1,212.87,2024-01-14,
3872,251,G0064,1,85.91,2024-06-22,
3873,180,G0008,1,134.23,2025-03-05,
3874,295,G0023,1,52.23,2024-05-30,
3875,916,G0077,3,171.46,2024-03-13,
3876,265,G0062,1,100.05,2024-08-03,
3877,98,G0039,3,266.45,2024-07-07,
3878,159,G0036,2,99.02,2024-10-20,
3879,1,G0035,2,169.53,2025-03-17,
3880,274,G0054,1,366.84,2024-08-18,
3881,34,G0001,3,124.6,2025-04-26,
3882,40,G0078,1,-244.12,2025-04-27,
3883,286,G0046,1,255.5,2025-05-09,
3884,86,G0069,3,80.63,2024-12-21,
3885,181,G0050,1,209.49,2024-09-18,
3886,38,G0072,2,366.53,2025-06-05,
3887,178,G0070,3,-49.92,2024-03-21,
3888,49,G0042,2,256.09,2024-09-23,
3889,201,G0047,1,224.62,2024-04-29,PROMO01
3890,252,G0061,1,172.06,2024-02-21,
3891,126,G0002,3,51.59,2024-11-14,
3892,160,G0016,3,233.36,2024-10-09,PROMO02
3893,280,G0020,1,74.45,2024-03-24,
3894,13,G0027,3,76.44,2025-01-26,
3895,83,G0006,1,65.4,2025-06-10,
3896,279,G0071,2,106.46,2024-10-12,
3897,11,G0057,3,123.21,2024-01-13,
3898,165,G0021,3,145.46,2024-12-12,
3899,196,G0037,3,217.09,2025-03-23,
3900,106,G0027,3,76.44,2024-08-30,
3901,214,G0017,1,148.16,2024-02-26,PROMO04
3902,154,G0034,1,227.51,2025-05-30,PROMO01
3903,222,G0063,1,121.9,2025-06-01,
3904,286,G0062,1,100.05,2024-06-21,
3905,61,G0077,3,171.46,2024-04-04,
3906,145,G0029,1,228.35,2024-04-04,
3907,75,G0050,-2,209.49,2024-04-12,
3908,276,G0036,3,99.02,2024-12-12,
3909,176,G0021,2,145.46,2024-09-03,
3910,62,G0015,3,191.62,2025-02-16,
3911,233,G0021,1,145.46,2024-01-19,
3912,241,G0001,2,124.6,2025-05-03,PROMO03
3913,143,G0038,2,355.75,2024-02-28,PROMO02
3914,101,G0011,2,104.53,2024-03-06,
3915,38,G0080,3,138.35,2024-12-13,
3916,296,G0035,2,169.53,2025-05-12,
3917,209,G0017,2,148.16,2024-07-03,
3918,296,G0049,1,120.16,2025-01-07,
3919,7,G0018,3,221.9,2025-01-28,
3920,274,G0039,1,266.45,2024-05-12,
3921,285,G0058,1,231.17,2024-08-09,PROMO04
3922,25,G0043,1,253.63,2025-02-06,
3923,203,G0051,1,255.86,2025-03-20,
3924,190,G0006,1,65.4,2025-06-27,PROMO01
3925,220,G0035,1,169.53,2024-05-03,
3926,111,G0076,1,255.11,2024-05-01,PROMO01
3927,122,G0004,1,107.07,2025-01-08,
3928,135,G0044,1,283.11,2024-07-23,
3929,236,G0048,3,116.64,2025-04-23,
3930,188,G0030,1,212.39,2024-07-10,PROMO01
3931,26,G0080,3,138.35,2025-03-16,
3932,238,G0045,2,245.46,2024-10-29,
3933,132,G0035,3,169.53,2024-05-20,
3934,147,G0072,3,366.53,2024-10-15,
3935,169,G0029,3,228.35,2024-04-02,
3936,9,G0072,1,366.53,2025-02-02,
3937,180,G0068,1,125.73,2024-10-17,PROMO03
3938,170,G0051,2,255.86,2024-06-09,PROMO03
3939,77,G0016,2,233.36,2025-05-21,
3940,209,G0049,1,120.16,2024-08-28,PROMO04
3941,53,G0054,1,366.84,2024-11-13,
3942,16,G0058,1,231.17,2024-10-30,
3943,79,G0054,2,366.84,2024-01-17,
3944,181,G0009,2,176.47,2025-05-31,
3945,37,G0048,1,-116.64,2024-01-05,
3946,118,G0012,2,305.64,2025-05-23,
3947,162,G0055,1,207.21,2024-12-21,
3948,293,G0008,2,134.23,2024-05-12,
3949,155,G0010,1,273.15,2024-09-08,
3950,158,G0057,3,123.21,2024-09-28,
3951,193,G0034,3,227.51,2025-01-09,
3952,164,G0060,3,216.3,2024-02-25,
3953,236,G0016,3,233.36,2024-03-22,
3954,269,G0074,3,-157.49,2025-02-11,
3955,154,G0052,3,212.87,2024-08-07,
3956,199,G0016,3,233.36,2024-08-28,
3957,166,G0078,2,244.12,2024-09-27,
3958,287,G0059,2,200.65,2024-01-08,
3959,240,G0007,1,55.49,2024-09-05,PROMO04
3960,243,G0012,3,305.64,2024-09-28,
3961,4,G0013,3,273.26,2024-07-09,
3962,185,G0056,2,278.01,2024-09-04,
3963,74,G0078,3,244.12,2025-05-05,
3964,69,G0027,3,76.44,2025-02-18,
3965,21,G0024,3,136.07,2024-05-16,
3966,84,G0051,2,255.86,2024-02-30,
3967,96,G0034,1,227.51,2025-03-25,
3968,122,G0080,3,138.35,2024-06-12,
3969,274,G0044,3,283.11,2024-05-24,
3970,123,G0024,1,136.07,2024-04-06,
3971,1,G0009,2,176.47,2024-07-12,
3972,90,G0067,2,207.06,2024-10-27,
3973,153,G0064,3,85.91,2024-03-13,
3974,269,G0020,3,74.45,2024-01-10,
3975,248,G0043,2,253.63,2024-03-27,
3976,138,G0044,1,283.11,2025-02-02,
3977,227,G0042,2,256.09,2024-03-12,
3978,114,G0016,1,233.36,2024-01-04,
3979,202,G0037,1,217.09,2024-08-06,
3980,95,G0056,3,278.01,2024-06-03,PROMO04
3981,231,G0060,2,216.3,2024-08-11,
3982,39,G0054,3,366.84,2025-06-02,
3983,18,G0051,2,255.86,2024-11-01,
3984,15,G0057,1,123.21,2024-07-31,
3985,27,G0031,2,339.08,2024-02-05,
3986,161,G0022,3,337.9,2025-05-30,
3987,70,G0037,1,217.09,2024-02-08,
3988,153,G0007,1,55.49,2025-05-22,
3989,223,G0061,2,172.06,2025-06-02,
3990,233,G0054,1,366.84,2025-01-15,
3991,2,G0056,1,278.01,2024-01-15,
3992,126,G0052,1,212.87,2025-06-04,
3993,183,G0052,2,212.87,2025-02-25,
3994,145,G9024,2,157.49,2024-09-30,
3995,249,G0076,1,255.11,2024-14-05,
3996,112,G0076,3,255.11,2025-05-11,
3997,278,G0036,3,99.02,2024-03-20,
3998,260,G0055,1,207.21,2024-11-18,
3999,8,G0037,3,217.09,2024-07-31,
4000,214,G0056,2,278.01,2024-08-09,
4001,114,G0076,2,255.11,2025-01-25,
4002,52,G0021,3,145.46,2024-03-17,
4003,54,G0043,3,253.63,2024-10-22,
4004,174,G0030,2,212.39,2024-01-17,
4005,38,G0024,3,136.07,2025-04-06,
4006,84,G0018,1,221.9,2025-06-27,
4007,156,G0064,2,85.91,2024-06-25,
4008,83,G0044,2,283.11,2025-04-17,
4009,252,G0009,3,176.47,2025-05-28,
4010,66,G0027,2,76.44,2025-06-22,
4011,248,G0008,2,134.23,2024-10-24,
4012,268,G9040,2,55.49,2024-03-19,PROMO02
4013,131,G0074,3,157.49,2025-01-13,
4014,240,G0074,3,157.49,2024-10-04,
4015,167,G0066,2,241.7,2025-03-30,
4016,291,G0050,1,209.49,2024-09-04,PROMO04
4017,79,G0026,2,81.24,2024-05-02,
4018,279,G0008,3,134.23,2024-05-24,
4019,197,G0052,1,212.87,2024-01-08,
4020,166,G0046,2,255.5,2025-04-05,
4021,209,G0036,2,99.02,2025-05-26,
4022,268,G0052,2,212.87,2024-12-01,
4023,184,G0064,2,85.91,2024-04-12,PROMO02
4024,131,G0061,2,172.06,2024-10-08,
4025,27,G0050,3,209.49,2025-04-02,
4026,213,G0068,1,125.73,2024-10-25,
4027,183,G0010,2,273.15,2025-01-26,
4028,167,G0014,1,297.49,2023-00-10,PROMO03
4029,134,G0009,3,176.47,2025-04-28,PROMO01
4030,74,G0026,1,81.24,2025-06-25,
4031,274,G0055,1,207.21,2025-06-08,
4032,163,G0061,1,172.06,2024-03-06,
4033,126,G0053,1,64.52,2024-02-16,PROMO03
4034,138,G0020,1,74.45,2025-06-08,
4035,32,G0023,1,52.23,2024-12-06,
4036,277,G0079,3,243.27,2024-08-16,
4037,143,G0009,1,176.47,2024-10-02,
4038,7,G0075,2,58.76,2024-03-08,
4039,244,G0077,2,171.46,2025-05-13,
4040,140,G0044,1,283.11,2024-10-02,
4041,186,G0050,3,209.49,2024-10-03,
4042,153,G0041,1,113.26,2025-04-20,
4043,194,G0063,2,121.9,2025-06-05,PROMO01
4044,294,G0042,2,256.09,2024-08-16,
4045,10,G0044,3,283.11,2024-02-16,
4046,222,G0001,1,124.6,2024-09-13,
4047,23,G0030,1,212.39,2024-12-28,PROMO02
4048,171,G0067,2,207.06,2024-01-18,
4049,160,G0020,1,74.45,2024-08-20,
4050,226,G0059,2,200.65,2024-10-19,
4051,236,G0047,3,224.62,2025-01-09,PROMO01
4052,159,G0009,3,176.47,2025-03-11,
4053,268,G0021,1,145.46,2024-01-04,
4054,67,G0078,2,244.12,2025-06-16,PROMO03
4055,55,G0074,2,157.49,2024-06-11,
4056,113,G0022,2,337.9,2024-02-01,
4057,185,G0071,2,106.46,2024-10-13,
4058,216,G0062,2,100.05,2025-06-12,
4059,228,G0025,3,216.35,2024-01-03,
4060,94,G0076,1,255.11,2024-03-29,
4061,272,G0012,2,-305.64,2025-05-27,
4062,76,G0049,2,120.16,2024-12-14,
4063,213,G0080,3,138.35,2024-01-24,PROMO02
4064,121,G0018,2,221.9,2024-05-27,
4065,243,G0016,2,233.36,2025-05-29,PROMO01
4066,78,G0022,1,337.9,2025-04-27,
4067,294,G0008,-1,134.23,2025-03-14,
4068,140,G0070,3,49.92,2025-04-03,
4069,283,G0036,2,99.02,2025-04-02,
4070,133,G0010,3,273.15,2025-03-31,
4071,161,G0041,1,113.26,2025-06-21,
4072,279,G0070,3,49.92,2024-02-10,
4073,108,G0060,3,216.3,2024-03-08,
4074,34,G0042,2,256.09,2024-02-29,
4075,155,G0048,3,116.64,2025-02-03,
4076,282,G0027,3,76.44,2024-09-26,
4077,227,G0053,1,64.52,2025-06-21,
4078,80,G0003,3,150.98,2025-05-05,
4079,78,G0031,3,339.08,2025-02-12,
4080,93,G0015,3,191.62,2024-01-29,
4081,171,G0012,3,305.64,2024-04-12,
4082,291,G0070,3,49.92,2025-01-31,
4083,51,G0066,1,241.7,2024-01-28,
4084,251,G0001,2,124.6,2025-02-01,
4085,19,G0016,1,233.36,2025-04-10,
4086,113,G0062,1,100.05,2024-05-27,
4087,119,G0029,2,228.35,2025-06-07,
4088,224,G0039,3,266.45,2025-04-10,PROMO02
4089,162,G0006,2,65.4,2025-05-17,
4090,262,G0079,2,243.27,2025-06-15,
4091,116,G0025,2,216.35,2024-12-28,
4092,7,G0063,2,121.9,2024-08-29,
4093,88,G0028,1,74.77,2024-11-26,
4094,22,G0041,2,113.26,2024-02-03,
4095,48,G0068,2,125.73,2024-08-15,
4096,144,G0034,1,227.51,2024-11-14,
4097,261,G0069,1,80.63,2024-04-17,PROMO03
4098,33,G0040,2,146.36,2024-02-22,
4099,53,G0020,1,74.45,2024-11-26,PROMO02
4100,206,G0069,2,80.63,2024-04-26,
4101,912,G0069,3,80.63,2024-03-17,
4102,299,G0057,2,123.21,2025-04-02,
4103,73,G0030,3,212.39,2024-11-05,
4104,137,G0046,2,255.5,2025-06-08,
4105,211,G0061,3,172.06,2024-10-27,
4106,119,G0055,3,207.21,2025-03-13,PROMO01
4107,34,G0056,1,278.01,2024-05-17,
4108,246,G0028,2,74.77,2025-06-02,
4109,61,G0046,3,255.5,2025-05-25,
4110,83,G0077,3,171.46,2024-05-30,
4111,120,G0014,3,297.49,2025-02-06,PROMO02
4112,20,G0018,3,221.9,2024-03-31,
4113,189,G0039,3,266.45,2024-06-16,PROMO02
4114,117,G0023,2,52.23,2024-04-02,
4115,191,G0009,3,176.47,2024-12-21,
4116,131,G0069,1,80.63,2025-03-19,
4117,13,G0060,1,216.3,2024-11-03,
4118,197,G0061,3,172.06,2024-09-17,
4119,63,G0045,3,245.46,2024-12-31,
4120,43,G0063,2,121.9,2024-04-27,
4121,227,G0001,2,124.6,2024-01-14,PROMO02
4122,40,G0066,-3,241.7,2024-04-06,
4123,283,G0010,3,273.15,2024-10-20,PROMO01
4124,117,G0039,2,266.45,2025-05-06,
4125,30,G0076,2,255.11,2024-07-27,
4126,231,G0037,1,217.09,2024-05-11,
4127,65,G0069,2,80.63,2024-10-22,
4128,124,G9037,1,81.24,2024-06-04,
4129,179,G0004,3,107.07,2025-01-28,
4130,96,G0015,3,191.62,2024-07-12,
4131,232,G0059,1,200.65,2025-01-21,PROMO04
4132,223,G0010,1,273.15,2024-05-22,PROMO04
4133,124,G0036,1,99.02,2024-02-02,
4134,66,G0018,3,221.9,2024-08-13,
4135,279,G0006,1,65.4,2024-08-01,
4136,217,G0071,1,106.46,2025-03-07,
4137,9,G0013,2,273.26,2025-04-08,
4138,168,G0020,3,74.45,2024-11-07,
4139,207,G0016,2,233.36,2024-10-27,
4140,85,G0028,1,74.77,2024-12-24,
4141,156,G0051,2,255.86,2025-03-20,PROMO02
4142,193,G0007,1,55.49,2025-01-27,
4143,66,G0049,1,120.16,2024-03-09,
4144,183,G0049,3,120.16,2024-12-08,
4145,81,G0024,2,136.07,2025-03-25,
4146,135,G0012,2,305.64,2024-02-16,
4147,281,G0042,1,256.09,2024-07-02,
4148,172,G0044,1,283.11,2024-08-01,
4149,139,G0037,3,217.09,2024-09-18,PROMO04
4150,247,G0019,1,354.11,2024-08-22,
4151,154,G0061,1,172.06,2024-08-27,
4152,185,G0036,2,99.02,2024-03-26,
4153,247,G0038,3,355.75,2024-07-21,
4154,48,G0015,-2,191.62,2025-04-13,
4155,239,G0076,2,255.11,2024-08-06,
4156,5,G0038,1,355.75,2024-11-25,
4157,226,G0064,3,85.91,2025-03-21,
4158,264,G0025,1,216.35,2025-06-25,
4159,258,G0007,1,55.49,2024-04-12,
4160,275,G0062,1,100.05,2024-03-28,
4161,299,G0011,2,104.53,2024-04-04,PROMO03
4162,118,G0056,2,278.01,2025-02-26,
4163,54,G0002,2,51.59,2024-03-20,
4164,50,G0006,3,65.4,2025-02-19,
4165,164,G0055,2,207.21,2024-05-11,
4166,233,G0007,2,55.49,2024-01-03,
4167,220,G0075,3,58.76,2024-07-21,
4168,37,G9017,2,116.64,2024-07-02,
4169,101,G0002,2,51.59,2024-02-04,
4170,100,G0007,1,55.49,2025-05-29,
4171,172,G0043,3,253.63,2023-00-10,
4172,942,G0022,2,337.9,2024-04-07,
4173,79,G0004,2,107.07,2025-02-22,
4174,53,G0041,1,113.26,2024-09-19,
4175,290,G0019,1,354.11,2024-04-07,PROMO04
4176,218,G0032,1,84.76,2025-06-15,
4177,70,G0018,2,221.9,2024-02-08,
4178,164,G0030,3,212.39,2024-05-13,
4179,91,G0007,2,55.49,2025-01-21,
4180,15,G0013,3,273.26,2024-02-17,PROMO01
4181,107,G0033,3,217.97,2024-11-10,
4182,295,G9008,1,273.26,2024-08-21,
4183,187,G0024,3,136.07,2025-01-22,PROMO01
4184,110,G0021,-1,145.46,2024-09-17,
4185,211,G0037,2,217.09,2024-05-09,
4186,96,G0065,2,277.19,2024-11-01,
4187,153,G0079,2,243.27,2025-03-14,
4188,89,G0034,3,227.51,2025-06-08,
4189,99,G0035,1,169.53,2024-02-25,
4190,299,G0046,1,255.5,2025-03-23,
4191,243,G0032,2,84.76,2025-01-04,
4192,242,G0030,2,212.39,2025-02-18,
4193,48,G0043,3,253.63,2024-06-30,PROMO04
4194,190,G0043,3,253.63,2024-03-08,
4195,200,G0021,2,145.46,2024-09-09,PROMO01
4196,214,G0054,2,366.84,2024-04-17,
4197,190,G0029,1,228.35,2025-02-18,
4198,190,G0021,2,145.46,2025-03-28,
4199,139,G0051,2,255.86,2024-11-21,
4200,174,G0027,3,76.44,2025-02-21,
4201,296,G0071,2,106.46,2024-09-12,
4202,104,G0050,2,209.49,2024-06-03,
4203,174,G0061,1,172.06,2024-06-09,
4204,215,G0026,3,81.24,2024-08-17,
4205,109,G0037,2,217.09,2024-12-02,
4206,220,G0032,3,84.76,2024-01-27,
4207,52,G0051,3,255.86,2024-05-30,
4208,241,G0076,3,255.11,2024-08-30,
4209,280,G0010,2,273.15,2024-04-08,
4210,115,G0065,1,277.19,2024-04-13,
4211,264,G0026,3,81.24,2025-04-17,
4212,126,G0003,2,150.98,2024-08-01,
4213,195,G0008,2,134.23,2024-06-19,
4214,3,G0013,2,273.26,2025-03-09,
4215,284,G0003,3,150.98,2024-05-23,
4216,141,G0074,1,157.49,2024-04-30,
4217,63,G0037,2,217.09,2024-07-20,
4218,153,G0057,2,123.21,2024-07-07,
4219,143,G0019,3,354.11,2024-06-17,
4220,152,G0045,2,245.46,2023-00-10,PROMO02
4221,56,G0059,1,200.65,2024-11-03,
4222,203,G0074,2,157.49,2025-06-01,
4223,41,G0015,1,191.62,2025-02-27,
4224,197,G0038,3,355.75,2025-04-16,
4225,210,G0058,3,231.17,2024-01-27,
4226,282,G0029,1,228.35,2024-12-02,
4227,57,G0005,1,289.63,2025-02-02,
4228,180,G0074,1,157.49,2024-04-26,
4229,127,G0073,3,179.77,2024-10-05,
4230,18,G0011,1,104.53,2023-00-10,
4231,140,G0028,2,74.77,2025-03-05,
4232,106,G0036,3,99.02,2024-04-12,
4233,289,G0070,3,49.92,2024-09-28,
4234,32,G0010,2,273.15,2025-05-20,
4235,20,G0010,2,-273.15,2024-04-03,
4236,6,G0037,3,217.09,2024-03-26,
4237,25,G0040,3,146.36,2024-06-14,PROMO01
4238,78,G0068,3,125.73,2025-03-03,PROMO01
4239,207,G0070,1,49.92,2024-03-15,PROMO01
4240,127,G0038,1,355.75,2024-05-04,PROMO02
4241,133,G0065,3,277.19,2024-12-03,
4242,134,G0020,1,74.45,2024-08-02,
4243,39,G0055,1,207.21,2025-05-04,
4244,50,G0063,3,121.9,2024-04-12,
4245,279,G0049,1,120.16,2024-03-22,
4246,247,G0013,3,273.26,2024-03-29,
4247,60,G0027,1,76.44,2024-04-10,
4248,159,G0003,1,150.98,2024-11-06,PROMO01
4249,83,G0067,3,207.06,2024-02-30,
4250,62,G0017,3,148.16,2025-04-15,PROMO03
4251,163,G0018,2,221.9,2024-03-17,
4252,110,G0056,2,278.01,2025-06-06,
4253,195,G0038,2,355.75,2024-07-11,
4254,123,G0071,1,106.46,2024-02-08,PROMO04
4255,155,G0079,1,243.27,2025-01-23,
4256,296,G0037,1,217.09,2024-09-12,
4257,61,G0045,2,245.46,2024-02-19,
4258,122,G0011,-2,104.53,2024-08-11,
4259,211,G0077,3,171.46,2025-03-19,PROMO02
4260,199,G9011,2,176.47,2024-09-16,
4261,173,G0022,2,337.9,2024-06-28,
4262,255,G0040,1,146.36,2024-01-03,
4263,187,G0037,2,217.09,2024-03-07,PROMO04
4264,299,G0070,3,49.92,2024-10-09,
4265,913,G0055,2,207.21,2024-10-16,
4266,114,G0008,1,134.23,2025-01-13,
4267,175,G0056,2,278.01,2024-12-22,PROMO04
4268,107,G0047,2,224.62,2025-05-31,
4269,75,G0024,2,136.07,2024-03-29,
4270,200,G0052,1,212.87,2025-01-05,
4271,14,G0034,2,227.51,2024-01-09,
4272,22,G0011,2,104.53,2024-10-08,
4273,114,G0001,2,124.6,2025-06-05,
4274,216,G0024,2,136.07,2024-02-11,
4275,263,G0057,1,123.21,2024-01-06,
4276,211,G0053,3,64.52,2024-03-01,
4277,52,G0063,1,-121.9,2024-05-24,
4278,209,G0022,1,337.9,2025-05-28,
4279,63,G0045,3,245.46,2024-06-14,
4280,74,G0071,1,106.46,2024-07-04,
4281,80,G0037,1,217.09,2024-10-11,
4282,80,G0068,1,125.73,2025-01-01,PROMO03
4283,17,G0001,2,124.6,2024-04-04,
4284,284,G0035,2,169.53,2024-04-28,
4285,53,G0015,1,191.62,2024-12-21,
4286,161,G0025,2,216.35,2025-03-29,PROMO02
4287,272,G0076,1,255.11,2024-01-08,
4288,224,G0038,1,355.75,2025-01-03,PROMO01
4289,238,G0068,1,125.73,2024-01-30,
4290,277,G0003,1,150.98,2024-01-25,PROMO01
4291,148,G0043,1,253.63,2024-11-04,
4292,171,G0017,3,148.16,2024-04-07,PROMO03
4293,148,G0061,3,172.06,2025-02-23,
4294,148,G0017,3,148.16,2024-02-07,
4295,262,G0072,3,366.53,2024-08-16,
4296,114,G0045,2,245.46,2024-01-26,
4297,117,G0060,3,216.3,2024-04-28,
4298,50,G0029,3,228.35,2025-03-31,
4299,123,G0052,3,212.87,2024-01-15,
4300,170,G0071,2,106.46,2024-12-18,PROMO03
4301,293,G0040,3,146.36,2024-01-22,
4302,143,G0024,3,136.07,2024-01-01,
4303,221,G0073,3,-179.77,2024-02-20,
4304,184,G0020,3,74.45,2025-03-15,
4305,35,G0007,2,55.49,2024-12-05,
4306,124,G0030,2,212.39,2024-10-06,
4307,23,G0011,2,104.53,2024-11-21,
4308,213,G0012,1,305.64,2025-03-04,
4309,36,G0039,3,266.45,2024-02-29,
4310,113,G0003,3,150.98,2024-10-14,
4311,205,G0079,3,243.27,2024-06-13,
4312,204,G0038,2,355.75,2024-11-04,
4313,256,G0024,2,136.07,2024-01-10,
4314,95,G0031,3,339.08,2024-05-24,PROMO02
4315,109,G0039,3,266.45,2024-01-05,
4316,141,G0011,-2,104.53,2024-05-09,
4317,170,G0044,1,283.11,2025-02-11,
4318,168,G0069,2,80.63,2024-11-18,
4319,300,G0004,2,107.07,2024-06-27,
4320,289,G0049,1,120.16,2024-06-15,
4321,189,G0058,1,231.17,2024-09-01,PROMO02
4322,114,G0019,3,354.11,2024-12-12,
4323,150,G0046,1,255.5,2024-08-15,
4324,165,G0069,1,80.63,2025-06-21,
4325,24,G0036,1,99.02,2024-05-23,
4326,201,G0024,3,136.07,2024-04-02,
4327,51,G0063,2,121.9,2024-06-09,
4328,68,G0004,2,107.07,2024-03-30,
4329,278,G0023,1,52.23,2025-01-02,
4330,91,G0052,2,212.87,2024-08-02,
4331,3,G0051,1,255.86,2024-05-09,
4332,17,G0028,1,74.77,2024-08-24,
4333,257,G0006,2,65.4,2025-06-28,
4334,184,G0001,1,124.6,2024-06-03,
4335,49,G0075,1,58.76,2024-04-18,
4336,125,G0028,2,74.77,2024-08-19,
4337,250,G0011,3,104.53,2024-03-04,
4338,12,G0024,3,136.07,2024-12-15,
4339,193,G0019,1,354.11,2024-12-14,
4340,144,G0064,1,85.91,2024-14-05,
4341,182,G0077,2,171.46,2024-01-03,
4342,297,G0080,1,138.35,2024-08-20,
4343,177,G0028,1,74.77,2024-08-27,
4344,198,G0060,2,216.3,2024-03-18,
4345,193,G0038,2,355.75,2024-10-21,
4346,228,G0002,3,51.59,2024-05-01,
4347,181,G0026,3,81.24,2024-04-16,PROMO04
4348,256,G0055,2,207.21,2023-00-10,
4349,177,G0023,3,52.23,2025-04-27,
4350,215,G0009,1,176.47,2024-01-28,
4351,82,G0071,1,106.46,2024-11-24,
4352,29,G0053,3,64.52,2024-03-16,
4353,31,G0020,1,74.45,2024-09-08,
4354,59,G0051,2,255.86,2025-03-28,
4355,245,G0055,1,207.21,2024-12-09,
4356,78,G0026,3,81.24,2025-05-12,
4357,183,G0075,1,58.76,2024-03-14,PROMO04
4358,265,G0037,3,217.09,2025-06-08,
4359,113,G0064,1,85.91,2024-03-26,
4360,78,G0078,2,244.12,2024-07-16,
4361,15,G0032,2,84.76,2024-12-10,
4362,126,G0073,3,179.77,2024-06-01,PROMO01
4363,107,G0019,2,354.11,2025-03-23,
4364,258,G0049,2,120.16,2024-08-01,
4365,246,G0069,3,80.63,2024-09-21,
4366,284,G0026,3,81.24,2025-05-23,
4367,911,G0010,2,273.15,2024-08-03,PROMO02
4368,22,G0013,1,273.26,2024-10-08,
4369,16,G0050,2,209.49,2024-06-16,
4370,202,G0038,1,355.75,2025-03-17,
4371,113,G0048,1,116.64,2024-05-27,
4372,144,G0041,2,113.26,2024-08-13,PROMO02
4373,251,G0047,3,224.62,2025-02-05,
4374,198,G0079,2,243.27,2025-02-24,
4375,226,G0066,2,241.7,2025-03-12,
4376,143,G0074,2,157.49,2025-01-11,
4377,12,G0040,2,146.36,2024-05-21,
4378,212,G0075,1,58.76,2025-03-04,
4379,274,G0043,1,253.63,2024-05-26,
4380,28,G0054,1,366.84,2025-04-03,PROMO04
4381,92,G0077,1,171.46,2024-11-23,
4382,226,G0075,1,58.76,2024-09-20,
4383,138,G0018,1,221.9,2024-05-14,
4384,155,G0056,3,278.01,2025-01-15,PROMO02
4385,76,G0026,2,81.24,2025-05-20,
4386,4,G0037,2,217.09,2025-05-19,
4387,238,G0018,2,221.9,2024-04-29,PROMO03
4388,27,G0059,1,200.65,2024-07-27,
4389,272,G0018,1,221.9,2024-10-26,
4390,74,G0032,1,84.76,2025-03-31,
4391,80,G0008,3,134.23,2024-10-03,
4392,203,G0063,2,121.9,2025-03-31,
4393,101,G0053,3,64.52,2024-08-12,
4394,267,G0055,1,207.21,2024-01-05,
4395,71,G0020,1,74.45,2024-02-20,PROMO03
4396,258,G0035,-1,169.53,2025-02-01,
4397,279,G0027,1,76.44,2024-08-05,
4398,232,G0074,2,157.49,2024-01-24,PROMO02
4399,277,G0078,2,244.12,2025-05-25,
4400,44,G0027,2,76.44,2024-01-09,PROMO03
4401,147,G0056,3,278.01,2024-05-16,
4402,190,G0054,2,366.84,2024-02-23,
4403,97,G0019,2,354.11,2025-01-13,
4404,48,G0073,1,179.77,2025-01-18,
4405,1,G0010,1,273.15,2024-12-05,
4406,57,G0061,2,172.06,2025-06-27,
4407,31,G0070,1,49.92,2024-08-09,PROMO01
4408,147,G0033,3,217.97,2024-03-10,
4409,32,G0035,1,169.53,2024-03-06,
4410,198,G0066,2,241.7,2024-03-18,
4411,170,G0025,3,216.35,2024-04-15,
4412,112,G0062,2,100.05,2025-04-14,
4413,259,G0007,1,55.49,2024-02-13,
4414,7,G0014,2,297.49,2025-06-12,PROMO04
4415,145,G0058,1,231.17,2025-05-13,
4416,231,G0071,2,106.46,2024-02-06,
4417,20,G0020,2,74.45,2024-04-15,
4418,270,G0072,3,366.53,2024-07-28,
4419,53,G0056,1,278.01,2024-04-19,
4420,200,G0055,3,207.21,2025-03-08,
4421,292,G0074,2,157.49,2025-01-29,
4422,297,G0067,1,207.06,2024-07-22,
4423,34,G0061,1,172.06,2024-11-24,PROMO03
4424,275,G0027,2,76.44,2024-07-13,
4425,277,G0009,3,176.47,2024-12-22,
4426,226,G0020,3,74.45,2025-01-13,
4427,123,G0032,3,84.76,2025-06-05,
4428,82,G0050,2,209.49,2024-05-25,
4429,247,G0043,3,253.63,2024-02-14,
4430,170,G0070,2,49.92,2025-03-11,
4431,249,G0078,1,244.12,2024-01-05,
4432,104,G0001,1,124.6,2025-06-11,
4433,81,G0060,1,216.3,2025-05-05,
4434,221,G0076,3,255.11,2024-08-15,
4435,36,G0048,3,116.64,2024-03-03,
4436,65,G0067,2,207.06,2024-11-03,
4437,123,G0001,3,124.6,2025-04-23,
4438,4,G0069,3,80.63,2025-04-28,
4439,5,G0059,1,200.65,2024-06-19,PROMO04
4440,241,G0059,3,200.65,2024-04-28,
4441,257,G0038,1,355.75,2024-11-22,
4442,247,G0065,2,277.19,2024-07-22,
4443,32,G0002,2,51.59,2024-03-25,
4444,25,G0019,3,354.11,2024-10-12,
4445,152,G0038,2,355.75,2024-08-09,PROMO01
4446,179,G0062,3,100.05,2025-04-02,PROMO01
4447,219,G0016,3,233.36,2025-05-01,
4448,187,G0079,2,243.27,2024-12-24,
4449,207,G0059,2,200.65,2024-10-30,
4450,194,G0068,1,125.73,2024-07-18,
4451,137,G0003,1,150.98,2025-01-10,
4452,145,G0018,3,221.9,2025-01-23,
4453,187,G0026,2,81.24,2024-07-24,PROMO02
4454,66,G0012,3,305.64,2024-03-18,
4455,125,G0080,3,138.35,2024-01-14,
4456,186,G0037,2,217.09,2024-09-06,
4457,59,G0043,2,253.63,2024-04-27,
4458,169,G0005,3,289.63,2024-04-08,
4459,204,G0020,2,74.45,2024-01-10,
4460,17,G0018,2,221.9,2024-12-23,
4461,107,G0034,2,227.51,2024-12-10,
4462,285,G0027,1,76.44,2024-11-22,
4463,257,G0027,2,76.44,2025-05-18,PROMO02
4464,56,G0037,3,217.09,2025-02-16,
4465,47,G0033,2,217.97,2024-09-05,PROMO04
4466,199,G0037,3,217.09,2024-09-02,
4467,12,G0027,1,76.44,2025-05-21,
4468,209,G0055,2,207.21,2024-05-29,
4469,73,G0040,2,146.36,2024-12-07,
4470,86,G0064,3,85.91,2024-05-11,
4471,21,G0005,3,289.63,2024-05-24,
4472,201,G0007,1,55.49,2024-11-07,
4473,194,G0003,2,150.98,2024-03-29,
4474,287,G0044,2,283.11,2024-08-01,
4475,254,G0015,2,191.62,2024-07-26,
4476,102,G0031,2,339.08,2025-03-06,
4477,112,G0049,3,120.16,2024-07-24,
4478,46,G0008,1,134.23,2024-02-08,
4479,270,G0077,3,171.46,2024-08-28,
4480,228,G0067,1,207.06,2024-01-04,
4481,159,G0069,1,80.63,2024-06-26,
4482,119,G0043,3,253.63,2024-10-12,
4483,279,G0077,1,171.46,2024-02-21,
4484,118,G0007,2,55.49,2024-08-13,
4485,214,G0055,1,207.21,2024-09-05,
4486,202,G0022,3,337.9,2024-01-26,
4487,43,G0018,1,221.9,2025-03-15,
4488,179,G0074,2,157.49,2025-04-14,PROMO03
4489,235,G0001,2,124.6,2024-08-13,
4490,46,G0005,2,289.63,2024-08-05,
4491,126,G0002,3,51.59,2025-03-19,
4492,104,G0078,2,244.12,2025-05-30,
4493,72,G0013,3,273.26,2024-05-07,
4494,72,G0055,3,207.21,2024-08-26,
4495,209,G0046,3,255.5,2024-01-30,
4496,54,G0052,2,212.87,2025-03-13,
4497,51,G0066,2,241.7,2025-05-05,
4498,65,G0068,3,125.73,2024-08-09,
4499,121,G0056,3,278.01,2025-06-22,PROMO03
4500,13,G0012,3,305.64,2025-02-10,PROMO02
4501,236,G0052,1,212.87,2024-06-11,
4502,222,G0056,2,278.01,2025-06-11,
4503,264,G0002,3,51.59,2024-07-18,
4504,204,G0011,2,104.53,2024-11-28,
4505,282,G0078,3,244.12,2024-01-01,
4506,298,G0075,1,58.76,2024-11-21,
4507,55,G0018,2,221.9,2024-12-15,
4508,246,G0060,1,216.3,2025-03-20,
4509,254,G0049,2,120.16,2024-01-26,
4510,97,G0072,2,366.53,2025-06-28,
4511,16,G0010,3,273.15,2024-10-24,
4512,226,G0014,2,297.49,2024-12-03,
4513,299,G0025,3,216.35,2024-03-12,PROMO02
4514,181,G0051,2,255.86,2024-04-05,
4515,226,G0011,3,104.53,2024-04-26,
4516,158,G0068,2,125.73,2024-02-30,
4517,185,G0006,1,65.4,2024-07-07,
4518,93,G0067,2,207.06,2025-05-18,
4519,238,G0007,3,55.49,2024-08-26,
4520,73,G0076,1,255.11,2024-01-19,
4521,77,G0044,3,283.11,2024-01-14,
4522,260,G0051,3,255.86,2024-02-06,
4523,88,G0074,1,157.49,2025-02-15,
4524,177,G0020,1,74.45,2024-06-14,
4525,97,G0053,3,64.52,2024-08-03,
4526,288,G0003,2,150.98,2024-06-21,PROMO01
4527,256,G0026,1,81.24,2024-05-19,
4528,89,G0050,3,209.49,2025-03-09,
4529,294,G0058,2,231.17,2024-09-01,
4530,148,G0004,3,107.07,2024-11-30,
4531,48,G0036,2,99.02,2025-02-04,PROMO03
4532,209,G0064,2,85.91,2024-02-20,
4533,278,G0064,1,85.91,2025-01-05,
4534,130,G0048,1,116.64,2024-09-17,
4535,34,G0036,2,99.02,2025-03-15,PROMO04
4536,182,G0066,1,241.7,2024-10-01,
4537,152,G0072,3,366.53,2024-08-22,
4538,181,G0071,2,106.46,2024-06-12,PROMO04
4539,111,G0056,2,278.01,2024-11-02,
4540,124,G0020,1,74.45,2025-04-16,
4541,269,G0061,1,172.06,2025-06-04,PROMO03
4542,125,G0021,3,145.46,2025-02-22,
4543,288,G0028,3,74.77,2024-09-14,
4544,221,G0077,3,171.46,2024-12-11,PROMO01
4545,183,G0004,3,107.07,2024-11-08,
4546,31,G0047,3,224.62,2024-02-02,
4547,273,G0035,2,169.53,2025-04-19,
4548,5,G0007,2,55.49,2024-07-20,
4549,101,G0073,1,179.77,2025-04-23,
4550,251,G0019,3,354.11,2024-11-18,
4551,177,G0001,1,124.6,2024-01-30,
4552,71,G0043,3,253.63,2024-12-25,
4553,20,G0017,3,148.16,2024-01-05,
4554,176,G0003,3,150.98,2024-07-08,PROMO01
4555,160,G0027,2,76.44,2024-08-20,PROMO02
4556,238,G0077,2,171.46,2024-08-26,
4557,252,G0080,2,138.35,2024-02-30,
4558,52,G0015,1,191.62,2024-09-01,
4559,295,G0004,2,107.07,2024-06-19,
4560,95,G0059,2,200.65,2024-06-01,
4561,195,G0024,3,136.07,2024-12-18,
4562,27,G0068,2,125.73,2025-05-22,
4563,99,G0071,3,106.46,2024-12-24,
4564,176,G0011,2,104.53,2025-03-17,PROMO01
4565,300,G0030,2,212.39,2024-04-06,
4566,156,G0045,2,245.46,2024-11-16,
4567,113,G0059,3,200.65,2024-02-02,PROMO04
4568,70,G0061,1,172.06,2024-04-20,
4569,103,G0032,2,-84.76,2024-09-13,
4570,72,G0012,3,305.64,2024-11-21,
4571,192,G0055,3,207.21,2024-06-19,
4572,132,G0013,1,273.26,2025-03-10,
4573,132,G0068,1,125.73,2025-06-07,PROMO04
4574,201,G0021,1,145.46,2024-03-01,
4575,120,G0011,3,104.53,2025-03-17,
4576,121,G0080,3,138.35,2024-12-10,PROMO04
4577,253,G0008,2,134.23,2024-12-09,
4578,169,G0079,3,243.27,2024-05-26,PROMO02
4579,215,G0057,1,123.21,2024-04-12,PROMO02
4580,144,G0030,3,212.39,2025-06-27,PROMO03
4581,934,G0045,1,245.46,2024-10-25,
4582,30,G9041,2,354.11,2024-09-05,
4583,188,G0006,3,65.4,2024-05-28,
4584,122,G0014,1,297.49,2024-09-18,
4585,186,G0048,2,116.64,2025-01-22,
4586,33,G0015,3,191.62,2024-12-05,
4587,13,G0037,3,217.09,2024-09-21,
4588,44,G0067,3,207.06,2024-07-26,
4589,128,G0056,3,278.01,2025-01-16,
4590,44,G0005,3,289.63,2024-06-09,
4591,300,G0062,2,100.05,2024-05-01,
4592,55,G0042,1,256.09,2025-02-21,
4593,300,G0015,3,191.62,2025-04-23,
4594,200,G0044,1,283.11,2025-04-07,
4595,83,G0066,1,241.7,2025-03-13,
4596,43,G0007,3,55.49,2025-05-30,
4597,80,G0021,1,145.46,2024-09-09,
4598,39,G9039,2,256.09,2024-08-11,
4599,223,G0062,1,100.05,2024-01-28,
4600,290,G0066,3,241.7,2025-04-07,
4601,227,G0038,2,355.75,2024-03-23,
4602,101,G0008,2,134.23,2024-10-07,
4603,6,G0023,1,52.23,2024-05-14,
4604,194,G0067,1,207.06,2025-05-21,
4605,18,G0028,3,74.77,2024-11-13,
4606,29,G0022,3,337.9,2024-11-19,
4607,232,G0051,1,255.86,2024-08-31,
4608,25,G0035,1,169.53,2024-07-29,
4609,236,G0045,2,245.46,2024-03-11,
4610,75,G0031,2,339.08,2025-06-01,
4611,39,G0032,3,-84.76,2024-05-15,
4612,37,G0007,2,-55.49,2024-04-12,
4613,144,G0049,1,120.16,2024-04-12,
4614,82,G0020,1,74.45,2024-04-10,
4615,281,G0022,2,337.9,2024-08-29,
4616,282,G0026,-3,81.24,2024-03-19,PROMO04
4617,268,G0016,3,233.36,2025-02-24,
4618,5,G0031,3,339.08,2024-03-29,
4619,246,G0032,3,84.76,2024-02-30,
4620,239,G0066,3,241.7,2024-11-09,
4621,220,G0062,1,100.05,2024-02-17,
4622,182,G0017,1,-148.16,2024-09-20,
4623,52,G0007,2,55.49,2024-01-10,
4624,223,G0031,2,339.08,2025-01-08,PROMO01
4625,273,G0078,2,244.12,2024-04-16,
4626,235,G0001,3,124.6,2025-01-15,
4627,57,G0075,1,58.76,2024-09-28,
4628,156,G0047,2,224.62,2025-01-07,
4629,242,G0019,-3,354.11,2025-02-08,
4630,200,G0015,3,191.62,2024-07-09,
4631,256,G0011,1,104.53,2025-03-25,
4632,60,G0065,3,277.19,2025-03-01,
4633,218,G0031,3,339.08,2024-12-28,
4634,69,G0052,2,212.87,2025-03-27,
4635,13,G0048,2,116.64,2025-05-21,
4636,51,G0026,-3,81.24,2025-06-21,
4637,147,G0006,1,65.4,2024-05-23,
4638,148,G0049,1,120.16,2024-11-05,
4639,201,G0049,1,-120.16,2025-05-21,
4640,112,G0001,2,124.6,2024-04-23,
4641,235,G0054,1,366.84,2024-11-01,
4642,53,G0048,1,-116.64,2024-10-29,
4643,58,G0077,2,171.46,2025-06-28,
4644,107,G0054,2,366.84,2025-05-05,
4645,129,G0050,2,209.49,2025-01-21,
4646,290,G0050,3,209.49,2025-06-06,PROMO01
4647,111,G0049,3,120.16,2024-08-24,
4648,143,G0070,1,49.92,2025-05-13,
4649,117,G0052,3,212.87,2024-08-20,
4650,41,G0045,3,245.46,2024-07-04,
4651,75,G0077,1,171.46,2024-06-20,
4652,30,G0050,2,209.49,2024-08-16,
4653,23,G0034,1,227.51,2025-01-21,
4654,75,G0075,1,58.76,2024-03-24,
4655,88,G0017,3,148.16,2024-06-09,
4656,64,G0067,1,207.06,2024-01-21,
4657,59,G0058,3,231.17,2025-02-14,
4658,246,G0043,3,253.63,2025-04-03,
4659,267,G0033,3,217.97,2025-05-03,PROMO04
4660,30,G0041,1,113.26,2024-05-18,
4661,64,G0015,2,191.62,2025-02-23,
4662,214,G0046,3,255.5,2024-04-07,
4663,274,G0014,1,297.49,2025-03-19,
4664,109,G0041,2,113.26,2023-00-10,
4665,209,G0026,1,81.24,2024-06-21,
4666,188,G0046,2,255.5,2024-07-01,
4667,213,G0014,2,297.49,2024-11-08,
4668,112,G0063,3,121.9,2025-06-03,
4669,294,G0028,3,74.77,2024-02-24,
4670,86,G0007,1,55.49,2024-07-31,
4671,7,G0064,1,85.91,2025-03-12,PROMO03
4672,931,G0022,1,337.9,2025-02-02,
4673,100,G0054,1,366.84,2024-09-04,
4674,270,G0043,2,253.63,2024-02-07,
4675,24,G0040,3,146.36,2024-02-27,
4676,84,G0077,2,171.46,2024-10-29,
4677,171,G0065,1,277.19,2023-00-10,
4678,121,G0077,3,171.46,2024-05-06,
4679,143,G0028,3,74.77,2024-06-06,
4680,165,G0044,1,283.11,2024-02-30,
4681,940,G0077,3,171.46,2024-07-07,
4682,35,G0033,2,217.97,2025-03-07,PROMO01
4683,94,G0025,2,216.35,2024-02-08,
4684,278,G0051,1,255.86,2024-09-24,
4685,51,G0027,-3,76.44,2024-09-14,
4686,49,G0041,2,113.26,2024-08-10,
4687,125,G0002,2,51.59,2025-02-13,
4688,173,G0080,1,138.35,2025-03-14,
4689,157,G0047,3,224.62,2025-04-20,
4690,143,G0005,3,289.63,2024-06-29,
4691,236,G0062,3,100.05,2024-07-11,
4692,48,G0054,2,366.84,2025-06-04,
4693,106,G0028,3,74.77,2025-04-26,
4694,220,G0058,1,231.17,2025-05-04,
4695,62,G0062,3,100.05,2024-08-19,
4696,6,G0024,2,136.07,2024-05-15,
4697,88,G0035,1,169.53,2025-06-21,PROMO02
4698,32,G0053,3,64.52,2024-09-08,
4699,121,G0056,2,278.01,2024-11-11,PROMO01
4700,279,G0013,3,273.26,2024-11-13,
4701,87,G0038,3,355.75,2024-10-04,
4702,16,G0021,3,145.46,2024-10-13,
4703,189,G0001,3,124.6,2024-11-11,
4704,180,G0012,1,305.64,2025-06-11,
4705,34,G0044,2,283.11,2024-10-07,
4706,295,G0037,1,217.09,2024-11-12,
4707,99,G9007,3,138.35,2024-03-07,PROMO04
4708,20,G0041,2,113.26,2024-05-17,
4709,167,G0012,3,305.64,2024-02-27,
4710,92,G0050,1,209.49,2024-03-13,
4711,103,G0041,2,113.26,2024-11-23,
4712,93,G0074,3,-157.49,2024-06-28,
4713,90,G0031,2,339.08,2025-01-26,
4714,222,G0075,3,58.76,2025-03-09,
4715,86,G0073,2,179.77,2024-08-27,
4716,197,G0012,3,305.64,2024-09-13,
4717,34,G0070,1,49.92,2024-01-17,
4718,119,G0040,1,146.36,2024-10-14,
4719,77,G0038,1,355.75,2025-01-22,
4720,91,G0066,3,241.7,2024-07-11,
4721,98,G0026,2,81.24,2025-06-13,
4722,118,G0031,2,339.08,2024-08-01,
4723,53,G0068,2,125.73,2025-03-22,PROMO03
4724,20,G0065,2,277.19,2025-01-05,
4725,90,G0037,-1,217.09,2024-06-29,
4726,69,G0071,2,106.46,2024-12-17,
4727,138,G0027,2,76.44,2024-01-23,
4728,178,G0021,3,145.46,2024-14-05,
4729,192,G0078,2,244.12,2025-05-06,
4730,5,G0032,3,84.76,2025-03-13,
4731,217,G0037,2,217.09,2024-08-02,
4732,50,G0061,2,172.06,2024-12-02,
4733,235,G0016,3,233.36,2025-06-19,
4734,20,G0076,3,255.11,2024-12-14,
4735,282,G0066,2,241.7,2024-08-05,PROMO03
4736,206,G0049,3,120.16,2025-03-20,
4737,276,G0079,3,243.27,2024-09-21,
4738,210,G0014,2,297.49,2024-01-23,PROMO04
4739,300,G0007,1,55.49,2024-09-24,
4740,43,G0011,1,104.53,2024-08-08,
4741,134,G0058,-1,231.17,2023-00-10,
4742,184,G0054,2,366.84,2024-11-29,
4743,174,G0010,3,273.15,2025-06-01,
4744,11,G0013,2,273.26,2025-05-18,
4745,134,G0073,3,179.77,2024-07-04,
4746,107,G0048,3,116.64,2023-00-10,
4747,168,G0003,2,150.98,2024-11-27,
4748,9,G0043,2,253.63,2025-02-22,PROMO02
4749,249,G0044,2,283.11,2024-02-16,
4750,136,G0023,3,52.23,2025-03-21,
4751,275,G0076,1,255.11,2024-12-05,
4752,64,G0039,1,266.45,2024-05-13,
4753,124,G0069,2,80.63,2025-05-17,
4754,89,G0049,2,120.16,2025-06-10,PROMO01
4755,211,G0032,3,84.76,2024-10-21,
4756,209,G0072,1,366.53,2025-01-29,
4757,263,G0045,1,245.46,2024-01-20,
4758,44,G0003,1,150.98,2024-05-24,
4759,296,G0049,3,120.16,2024-12-07,
4760,107,G0001,2,124.6,2025-05-30,PROMO02
4761,251,G0059,2,200.65,2025-06-20,
4762,244,G0007,1,55.49,2025-01-31,
4763,76,G0007,1,55.49,2025-03-08,
4764,156,G0037,1,217.09,2024-09-21,
4765,194,G0032,1,84.76,2024-04-17,
4766,78,G0026,1,81.24,2025-01-14,
4767,216,G0012,2,305.64,2024-02-18,
4768,113,G0016,-2,233.36,2024-11-04,
4769,183,G0060,2,216.3,2025-03-14,
4770,212,G0018,2,221.9,2024-09-07,PROMO04
4771,276,G0041,3,113.26,2024-02-12,
4772,284,G0078,2,244.12,2025-05-22,
4773,922,G0048,3,116.64,2024-10-06,
4774,123,G0037,3,217.09,2024-12-08,
4775,182,G0025,2,216.35,2025-04-15,
4776,15,G0031,2,339.08,2025-02-02,
4777,286,G0061,2,172.06,2024-01-26,
4778,77,G0003,2,150.98,2025-03-07,
4779,42,G0040,3,146.36,2025-03-31,
4780,153,G0012,1,305.64,2024-11-20,
4781,107,G0027,1,76.44,2024-02-29,
4782,24,G0074,2,157.49,2024-02-04,
4783,191,G0051,2,255.86,2025-06-02,
4784,149,G0034,2,227.51,2024-09-07,
4785,171,G0055,2,207.21,2024-09-08,
4786,93,G0026,3,81.24,2024-05-13,PROMO04
4787,17,G0002,1,51.59,2024-09-23,
4788,293,G0011,1,104.53,2024-03-02,
4789,158,G0075,3,58.76,2025-01-05,
4790,40,G0011,3,104.53,2025-05-28,
4791,205,G0041,1,113.26,2024-03-29,
4792,163,G0065,1,277.19,2025-04-03,
4793,142,G0052,2,212.87,2024-03-19,
4794,157,G0061,2,172.06,2025-03-11,PROMO04
4795,262,G0063,3,121.9,2024-01-01,
4796,237,G0075,2,58.76,2025-02-13,
4797,197,G0071,1,106.46,2024-01-17,
4798,69,G0048,-2,116.64,2024-12-17,PROMO03
4799,9,G0068,3,125.73,2024-03-10,
4800,85,G0030,3,212.39,2024-08-25,
4801,93,G0074,3,157.49,2024-07-09,
4802,147,G0003,2,150.98,2024-10-11,
4803,124,G0080,3,138.35,2025-03-08,
4804,80,G0009,2,176.47,2024-02-26,
4805,111,G0012,3,305.64,2025-02-01,
4806,158,G0063,2,121.9,2025-04-06,PROMO02
4807,283,G0076,1,255.11,2024-09-16,
4808,257,G0044,1,283.11,2024-09-24,
4809,155,G0017,1,148.16,2024-07-11,
4810,135,G0037,1,217.09,2024-01-18,PROMO02
4811,116,G0065,2,277.19,2024-08-19,
4812,43,G0069,3,80.63,2025-02-20,
4813,255,G0062,2,100.05,2024-04-07,
4814,105,G0047,1,224.62,2025-06-01,
4815,5,G0019,2,354.11,2025-06-10,
4816,137,G0054,2,366.84,2024-03-21,
4817,270,G0069,2,80.63,2024-06-20,
4818,251,G0071,3,106.46,2024-12-01,
4819,30,G0074,3,157.49,2024-11-06,
4820,39,G0022,3,337.9,2025-01-19,
4821,266,G0015,2,191.62,2025-04-16,
4822,92,G0028,3,74.77,2024-07-29,PROMO01
4823,113,G0040,3,146.36,2024-04-03,
4824,22,G0008,1,134.23,2025-06-29,
4825,133,G0050,1,209.49,2024-09-22,
4826,89,G0040,1,-146.36,2024-04-15,
4827,190,G0074,2,157.49,2024-09-04,PROMO01
4828,53,G0023,1,52.23,2025-06-11,
4829,242,G0025,2,216.35,2024-04-02,PROMO03
4830,206,G0012,1,305.64,2024-09-12,
4831,183,G0047,1,224.62,2024-14-05,PROMO03
4832,115,G0005,1,289.63,2024-03-01,
4833,152,G0002,2,51.59,2025-03-27,
4834,52,G0007,3,55.49,2025-02-21,
4835,282,G0039,3,266.45,2024-11-16,
4836,209,G0056,1,278.01,2024-11-08,
4837,156,G0016,3,233.36,2024-07-07,
4838,51,G0019,2,354.11,2024-09-30,
4839,29,G0054,2,366.84,2024-03-25,PROMO01
4840,12,G0054,1,366.84,2025-01-26,PROMO04
4841,48,G0003,1,150.98,2025-06-23,
4842,82,G0033,1,217.97,2024-05-06,
4843,73,G0054,-3,366.84,2024-05-08,
4844,43,G0064,2,85.91,2025-02-15,
4845,196,G0080,3,138.35,2025-01-25,PROMO01
4846,271,G0025,3,216.35,2024-10-04,
4847,45,G0001,1,124.6,2024-14-05,
4848,72,G0046,2,255.5,2024-05-12,
4849,283,G0059,1,200.65,2024-07-25,
4850,16,G0006,3,65.4,2025-04-19,PROMO03
4851,287,G0044,3,283.11,2025-05-20,
4852,131,G0025,3,-216.35,2025-04-19,PROMO02
4853,180,G0012,2,305.64,2024-12-08,
4854,23,G0043,3,253.63,2025-06-08,PROMO01
4855,76,G0067,2,207.06,2024-01-17,
4856,23,G0037,3,217.09,2024-01-30,
4857,949,G0034,1,227.51,2025-03-04,
4858,154,G0062,2,100.05,2025-04-06,PROMO04
4859,175,G0006,3,65.4,2024-01-24,
4860,43,G0065,3,277.19,2025-06-01,
4861,201,G0034,1,227.51,2024-02-06,
4862,200,G0043,3,253.63,2024-12-28,
4863,69,G0029,3,228.35,2024-02-30,
4864,262,G0057,3,123.21,2025-01-25,
4865,122,G0010,1,273.15,2025-02-02,
4866,27,G0054,3,366.84,2024-05-11,PROMO02
4867,12,G0012,-1,305.64,2024-07-17,
4868,5,G0036,2,99.02,2024-10-10,
4869,229,G0011,3,104.53,2024-01-16,
4870,9,G0027,2,76.44,2024-05-04,
4871,132,G0067,3,207.06,2024-11-26,
4872,287,G0022,3,337.9,2024-10-23,
4873,63,G0034,2,227.51,2024-02-18,PROMO02
4874,158,G0057,1,123.21,2024-09-02,
4875,48,G0053,2,64.52,2024-08-08,
4876,289,G0043,3,253.63,2024-08-14,
4877,202,G0064,1,85.91,2024-09-18,PROMO04
4878,271,G0053,2,64.52,2025-01-24,
4879,77,G0076,1,255.11,2025-01-11,
4880,274,G0024,1,136.07,2025-06-22,PROMO01
4881,57,G0068,1,125.73,2024-06-06,
4882,108,G0006,2,65.4,2025-06-06,
4883,219,G0069,3,-80.63,2024-11-01,
4884,217,G0063,2,121.9,2025-05-22,
4885,205,G0036,2,99.02,2024-08-12,
4886,138,G0036,3,99.02,2024-11-29,
4887,244,G0043,1,253.63,2024-03-22,
4888,103,G0011,2,104.53,2024-11-26,PROMO03
4889,82,G0065,3,277.19,2025-05-15,
4890,235,G0036,1,99.02,2024-03-06,
4891,150,G0068,2,125.73,2024-06-09,
4892,166,G0016,3,233.36,2024-04-30,
4893,253,G0055,2,207.21,2024-12-08,
4894,209,G0046,2,255.5,2024-03-14,
4895,224,G0040,1,146.36,2025-02-16,
4896,219,G0031,3,339.08,2024-01-09,PROMO01
4897,290,G0027,2,76.44,2025-05-31,
4898,32,G0015,2,191.62,2024-07-15,
4899,44,G0042,3,256.09,2025-05-01,
4900,80,G0023,2,52.23,2024-05-28,
4901,144,G0070,3,49.92,2024-08-08,
4902,86,G0062,2,100.05,2025-02-24,
4903,291,G0067,2,207.06,2025-03-22,
4904,26,G0011,3,104.53,2025-06-02,PROMO03
4905,5,G0027,1,76.44,2024-11-03,
4906,37,G0043,1,253.63,2025-03-25,
4907,192,G0068,2,125.73,2025-02-13,PROMO04
4908,54,G0045,2,245.46,2024-09-24,
4909,9,G0045,1,245.46,2024-06-06,PROMO01
4910,224,G0063,2,121.9,2025-02-16,
4911,71,G0064,1,85.91,2023-00-10,
4912,106,G0051,3,255.86,2024-11-02,
4913,33,G0014,3,297.49,2024-06-05,
4914,179,G0053,2,64.52,2024-06-06,
4915,187,G0006,1,65.4,2024-03-28,PROMO03
4916,165,G0028,3,74.77,2024-09-08,PROMO04
4917,233,G0044,2,283.11,2024-05-22,
4918,82,G0050,1,209.49,2025-03-02,
4919,190,G0051,2,255.86,2025-06-08,
4920,203,G0001,2,124.6,2024-01-23,
4921,176,G0011,3,104.53,2024-04-12,
4922,34,G0059,2,200.65,2025-01-18,
4923,79,G0074,3,157.49,2024-10-10,
4924,158,G0078,1,244.12,2024-12-13,
4925,52,G0055,2,207.21,2024-14-05,
4926,126,G0067,3,207.06,2024-12-10,
4927,244,G0035,2,169.53,2025-03-31,
4928,195,G0041,3,113.26,2024-02-07,
4929,186,G0042,2,256.09,2024-09-26,
4930,108,G0040,1,146.36,2025-03-18,
4931,253,G0014,2,297.49,2025-02-24,
4932,90,G0019,3,354.11,2024-01-03,
4933,137,G0079,1,243.27,2025-05-13,
4934,124,G0039,1,266.45,2024-12-20,
4935,238,G0060,1,216.3,2024-02-22,
4936,57,G0016,2,233.36,2024-09-15,
4937,118,G0037,3,217.09,2024-09-26,
4938,37,G0034,3,227.51,2025-05-10,
4939,181,G0047,2,224.62,2025-05-27,
4940,131,G0014,1,297.49,2024-12-16,
4941,250,G0040,1,146.36,2025-02-06,
4942,192,G0060,1,216.3,2024-11-17,
4943,75,G0069,2,80.63,2025-01-16,
4944,10,G0075,2,58.76,2025-05-12,
4945,155,G0063,2,121.9,2025-05-28,
4946,210,G0052,1,212.87,2024-06-08,
4947,272,G0034,3,227.51,2024-04-30,
4948,211,G0022,1,337.9,2024-08-06,
4949,155,G0057,1,123.21,2024-11-03,
4950,53,G0033,2,217.97,2025-03-31,
4951,50,G0033,3,217.97,2025-05-19,
4952,251,G0032,2,84.76,2024-05-07,
4953,164,G0074,2,157.49,2024-02-12,
4954,111,G0064,2,85.91,2025-01-16,
4955,207,G0005,1,289.63,2025-04-17,
4956,199,G9038,1,273.26,2024-03-20,
4957,16,G0006,1,65.4,2025-03-24,
4958,197,G0059,3,-200.65,2024-10-03,
4959,251,G0070,2,49.92,2024-07-01,PROMO03
4960,161,G0013,2,273.26,2024-06-08,
4961,187,G0075,1,58.76,2025-03-10,
4962,128,G0046,1,255.5,2025-03-14,
4963,123,G0048,3,116.64,2024-12-30,
4964,209,G0006,2,65.4,2024-02-29,
4965,69,G0069,3,80.63,2024-08-07,
4966,44,G0028,1,74.77,2024-12-19,
4967,100,G0079,-1,243.27,2024-03-17,
4968,25,G0078,2,244.12,2024-11-13,
4969,159,G0079,1,243.27,2025-03-18,
4970,116,G0041,2,113.26,2025-02-27,
4971,33,G0035,3,169.53,2024-01-23,
4972,6,G0007,2,55.49,2024-08-21,
4973,224,G0047,3,224.62,2024-06-06,
4974,13,G0066,1,241.7,2024-12-16,
4975,213,G0031,3,339.08,2025-04-27,
4976,136,G0009,1,176.47,2025-06-02,PROMO04
4977,220,G0075,1,58.76,2024-03-31,
4978,66,G0026,1,81.24,2024-03-18,
4979,86,G0042,1,256.09,2025-01-21,
4980,56,G0075,2,58.76,2024-05-30,
4981,157,G0051,2,255.86,2025-04-07,PROMO03
4982,194,G0048,3,116.64,2024-08-07,
4983,163,G0036,2,99.02,2024-03-19,
4984,50,G0069,3,80.63,2024-12-16,
4985,196,G0058,1,231.17,2025-06-07,PROMO03
4986,74,G0008,1,134.23,2024-04-12,
4987,111,G0057,3,123.21,2025-03-15,
4988,52,G0069,2,80.63,2025-05-23,PROMO03
4989,900,G0018,1,221.9,2024-01-29,PROMO03
4990,268,G0032,1,84.76,2024-09-05,
4991,31,G0013,1,273.26,2024-14-05,
4992,278,G0027,2,-76.44,2024-01-12,
4993,261,G0062,2,100.05,2024-10-25,
4994,248,G0006,3,65.4,2024-01-11,PROMO04
4995,223,G0014,3,297.49,2024-08-30,
4996,194,G0019,3,354.11,2025-01-17,
4997,216,G0062,3,100.05,2024-03-08,
4998,95,G0013,2,273.26,2024-05-30,
4999,280,G0068,3,125.73,2025-02-08,
5000,154,G0014,3,297.49,2025-02-03,
